variancceSgd0,variancceSgd1,variancceSgd2
34460.71065302286,73015.58240013357,62019.34295873628
48780.65855216705,94767.1674023,68420.25838331695
114337.38410710993,91928.75597818504,125563.35615421941
114660.22058917118,120082.13326847115,99261.63676503001
91359.07461318746,108597.31661491381,131550.02649036262
179767.32364741486,114315.69026817402,176539.24694054003
111251.64362961183,157308.66556040014,181246.58208485195
67621.36481425987,142655.07968286757,163611.65937702783
103042.47825367878,165070.6286302548,274126.90687130915
173122.87101654807,129358.45472697,382818.8300163053
127016.50041954231,135863.92763848684,329695.2657874714
128392.2177155599,196290.55236714962,309463.9830258254
112219.31764594514,173223.66437648586,432170.2683224792
102628.26510562818,216739.82224817193,405659.32995963446
104342.87093931493,290030.94442210486,460716.69608307595
111926.10132000418,226517.35290668643,633926.3962044785
107309.3078053086,232712.85899605995,441949.80892249895
119598.71566941765,279500.42032381776,586953.1802620655
111609.38209409334,360785.12529218226,506300.95537641965
71751.10062080304,328944.3482495373,710164.937196506
57644.68256996044,277538.11992253567,562091.0184510695
69154.74314852405,275018.6506301814,561932.1089868627
98244.4845043958,328748.48224419204,681346.9567617539
114996.07895448759,364270.15520973987,765870.760652926
119167.9001154404,347605.6593557748,955781.796929681
59479.623808831435,313737.36151144526,587350.0173227442
117618.2301173945,323820.0222410712,693583.7288113675
37876.871708853636,283509.5881120786,630362.8029376139
50949.59236108167,410333.42077061423,668671.8688360867
28118.322119877237,315844.8750920382,716393.6870697548
21378.469984292955,336571.1661232228,724967.555481742
40983.70875234523,359605.2996509759,705490.2621017412
35148.965222872066,343831.9645699285,716416.7796066008
40849.95435754332,316892.5344410563,1028955.0935099358
28866.33129768527,346528.6317354705,940345.1784235572
45662.24043383186,327146.18285041663,856621.4841366049
38543.63653328178,354026.820461466,933582.6331104054
79629.65643469985,320114.13329354196,797633.9442603585
50780.90735967767,542886.8650860946,824236.3625115444
79735.3723339948,340389.1260833638,970220.060822289
82387.53921098947,415992.8794735969,1029791.341824519
61043.36244194249,358805.59700115735,766772.2173936451
80244.99029364914,347238.66151806177,1250304.865922943
90782.66052230088,324382.5764335232,1392497.063833178
89522.39135953417,349975.7518664401,886798.4207988653
84849.69122973413,397127.00571322336,1121833.5573816348
82317.46991445163,257206.2020793179,870374.3883777522
87531.12714346999,304948.41441326914,862100.7211201042
81251.42213556932,396523.26836577454,855956.0209683349
88791.54752476694,248452.14740706494,1232814.0785820405
94135.24357526944,234413.53675826796,949889.0082995573
78038.61344095453,269393.2923718336,1149474.6540781602
81155.99952012002,298674.1447040702,906415.677558207
84861.94897136462,256700.90280903396,832406.1999961737
108425.27456169172,279813.9760397044,736762.6612073076
112688.64826400863,309931.6184721276,842052.3965373791
106684.82488822243,363214.94481085276,591529.7722335065
111236.94651278117,343824.5740739743,548259.464914035
123706.03260107526,299289.5120992316,660783.6582723374
140034.06615986183,414288.67197315244,404975.0836344968
132523.16491619055,469632.493636832,513420.06464267423
135887.41222414206,439957.7792763249,318473.6727992897
165589.19913572358,517758.84364675416,373853.23566142714
153962.67547682946,329679.39695051435,373540.2779389397
132484.4055594078,413865.56057065167,388065.4679667802
106991.222440808,413765.6032708207,353421.4262584366
162124.98698153172,431753.77752209187,293379.9611863487
155029.24463952385,362443.95020066854,414666.6056971167
156545.60184180184,349526.20910232514,605504.020830686
251406.76494169538,483107.0891999157,663944.001633682
167692.8140952581,502059.1158087626,768912.5159107628
173115.96853393427,421275.57533743756,638327.8488785533
210860.56851946065,412017.673720074,708386.8589084102
223000.28532049,389439.85046876536,731402.0623990069
190931.65540108996,402907.6328725995,722069.5866496146
148836.1566615598,499740.60747966357,579035.0048260757
147723.29009116607,442025.26726172876,752940.7001092148
160472.6146573379,361214.1780591336,881113.0976023629
137787.26975517333,430840.98626706976,792638.7348808865
166010.49915214174,429862.4985513995,1046112.8527325735
101485.94521205645,303415.06225817883,703231.3900011396
140333.29592927283,344932.69309926755,885098.4943094867
231013.08401981764,413790.2698384706,903443.7901701323
234499.900503764,315981.76510473667,658985.8284488979
268354.21368239255,323412.5250382943,572277.17382614
271736.976537062,403650.22470021516,696929.2281326865
300257.20854502113,417434.5974930369,723760.0762693804
282484.852480837,393402.50648776104,621494.8070432743
279309.5023397937,416431.899681011,590011.2636573766
362939.5215466097,462153.1179409831,515363.433050608
296251.17410756473,408903.3346808892,575483.1504129209
438616.0341563715,487589.66222709545,632980.0377431834
461117.61844955175,510740.0431368124,550211.817092451
656548.3433193134,571620.8427699071,493415.41210359824
442714.04332445597,459685.1350085668,505960.2080005687
466913.1364923299,493161.45278974355,528958.8986779095
722241.774364895,595547.429158878,548011.9950796084
631994.1322022958,592029.2449060583,379334.84267605573
487359.0917262237,562916.888387281,561596.9130972772
565540.5586858371,690910.6249588705,438227.9648919996
812031.2119834517,581231.4487523126,501583.76936575014
693809.1304091164,513010.98346603505,466663.0546183891
510703.34032543947,603237.0807408302,415310.27931446733
975987.2005916871,536535.1556119227,520572.5985017437
769195.3799766364,534905.0939658419,517478.25108800846
767633.6041175817,368861.7107027613,404765.22617581004
889590.8529030104,564586.4790440146,387626.67304626596
951374.3307145485,434789.70489635644,401635.01141758054
687499.8605684212,615688.4415399055,402436.20067602315
691156.2756758984,468776.6240151004,342096.87081802235
783754.6593537022,555086.4076469219,497225.5288078671
613998.7525275503,562417.6998810268,414647.2682596217
758146.8531164853,630042.989048291,401110.9947254264
678310.5988987745,592064.0201043698,333547.448859212
649197.5643168327,661417.2038008117,523481.3613994593
743153.9214693728,698851.5779036244,447003.0167320568
932060.4816983059,579845.6032720134,585137.0659335419
1107722.1854004858,617740.0429032797,530547.1597077119
796666.3641505756,583618.7231937464,405469.5376770032
605392.3124601739,650566.3406566512,391241.54521790094
686459.6454399019,463178.9564996117,430477.0446008864
557587.2101989622,630898.1703782011,635182.382632457
473327.51833436976,671234.8763525181,491470.7100039148
483547.2428601457,518360.209737818,465183.1592948947
797186.5803627077,637974.6068219369,549388.6662185241
608114.0720863789,721141.1492643184,477186.30676971865
859058.9991533819,682019.5852528687,446021.62271541485
556053.2647997376,592345.5420223457,717041.0558444697
690167.6826371672,723276.4556170193,610319.3028291643
722345.1353482101,833495.0932062122,694833.5985105262
505292.6063739009,845168.2739329991,481384.77160746604
460340.9411498063,735343.5733917686,466365.723476234
456227.85236561927,750321.9894315321,577101.5368714675
510233.66403494787,879088.3488790506,478300.55074418284
479593.85269831005,780360.0158739118,589468.8362298284
366138.92996169755,563989.5277951902,563550.9295817255
418841.82743741455,558506.0142301088,678555.198147607
455368.4627346889,666588.9954544185,694306.804901601
476380.6109243529,611742.9109651616,871384.6034538499
472812.81859723636,721830.9775610794,660166.2388052475
504523.3873894275,536877.8454884221,1009907.6717178314
388479.4491565529,627057.7574574476,665788.9683402274
384162.124239665,623716.9808741137,803924.7915275239
485165.9885610383,607885.4070715748,769764.8749264191
420564.919303797,532472.990214742,605184.3355333697
423663.84533564,496632.85832537187,869942.0904426028
438708.4417243114,465973.7164451161,809569.6990719071
500301.964292349,478016.56700057554,718789.3505447411
458344.88864032086,412273.0174968494,771699.2624082066
517683.78674432996,429667.5000751384,918804.2703823159
453868.5621647573,434910.2009447934,643436.7665928756
567358.9000747513,518967.77507553017,862464.8406949225
452165.1608689342,559799.758300887,954457.4995108744
813647.5075452083,583627.0295071398,758375.8789930274
535644.2452133828,624882.5926880528,887023.0988864012
706850.2856331603,782313.9926506297,753150.8899115758
581216.4595559402,549883.9701381428,882910.7066962253
702418.3320504883,757770.8425914804,705008.8399319061
716711.145825081,481882.55073309207,742752.7738091936
564864.7903887443,612340.7794463965,766597.0224784502
673911.8938336992,760463.5947105044,951454.9910249286
742962.9142982665,713788.1091918425,754361.1104878992
723915.9099643817,764691.646502864,822835.2213941838
849911.0896872613,906049.0742826636,765182.8674445204
860572.9691942511,946461.8873713147,778922.8560318283
828032.347137749,561288.7493147717,752975.7853541946
958227.4696211105,764043.309753278,1107814.7323829702
805772.9209866552,767072.4351780848,933299.4764176749
1015788.3903382015,622694.6006995023,1056604.6769327284
865378.9249325002,706172.9700617183,785612.2846420726
794856.3883346725,619422.2230093913,766401.0564528068
742526.9082097748,616053.1251774011,778188.3674076343
633247.3891598821,559154.3733971424,776630.298984401
692403.4948596816,755355.6822408405,603050.8759752722
881833.6889567815,573156.3798271999,619912.1980429981
826410.5717573157,538361.4613255716,542269.4809130817
1008747.4912904131,537574.2656336622,563279.1750728076
1173569.7046898862,456444.6907640624,601566.9301640893
941808.898035815,376913.5478486208,735080.3278833008
934686.7846533825,433695.1903114871,702222.8909711777
1144382.286062132,388490.7138050867,542255.3413316484
1033809.3018645758,413988.2950256195,676129.8615724009
902849.8482906288,342928.8388934756,522064.8652245773
1096129.9640896711,238383.4708816593,750740.9011109553
886033.9132321104,257583.5760706257,751763.0554494793
968831.1086236881,299186.9234596796,713173.6965237146
1100669.3523943461,287971.38642348204,843904.0862451913
937194.8213574432,283907.3740588854,1095694.5840782279
1363304.324970914,312120.56595405296,843232.5682422393
1448466.7268944723,277967.69813169213,1131794.177251688
1166652.5744326604,250920.17352659767,776952.7120580755
1402655.5483687567,365700.0549315023,1024079.3513723614
1279494.5476535128,248308.39909969957,972128.5953970542
1271189.9457692644,216388.29220717185,798792.557213349
1588934.3557382682,243602.70165476316,852476.7998647188
1236485.4363195784,274758.17927495437,884015.006504769
1218091.6908909683,280411.08654958126,1011057.6913989764
1127372.4555600362,306503.9952322474,1151571.6861801315
1105926.5551830933,293626.5247382462,932451.0001962315
1240365.5899293364,222047.49888079928,1110759.2537524235
1616566.956082411,277471.94852358446,1011885.8308317929
1066878.1792641685,284933.4608206116,1061906.959070724
1177031.2477612165,291185.21985084534,1101265.3699000473
1140561.4652292612,303913.5523154421,967010.2395959286
1038440.036299093,225856.19885838337,945043.7491425127
1308282.9979055307,291605.4977901662,939917.0988733954
1403576.0321395993,286528.97480604355,1104847.4507340593
1375520.9392912746,302123.08185856324,1060586.1894371896
1325400.565102796,272685.00108435994,1112691.134313126
1184429.574337979,204270.93917019953,891088.1360186299
1029223.9327508878,270844.9882356005,803612.8012597808
1203747.3479151689,322169.96500774584,820896.3681094715
1309936.028989071,294671.69422193523,1096175.1452169153
1084112.7491740477,309213.3035799826,1030542.4225803161
992156.1023338803,293955.4964496523,866902.3773068917
1441168.1865950339,341536.3071861995,1130877.707789045
1221411.686683848,285544.457764994,857593.8492017923
1270173.495878933,273267.27971778327,911410.5104713314
1314214.5878664432,320423.0177165328,862744.2842329398
1207293.3943560156,353936.88934435154,822138.3274697708
1048859.9724661312,293235.8369310411,808304.4132580633
1024361.9219393816,232641.01210546322,634256.1106468671
891921.8640178541,296751.0824358531,724790.0765264557
997397.2236064379,328771.58581510634,750832.8146192842
923428.1762034845,246386.81011941432,955779.7743058531
735229.7413032514,294608.6115634646,797258.1966524172
673125.9925474874,322796.949994795,724671.810800605
857975.824429196,282510.05066829117,656768.9376543727
675317.8855743082,227181.95878636758,745558.5670852216
507241.3994281299,241209.95232102962,642002.2227590162
359333.24233599694,222755.69549229078,656335.0736130342
399080.25626911013,226575.26145717732,605296.9455376293
402323.3800072803,216578.63566297726,534222.9050236433
360607.98028971924,201648.95593728137,451702.25985215337
309548.09944139054,167551.5421566706,563486.2025503742
367127.98591644794,193371.76357140057,545501.0283856528
417543.44925615087,198242.0551931213,643105.5394181014
370875.3123485563,182053.9177694398,575766.6071101471
293129.1288114683,204422.42215261547,557052.8919480527
352265.406998381,166040.82937021993,477919.4267722658
467578.07922019507,137332.07543106144,633312.3083034428
455827.5912307026,152919.11610658764,475232.5600395427
533190.7582382823,175408.04836017074,546809.9369680949
587382.7287010192,173224.84712636535,486555.4025832154
667441.6596349527,172854.2502763137,769675.0876535578
688759.0081848893,125725.89427376322,553668.5709929898
793761.5532436288,147122.5455404897,498236.5239645626
771001.5406545082,125818.10455636057,484990.0082229079
577555.0058581037,159252.3428604669,449675.9985881442
814970.9615463756,188929.19232709325,475929.5695232457
1169350.7936765167,153100.6752638862,423945.0666310307
760038.3570778166,147262.88504416932,547053.5671305136
795241.7558512007,153110.6031395458,440390.1187867607
1245428.5338372996,150788.6079393471,469081.8839763487
1071577.492408732,139213.3289622917,542752.9062084409
1038339.3602649653,167515.65425342048,608695.8453809302
1061653.7506472748,117889.79679749352,601285.5006791576
1178440.7691182764,159478.5392703123,611961.9986745392
1132162.6711662007,96026.58686168955,564688.9364012552
1240771.4965569384,152161.4032207173,439137.9644771873
869487.4453947422,199083.03131517486,533592.839518331
1240724.2216842216,110102.06071429106,627984.5951383716
1301025.541081211,137613.99405586754,681268.4525970257
1148850.1249000863,118054.95273173793,664830.646916157
1083846.777844781,143727.1465878348,458102.00261730497
1399330.2437395037,145176.2296297028,679401.9545285533
1045863.3844110814,120688.22345697804,675508.3061630438
1109251.47499579,110974.836853493,882209.7829480274
1092478.6699860068,132129.94267138717,596712.6516501169
826530.1892001429,141337.66013072603,412290.83541661466
1186058.3139700394,111390.52276131793,538706.1150829415
1187613.6885653522,104489.19448274511,576736.7930879124
1058291.7502055594,97760.84764179011,779089.8515705753
1253277.677229885,115872.25835926778,620841.018545894
1015420.4647779916,105124.69353261149,749298.2459586016
882552.9139166827,119067.23234833796,602109.3027303228
952808.4187051497,101711.86386383552,486678.46924083156
1149680.2533848947,138372.5679651963,606467.1511281207
893876.4355644012,148566.47142295027,451218.17025929166
1245370.736696031,150701.30345825554,547453.3970602727
812362.6387886679,109470.68667780168,625922.2929827594
1004078.0885293147,130807.22395223138,548520.8499289241
812860.2811989064,105492.6725765492,630735.5323000199
1101269.7199515388,74369.7154274756,645387.6310285998
801146.2683564397,101230.57339944864,581805.612441268
825237.6567254971,101904.48542094603,575545.5086539419
892275.7386025966,91828.38308241138,809962.2136006176
962877.5196990655,72926.49071608185,534570.3462160331
760638.9449020387,78818.45556746703,749171.1343936155
716625.5579820748,94717.07896859587,601628.5044802546
704039.6717017398,77953.10417798039,591232.0012142544
943255.2713396982,69251.8995056125,445973.75932578335
1066631.740731919,106942.05612940833,638873.0399731034
1066399.9580559053,97820.20085700654,505321.6457084841
969927.9682781148,80591.98076444711,393721.85994821816
975499.4992396673,75661.31915519634,623261.9124039471
1066129.2290267043,117015.73062051961,635000.389931839
710422.098968281,82421.54281880896,665776.697015535
809235.5755379144,91212.12768859557,634020.5420774847
843085.7480455294,66290.82298407989,556061.9910049055
1226342.9805356683,74230.19602474083,722592.6612142872
1133510.4135229927,76563.31522198873,585343.58726989
1220234.317423107,69512.6123499232,721543.286317442
1346174.4399604416,63531.1067179055,1165005.9972369256
1395616.572902605,79573.91080894165,688898.1769719496
1230273.4337306796,70561.31855510655,1214249.8109765798
1302265.6807990044,66764.94938884636,813979.7613003289
1003088.2487926162,66513.64724364787,1256012.2507467594
1106114.433711487,83163.26298827904,871957.8428928405
912410.4554476909,66480.22096787667,1016726.2945722204
1045760.7007620463,77494.3453658454,1222156.0851766886
997789.8960933724,65746.05136557508,1461344.251108165
1062466.9977076766,61037.92474773277,932459.0124834796
1093533.2433354412,60385.29668727425,1150150.2793683938
1044691.6269894306,47657.347825189514,1524309.0205286173
871742.8625384755,53507.85582871782,1384980.0022502192
858159.252527528,85650.52124215102,1370058.2442209367
779624.9336240923,56922.51652182414,1528384.8184426138
789749.4801216202,47269.90007945808,1208962.3099730015
609896.987969374,48193.49660697008,1579007.6912798565
621805.8531236334,60485.28328165293,1623840.3549564658
879121.2455091077,29890.690665384398,1532043.6986815531
492883.4859107528,46051.00942178028,1212436.8155099207
584016.5739469657,39570.25427284843,1200735.1479313904
570715.3109169193,30615.740227279915,1648266.1474299277
614932.0162447155,34001.04150427031,1536531.6166263246
781597.4850465395,31069.8228812379,1047049.9938876047
537697.90538263,31602.63283254637,1464916.2262503656
538662.4356026286,38632.262663522255,1516039.9360129307
595985.1901434201,39720.01774123723,1419205.8443635618
728648.2919860788,48339.4571276682,1193904.1444056141
603058.8931842109,43848.962740607516,1173710.6307152766
522043.4982930707,34107.27410084936,1670557.3880150644
665538.9107278915,37846.78940483648,1433510.3210881562
498098.4113239413,36865.26472757009,1361874.271085931
606143.0284839039,41664.05515500773,1881625.6823186444
726103.060351481,29239.43594462226,1548147.1853296387
867383.7558325989,36382.83894549204,1246263.288323776
864770.7003462394,39906.48223234063,1325066.7808734172
658665.2010437739,47005.535895310924,1321652.890116199
865294.1866732365,29657.495965323615,1384530.242996328
870972.9794498121,42548.66292080411,1575240.295377838
811066.024800772,43660.750600285755,1439324.3165370056
1057565.142355608,39489.308316793766,1579183.487375823
680491.3097912051,38451.50350027652,1404683.071375279
582439.8396125494,38477.90563023523,1175684.7512443748
711861.3391780427,44661.17374254664,1527452.4269379587
921762.5407781868,48127.586177613004,1856744.6613103359
778976.8427584006,38375.678184374694,1440080.9451854853
910444.0428600108,33502.95323432637,1571402.8134935522
818916.0482762477,43130.152029766716,1610904.7904074767
669987.5796798812,35822.89280058992,1335860.2590520736
640488.1935194425,42114.48296643192,1563681.0910969274
828842.235257779,48714.230638674126,1282608.3364840245
645768.4527558604,30213.06748390103,1316507.5498220455
580786.4193735105,58446.96140156845,1395390.945039209
600665.291780172,46450.88721594875,1165727.7528444391
493533.22631906986,34826.86388135837,1080036.038157373
603590.694428717,42028.751945172036,1180228.9353405247
670698.0562956601,43163.97756860878,1685982.6766996759
634664.7427417799,48531.97985565145,1277162.914520543
717674.5772740792,47766.6506568264,1367738.1600403
742450.5674894073,43342.72824858202,1118046.6104287899
935321.4728219463,40464.97473716119,1266490.9802611494
719144.8137838381,50270.88839148019,1022059.7660560743
798375.6191524895,41703.571037537375,1292068.4444216664
691698.4629107206,32977.621910739545,914671.2871158946
757960.6254085827,41976.47066981289,1135857.256422093
825094.3877715317,42965.27102467486,1369197.6542645155
816763.8459273723,45722.937923062695,1095826.2579906366
723021.631161964,42615.491397991595,1351559.5835633143
735524.4240476646,33419.05826204634,1507795.8699808787
899141.3352563304,31672.860797160694,1246682.0248624748
721629.3572966929,42043.77015291026,1216035.8683610344
1099823.5279601952,31814.334056484542,895470.7879739564
847901.2849064337,46784.50993584814,1002792.4481706077
1050043.3737719795,38869.02091770581,1692028.262608306
916974.8865490118,34544.26107530785,1619690.8149860054
884864.4687917575,46774.28749617271,1375877.9230534686
774741.0881698878,45154.21669619436,1208203.8795426658
1109376.0292494856,48718.65070888672,1143980.6371116727
885245.8187161447,61792.403118436254,873101.3209387857
1023968.3805036119,43165.97337279181,1210473.0071374746
1149770.085234832,42071.54557659706,1251342.3178505104
1103115.0061395017,48773.29160807715,1310102.195262296
929652.2527745559,39795.92401396723,920919.981308297
812881.0560613746,36106.1206222781,914236.6872997738
1021936.4201152669,47549.51565260162,1462455.33194552
882404.2964087357,41759.25096493392,996282.542355719
867033.7015980186,43143.48369929567,1097214.8248929929
920779.9597119538,44343.6351331212,1439355.7634231178
846573.327264803,34370.41032943318,984325.5618026694
707619.2726712169,47923.825841689824,1178108.196605476
754205.7345747385,39109.28959182677,1045352.9031348685
659891.7724416272,34660.51765554014,1421901.5355570419
1019174.0879484832,42940.79538683469,1120687.131279382
705172.6725961743,44125.230969229684,1246391.6968573285
661829.0602526449,35276.353212344955,1295090.8641311056
746983.3036307457,34054.35327204423,1170684.320162182
662575.7909262453,38748.219511484815,1313463.8833814266
607969.0752210553,43450.84761939588,755678.4763286929
688323.8660486399,21991.89631068165,934430.7234157665
820239.6503644115,38148.55275412452,1272743.8987323446
744017.3570854067,47189.14750362199,1047009.0117437716
603249.0205560315,33575.053510783866,897265.5993854363
577917.9886141949,37045.40684698014,1330990.5980981158
663924.7435213666,34028.50587575492,1139811.3306086767
627031.9963023742,41166.44363670128,870485.0295439255
668426.4577002148,26650.2597806469,1046193.8725449087
634093.2676677352,31745.752339861225,1128708.8512434836
529088.2204611626,42076.5665919354,862706.1397964275
516463.3267963236,29817.352462777355,1248596.0394862206
663261.1997833601,35771.16432855956,1549334.5470212074
572717.6117283754,41686.44837976273,1078646.7730709093
593304.2244425449,52648.84901108187,1198259.216010645
511674.168621325,25867.833424153963,1018727.7575057708
673111.3104388206,35667.376958581604,971819.1497678009
579927.3467163277,35356.42538970303,979045.0803388003
644852.6760506347,25392.154723581447,902052.2123733906
680104.3634270655,32275.081931373054,1035467.5077877451
770976.3508290644,32009.670900060595,1198045.7243263747
724163.8769854689,34928.71976621842,745022.6108995711
505327.6532607293,32231.959090718683,1481718.8376278735
653548.3949098657,33207.239969428374,1066280.819605539
563117.6685197178,40194.870001832416,1137610.8552642986
664485.4018164421,33075.038354806165,936947.9494523901
611282.4727746563,32879.012851936655,1119124.9632643422
669681.5334821872,31673.860478131755,798513.0080278859
507504.4935874351,33912.90861874129,1228758.6409240796
716488.7318488043,37392.339982875535,744612.3418115957
747234.7760892981,38028.368339077235,668957.5831842703
653345.0518321181,39805.78202656206,875864.3649373691
705336.2156918012,34156.54235445655,857173.5666777987
874330.3715818445,33693.46004341672,1005012.6407219709
739557.6004206005,34617.062748166005,944841.4037485068
780890.3622620639,31836.69793395097,1094267.3877107485
754686.8042122696,32698.279411834377,1376254.9215746564
766578.7545585036,32782.18507707346,1193047.1548619177
905533.0731702913,31949.310677490488,1430376.8814269928
707889.261085927,28799.690208344084,1040219.2398052034
788070.6906645522,30328.62914216821,1660869.4383723964
957945.6278539307,24843.424716039102,875530.5100755815
874121.4933081637,33038.42416109893,1050084.059104879
1016798.4000708231,28673.527982948624,1168055.692040326
985956.8358865274,32667.544936120063,1066019.6910998323
931890.1804840488,36366.81933452292,1186704.6059099347
862692.3065442721,22438.519154195965,1091135.874501401
782399.5921170341,41856.600731906,947690.0921393384
919133.0850381013,37264.210513061225,980856.4335253482
789824.6134759439,36420.72636083225,1263469.969795966
858491.725717547,32336.665816677643,1257255.6716811424
700806.0271358533,30109.38842035032,1045444.5278945816
933906.6421180763,26734.91459928463,1147589.9170758717
815617.4253936994,33744.04135676664,1244252.2447862157
1057552.7552351593,31339.325635260415,1074182.6749188849
917908.4019652558,40330.16559298153,1177560.909220809
1445300.4851967078,39226.18965092221,1267513.8417873727
699362.3053132168,27675.657668730328,987965.2483597726
1225150.973634199,22240.14255557994,1051528.6109875548
981893.3408428753,32415.599679570183,1232551.5994665327
1208684.2884137728,34623.37640562579,941488.3306284614
1400736.9803886614,29034.7784139782,1244017.8793567219
1145463.7291730158,29817.191051431582,1433671.6344633647
1023312.813640778,21062.839708526706,1206987.5127525846
803901.7180977879,28855.354009574767,1597961.5506461775
862037.765082027,31256.266441950138,1549123.6944556024
853247.5405327071,26215.67855970805,1410186.0133083635
730151.3752735958,34364.53284590499,1142963.638133803
856693.1263233488,30823.5401493872,1195649.239306699
847781.7310376453,32963.54793158957,1312923.1379835692
994877.9493611684,36025.45203315514,1060995.3880502419
1096504.2381963395,41448.94477633854,1121429.483828329
1204398.7388429479,29395.450079662704,872608.2278735372
771668.8971802597,34607.75081953768,897767.2590954959
742785.8847115836,29059.086258316205,1199596.0493241798
1099391.942500946,28868.296899510446,1269440.7578501084
789867.6637414625,29667.58051162163,1059994.0067252894
753085.2616680202,30816.32056634916,1049680.6552607862
843317.3060149769,24792.02905827793,1254320.7284571426
664088.2907718517,30295.191495532035,1223902.2260115186
800592.9418989059,23018.973701301,1302738.2815746919
939964.4407854986,18906.475073058522,1310404.1107549588
662533.9729808415,23343.459926279123,1687347.6075968095
481896.9999937664,23696.886912371046,1522878.096322286
651135.6676479935,25899.460965746344,988934.2399932083
766024.7223301996,20050.298997288133,1215453.7101523397
613427.1115940524,27176.988224655506,1197368.8032461484
672788.9931451046,28342.8771177109,1884261.7550632872
562406.8452054752,31872.597037935448,1197388.0458244127
759097.1220645091,24670.806155723538,1179334.1163075434
843998.2453474915,24453.09424660437,1251417.4797451438
518543.07232193765,27398.851591292012,1114055.842979314
314477.4606824324,27985.08610730481,1306067.896988439
333841.11414129793,24169.437910280307,1309324.182830131
519654.3148012159,19283.48146544904,1525419.3824702036
444946.87340773677,27337.64695510216,1246862.634040576
404550.9938021816,22214.330492104677,1419827.716619675
464610.24748952803,23181.037096077423,1149382.8669508267
433365.9415890445,19999.313370871227,1050675.2150976942
385846.64670874993,25074.21696030839,1872384.3655589786
407829.16952038906,26488.141000972228,1537473.6630799437
485288.91312089184,29219.8551583796,1231149.1198191391
406319.17728708347,29541.68945553541,821753.1354120005
307860.28798771225,20779.436105137833,1474685.2778706215
400900.0038145584,29632.685292069065,1236740.5393496896
378081.6176473254,27303.12113596625,1248159.1738507007
423758.97373975255,30410.8315337411,1191567.8205759423
490810.72253019334,29428.130796090438,1341488.3416622444
460533.91450093983,31344.536918928676,1064568.3752766694
425062.42079643335,30898.986449950236,1142937.785829543
495153.0313968232,26378.48294785762,901763.3962103414
348125.6207677666,32908.65611979352,1293831.709920013
368616.6474098995,33533.38823744506,1101420.596036719
462957.5222826779,35191.25070299936,1087935.624306347
378607.98542711296,21286.288808201534,1171503.935675328
461597.8261043851,35845.922695818546,1104094.3361004018
458114.2028116689,30751.475523209945,1740987.8836999915
480464.62768745085,28104.95746907162,1771856.3405024277
435432.89038377954,35603.66484924346,925370.0028277356
477935.5959603174,32759.880154063496,1132864.9859205782
528082.4099704041,33789.163642524974,978983.8891675011
481421.67301785725,39446.20057490964,1141119.7091996258
468909.6318102032,26829.02029008606,1128522.4204996473
372315.4063956136,42429.747859035786,861795.9977338974
400040.8355478308,30667.160807210304,1496354.1488810969
543593.1437639159,23518.470730157685,814406.2020140681
308698.85145214375,42128.44309575869,1072624.1801957192
382716.7841393232,45501.371458725465,1002239.8754882088
375227.0293827283,45895.05830909402,857551.273391301
505370.97265771683,30127.015184370037,1149499.617410977
445293.5852432166,37769.87967065288,1199243.2886474128
315854.0502163863,55979.19854506539,1262420.6521002408
357779.49526430084,37175.73292071352,956965.5800722879
296786.15382636775,45776.14616208177,779071.0298776493
314131.4542235044,35710.505885240884,1116197.557586718
274548.22269179986,47761.736317493574,1245357.6359353655
391802.3209691878,32891.74106618876,1098493.3403152584
312640.30996812356,28169.314005456963,1106282.7951195147
397136.43375994073,36084.654330005054,1170806.5039344984
330332.81203512754,32942.80927178456,1579488.4268965959
366763.32786721236,28316.46784198883,1589660.2396881497
332470.0264447552,31915.269770032202,1294649.033928793
446519.4976016895,33336.223690875195,1401567.1701300566
426462.2754640954,46758.66595689955,1177645.3206550134
428887.672114311,35571.43629688425,1190265.0966938965
482632.8291921175,39706.792311931,1672290.3937831756
500612.8470042968,42942.74842654889,1219620.8804662267
407813.13572013,36868.06342079632,1191792.3861875997
386381.1502470317,42047.46194717669,1009616.2852943302
392125.0604697843,31803.152496801886,1282916.5784871115
312266.81830593187,30084.16397719393,1488676.98862331
314025.617901324,41744.38719810636,885399.3598726024
330861.8306126947,34624.7586755513,884681.641867677
342895.4109868988,31587.16925713206,987193.7428731875
423215.6752312103,39399.18320252393,1108659.477644046
365946.4962176929,35498.083598767844,987084.5381504338
324668.71813709085,43815.40135936113,1177963.4111631308
376738.6925294277,36814.49026473456,1108562.9663299604
276009.1349806589,31349.189136607114,790437.959308244
382986.53131655464,38232.14630953329,826812.1461088513
255170.63432475587,30639.81822936747,1144573.9379120867
289083.5189497341,37544.49268225839,1175914.3060367452
246228.21423138664,41457.72313137529,1142243.3915984074
252079.86401412118,27314.38548546074,1622380.6890824516
187896.76415056898,36331.73854522756,1176150.8131569126
240478.24676827175,32184.479925264688,1067274.4859401283
230727.2537832686,22282.300451477873,915902.2340799224
185561.55785632954,31391.48345840666,1237870.5256993053
235848.57309658063,38581.03452240657,1591999.894042689
183086.30079197435,28088.853123556066,1012504.8641515581
295256.73852883035,37203.698518650366,1642253.5932523245
220750.54987441748,31326.21594915937,1035893.799764225
233677.71937620116,26563.801137782033,1746732.4430142797
163061.1221562712,36503.96612736286,1306121.9172875262
217114.28438146762,39917.13608056757,1598198.5651608424
157724.5012456827,37080.09746019285,1267546.0895866766
245191.22366805677,31361.98866248866,1343587.586549799
224475.02103458188,41835.86374002075,1089844.55002552
166322.34349863688,32859.60950584855,1495904.2088959324
217261.57202927565,37296.049397436094,1406455.140645125
219961.14548149385,38233.67431552362,1341125.1755385601
173968.54992209942,51124.55072501897,1057153.4951827312
211452.845192109,37326.77325527754,1224065.4893997042
246418.11455549486,45319.48698718247,1161162.4158304336
220172.0057890433,37841.53482489885,1540898.958595207
187653.34646691338,44930.26875130264,1380589.8728790933
184565.95631372917,39850.09879723545,1260911.8112658367
209119.95482985576,51983.028870669106,1632345.23187388
230977.52315837232,32020.126892353197,1919759.9018200361
199201.25653097313,31788.38640124392,1847207.495974324
190285.0990049155,31239.090732398938,1335744.1336269868
228820.04508229223,40880.69705003881,1268021.4666712426
288846.4264750758,36878.294044732684,1133205.0161844671
267727.73998394294,39408.14697139198,1120815.894639078
301340.89765831677,44669.76328860367,1634046.7320269486
339842.08336021483,37260.3299868644,1383317.5466176046
272949.5838170695,36748.2259672069,1458466.288967871
299090.2787756214,38318.61150652685,1579765.569499818
305378.5118064426,32702.852179848196,1597536.5449525183
441104.1744142113,35756.044246491554,1449827.9925680151
297974.66904321185,31602.837425639595,1485826.8158769053
321490.47564748477,32675.99037783328,1289052.0090484633
426707.4957497626,35633.326124680454,1519702.6601647208
419214.35474445357,35139.44758400548,1231789.6842316294
369702.90203045285,33309.25228053762,1823361.5271631088
449800.4717116308,34487.833805705464,1712913.7728654894
377816.56704963505,32442.671361770303,1168275.11576449
319713.5806841936,38725.548881259354,1159899.6482252511
400008.64653570845,35680.13414891952,1278450.2756925728
418394.01889679476,40133.79054391853,1104301.4253003988
430192.56262924225,27248.920780619657,1163334.2057409273
309655.05915063625,35990.25005285316,1803805.6804081027
396821.523164604,38462.214495143446,1267309.5947594652
373853.57623684546,30884.69722797424,1136514.039451297
282911.93486420903,36781.62482819436,1178808.8137411813
337919.8448023641,38855.19396753706,1182249.1267716992
337677.19818217074,36052.35190597488,1165110.5323687277
300283.0911873568,33060.85182532018,982242.7574059053
293761.3314819014,44036.963015794536,797961.2524865281
407595.992247012,29244.5231476459,789097.1380758501
323383.029850492,35958.77218210913,875253.8847035456
293458.3717629048,31589.614933626384,1618882.4093371993
405109.16900838655,37920.38833803024,1320418.885974455
412450.81827215874,42844.67546000551,732813.1908342906
487820.197349593,49860.759186630195,863846.0449943912
458805.13432931056,38223.743243747114,1470416.554516681
339817.2635580462,44553.99343465455,1039612.4538520982
344455.49367975217,31993.854661601035,754139.0186388376
417570.5042239671,41270.79394610032,889779.1389192196
412088.7338090412,44803.76747497941,655784.4605407012
332268.26915378246,41647.61979280191,845355.2363205228
349301.52098208934,32633.592922157586,605485.6999650013
362305.24450608547,30287.26381022182,1010977.7844682239
433768.81869655143,39117.20501078601,808148.5368732056
310064.4070951283,34137.66013736381,766324.2020681184
320001.37140507717,40318.46752660683,697768.0070528933
340847.94777892967,41497.72745155471,595391.2670395533
319593.32719603536,35164.92868419961,486259.32121707627
288735.795837251,31084.61482873837,770712.9888197328
385811.12037454173,36458.96126045102,678627.7467062225
296712.7806320997,39326.87320375106,889408.5439554065
420382.02634208987,35369.88908487379,826846.3438146189
376487.53795848275,46649.53082564509,682232.7122252961
442759.17967750714,36389.45127132392,595358.2444042999
434744.1830695724,42652.54815442368,742511.5048011901
336184.9891234621,45121.66905940079,519976.10678731103
375650.2386380959,35220.67894340404,595929.1965746137
381512.4546445554,42752.69145988129,537138.425737846
314775.3888543342,48309.61635719078,649967.5952936851
397283.74271178,48018.95219940311,493895.84122885583
482418.08507309976,39239.9288995371,639501.9940864869
426364.3409252252,43454.58448776717,572702.5108513043
408509.4264301278,33664.58973093884,788435.1324072466
422615.8966271628,37406.09168006078,726300.8158101786
334389.4451790757,43790.74662138724,726388.392245449
323902.12708894594,37264.37947234999,710587.9272062164
303686.01136784,35978.85569118633,683135.7008636754
313970.7026660418,47614.16375441903,792848.2601031254
305028.96594380867,38144.62514465888,769372.4780095515
364230.91928748635,36586.31260512273,771338.111621123
371132.25916761893,28534.098308104505,853478.1881499941
321804.29198166117,31858.380466309645,900999.7562850207
400150.74038931326,36356.62315258081,779467.7638802906
273187.30496736453,29424.525512904154,892799.8584529273
353333.8614132887,33334.317156873134,797427.0720060273
317470.4956203107,36497.632958644506,1006456.8577347691
395665.7092948933,33501.87275406417,821519.8358324086
495645.4145233831,27045.470656815705,865467.5140567396
447384.4537253274,27952.994365749302,928997.9499170767
445960.29041383177,29059.771721530753,977307.3972928252
389176.27609305293,26240.78860239571,838807.8598519389
538413.8646874444,33657.213511930335,810827.3320528053
591482.7932776981,30884.87776861109,832256.6211914709
593380.395645217,30789.655214198083,1007900.9702357614
610199.3330803913,34160.13946511084,775988.4978159281
632703.7564719544,36712.18862565655,1029582.490879549
649131.1532166088,35689.2063815063,971944.5141822284
536611.1363944903,43014.56201670431,931651.2037342673
466120.3752509309,29991.95642719395,1021095.7314395157
551658.759506895,39541.29234611636,957340.9701483356
570402.4563195887,40558.80494919728,938266.7657513083
539504.6382518058,29128.603834081794,553485.869040427
488009.90932089207,26740.1627510111,955918.2436254674
440858.3404727923,36642.371109901105,913858.8023518083
590481.753174877,30871.415719400287,791670.4890192731
405959.6385211731,26009.563192899233,978993.6258672778
633588.3822604278,34202.62804050474,1209167.545560884
585173.8379942548,41606.06715380638,847001.590705592
409277.1790227178,34454.942563442295,633725.4370352535
520473.959247584,39080.024193855475,748597.7550466163
512850.31196376815,32582.486563287508,666682.2474017801
509660.06050854624,37340.08640507361,929437.323439209
487159.67047671415,29434.15553152064,756369.9089127546
591727.5454374857,31984.4909774691,828204.3783082869
511444.97726837476,27222.668079394523,606140.8567671316
539543.8263379704,31069.201228411875,788882.3750670026
610623.9182027777,38858.7378911774,809438.2042308282
478500.02768543514,30126.110617871895,803008.1622689964
468016.87635000213,32271.679171012107,875671.4998311974
512201.77374932973,27784.831728078654,904616.3394371509
429571.81015055586,26727.103280476804,514378.9562455863
379589.18277806486,33887.75780261147,796650.2963988275
409353.23388069135,27824.136946318213,781946.3022284529
331886.3844055917,29605.27085592461,629931.3797977334
328717.9140568326,31128.102934830247,441315.50998488104
320976.54711858334,31973.911345840505,678513.1981196508
308549.5403589733,25593.313113780114,549046.8206511489
347029.7835459518,27041.583525618356,729623.1562419732
319242.41795006266,19747.743911053047,859238.6451920262
369860.40817607223,28362.32961506494,632357.7794482938
377401.0187631049,26924.173639898472,730276.3476077933
311803.5222785293,32914.86335766243,612044.9654820599
253295.07185267462,30612.19189534531,667432.5319392236
293776.9984875836,27547.59393656918,545183.5132393588
269895.37880897895,34084.335486150165,502247.62318777095
327080.5237051416,26336.812272828065,700113.0576458117
359073.0898959445,27105.860262878698,515712.3688132225
343399.53497827856,32442.218503005883,567079.2302046192
290902.5307030098,39224.89477689879,625137.5445113919
302028.7530488266,30454.069509345252,633847.8092851741
335623.08600381506,22862.57604375091,
284820.2526179419,39931.01022309811,
421369.3312484374,26711.10203170542,
353571.539583943,34998.55968608326,
356683.4723149694,32531.516423664347,
330652.8972035979,40938.78225868275,
362233.64101327833,40224.53244061709,
344163.3515922776,33920.96956053183,
338588.8162178409,37453.50854233907,
305661.6364602921,39369.31300104947,
417581.75306332204,33846.89494900804,
313950.92922346806,28050.609914770648,
389208.68988910003,35597.35537810484,
379389.32581195305,31461.69405148999,
392360.0022623358,35213.536540795656,
333441.0406073102,36217.26200297666,
422033.0207453894,37194.54006101252,
360556.4156742493,42184.08896452229,
456496.7553182454,37002.42857326864,
339166.4772508667,37555.84655330193,
412472.4300409133,31251.033054651747,
525487.9817731705,34546.84755026834,
474182.17212106346,46499.13824329807,
501194.22327480605,30535.734942725434,
631399.1599814799,39205.22557206928,
603206.3709279392,41162.07424576591,
651837.3773160161,37755.41601066596,
627217.7767743489,37850.06065431374,
670248.1078949713,36416.556112537,
611094.3481936099,33454.776091233965,
494130.8996702866,41188.229578441875,
629978.5705461951,33341.98828256501,
548133.9436471827,41818.39785231932,
667425.7465147722,35903.3190701944,
612152.1102419442,34336.93864760832,
758926.3932514449,37069.60098865198,
694349.5998573588,29145.630350100095,
492219.80603385763,33085.125513944775,
673421.6647100863,31490.227578326358,
799280.5372458552,31441.583252313412,
653603.0833170724,33707.15894054336,
663137.6302193108,35360.40392910754,
900138.7428510835,38778.06629637399,
657705.3692194794,35273.31033844684,
779770.4724672748,32070.95763618625,
704279.6483093026,28391.880789869087,
605022.6498668827,32474.684678511447,
800410.0724232055,29146.66459605961,
858714.8321432256,35063.62726180194,
641234.0542320699,34339.56354756508,
858944.2538616548,36070.919475102404,
642024.7693397499,27830.16829337379,
683094.0352270798,32253.288956694665,
786834.8078131798,32818.155594340256,
716943.2025403023,25509.1415536301,
762173.2968700264,35814.921252256936,
709780.6279060319,35990.42517025763,
787098.0912343971,34798.49448513764,
591229.3391769736,30944.15459629883,
660279.9117973609,36056.78257394893,
702760.6531933835,34264.279696766724,
566097.2367486323,30709.82126543484,
781828.0491541498,40809.03840423061,
705741.1020942102,32795.71805328,
618083.456778736,31785.011961788012,
690784.747646709,39346.434194450194,
801316.1567455211,32861.98336095548,
679439.3179548063,29611.00798637719,
881352.6784915219,34994.46428506535,
959332.8711217258,32681.645680131383,
946308.5108823322,33578.53417455147,
829491.1851876922,36486.88723970791,
776195.2144729942,37038.6514797451,
725254.9748836018,38576.30341713918,
608960.9924002071,30226.46532041531,
729122.2676414519,33569.73801574171,
730258.0429621342,34815.24840013822,
803617.6719865452,38054.419909281845,
908029.3588540864,32737.496844243098,
841472.1808688121,34131.97617883949,
788770.9610614901,27764.690240171723,
589828.5328996729,38504.390589468414,
813589.8099965232,44123.30569846867,
766646.3922822492,36211.467470332864,
751615.7107729075,29138.996625083597,
660892.4739718323,31738.567274751826,
630219.2510321765,32757.860511411935,
705032.6203999929,34772.69840286949,
580220.0517409404,33759.72971963808,
703722.8039888367,35735.48679389784,
632199.27520694,30828.524189951597,
771189.6011522834,22064.08347775047,
752202.169040449,28582.25979723315,
819260.1610293004,35514.45918643248,
524855.9514665885,28205.823076834327,
696639.7319496035,37792.09037675678,
601901.1146268295,26880.194241930945,
751763.8655264247,45536.71033862622,
569210.0178435999,43058.620886104734,
616316.0727210887,37493.43067673876,
661215.6121759329,41296.9585151425,
680640.4143606788,30430.23162533992,
580921.3783901297,40680.30006413518,
760941.5042537833,46647.26891985785,
654216.9091222071,29502.892472068663,
625988.427718163,53518.92473486036,
497294.0945341159,24208.285460254956,
767105.7632928095,52683.597227359714,
597666.0260441029,50561.1131625267,
553039.4398408475,37542.5773615865,
735886.9500962807,46480.1207782702,
681155.6476360046,29709.720748569707,
631903.7404518325,53306.75218575177,
723165.3582852976,49495.22203682567,
722902.5146764244,35934.10730026642,
653970.902785967,42499.77551262512,
704112.3361298733,45921.55012361976,
630956.7435026343,31630.691187659297,
533256.6838368578,30824.334251991775,
500108.11052030924,41486.40238641243,
462445.27591870254,31222.371839025625,
545304.4325987552,24559.139680080836,
575061.1782995395,49303.292819252914,
493767.8958538693,39178.99835877505,
585501.7595722317,42352.706342068836,
578943.9235790265,30865.089849576507,
602242.742196679,38295.92628542618,
535439.9192268733,53045.87198220547,
531324.605835711,26865.090291184053,
425922.89876867767,47982.327487475355,
399316.7518653609,49420.29197655413,
510028.75386975205,56256.77409334042,
535474.5982569995,41444.75655212741,
419473.59985083714,32314.99522840692,
543948.9541514864,28970.615801968313,
459049.9386230005,37760.88740373905,
577153.2316643317,50937.51203994783,
580345.0562734026,50455.57011341433,
453470.40108238225,50887.73215008143,
476998.3721281752,41826.53201558928,
504370.4977383004,47426.787296437215,
530641.9291219425,41835.666490476026,
498845.9855360318,53246.219295774456,
422814.0533696227,47533.56286917615,
402556.19642463344,49198.43687479027,
494428.98385978077,49652.870013182415,
386746.8180073051,39121.157007902315,
501248.8794086904,45329.61069662733,
383591.0967048779,65724.3749287641,
488049.3889410733,55913.4781558454,
674009.2467138667,45664.92829833974,
383207.6043533716,47694.612469547195,
457737.80561189563,47438.001527273096,
396810.725646068,72173.79472373871,
467940.58702532924,48450.82502231071,
381222.27101537917,70796.43134196226,
427514.0451560137,55832.92276146148,
364070.1573755769,71579.88088124362,
369270.0906538705,80606.65821110016,
333172.3732505046,72892.33250312667,
333877.95773533604,78790.74370065992,
324035.75281815237,65388.0370129767,
323407.1388569833,64882.58229937372,
315820.3531137303,55025.987795669746,
307214.9259277248,92178.7580574205,
307622.92329732014,86938.14632055619,
260362.31950788142,81659.42492650253,
376615.7694950327,72068.72218030633,
477032.6319109608,41482.59867742438,
366343.91412773804,58422.18502792289,
452491.7631780222,39980.77600064331,
340870.15164673235,59632.07394706,
332645.2228938411,70292.16416802922,
403374.6041013724,48006.117049785345,
406372.6989353366,53495.77558360696,
480431.7841034078,42388.86810439674,
435049.23601076286,40108.34118176499,
344408.8629325219,50753.44428611378,
,48299.91309376655,
,52630.01364339736,
,53050.15795227655,
,47363.92490050799,
,49199.881232120606,
,57620.744301005674,
,46296.57113759807,
,57100.99093986428,
,61911.84889399024,
,55220.12255278654,
,65775.98607074571,
,46218.86449696894,
,51968.453680580955,
,68744.68559638728,
,44769.75990072506,
,59114.20070514172,
,43713.931337905524,
,65993.03138569597,
,41431.63318873791,
,48826.56048849199,
,44316.19380330974,
,50125.09142342415,
,49343.89478985215,
,40683.77395998244,
,50153.1025427766,
,46706.71555846732,
,45378.973974495864,
,46423.45063335085,
,35093.234086657074,
,50253.66015630867,
,48649.222923721434,
,35663.2533902175,
,60742.48538087761,
,47824.22475447986,
,48146.108006748094,
,50827.10447529397,
,45976.1549998805,
,41736.497571822634,
,48695.34467335777,
,36121.46300481556,
,43129.84405414844,
,51817.44419489145,
,51481.72980904649,
,43783.133060495165,
,46233.14094531497,
,50566.256307763455,
,46006.199359953855,
,48362.09055294006,
,40979.488528392176,
,49746.94372225553,
,44620.397316413895,
,52291.93596324243,
,30405.21462024451,
,42191.89680699487,
,37074.34239246543,
,37907.51314566834,
,50228.23914767368,
,46609.02254134716,
,42601.11852842762,
,43193.548438449325,
,39282.53213348972,
,43484.53986426701,
,47112.27426392743,
,45030.04456101115,
,41895.64242470886,
,53897.35661780045,
,45342.934851759775,
,45281.195522709895,
,46110.59713624356,
,50589.03613423192,
,48126.10052927719,
,54487.60349726396,
,43391.43757058086,
,43242.582716497025,
,45188.06854625872,
,53046.89615615092,
,47943.185937994014,
,47654.26187480301,
,49901.49313832406,
,45273.98930535451,
,34501.62251176993,
,31756.039189117575,
,41649.1526869084,
,35223.49287576263,
,38896.71873779144,
,43458.387009344464,
,31507.715545672865,
,43477.472819973715,
,39022.360053490076,
,30377.205870378053,
,44985.70393455202,
,34836.005494205994,
,42736.844560803365,
,39376.328874609855,
,39354.080074117504,
,42143.86071876464,
,32318.941593692347,
,34140.36149790996,
,36342.17344469446,
,43090.02055328913,
,39456.84378229402,
,30125.12714473457,
,47984.6743628768,
,44187.56472812142,
,46960.01050660107,
,36937.79317208128,
,39308.316781390386,
,49947.938162696075,
,50989.100505161405,
,34702.78002213595,
,44026.86621553781,
,46684.9449127385,
,44525.47771794381,
,44137.654347407195,
,41785.532418573595,
,50646.4875313876,
,42133.709555946014,
,39418.92590392437,
,45022.47672431251,
,48668.8814342438,
,44685.56264611821,
,36214.85351776583,
,52669.52636034333,
,39963.27284974391,
,38716.942370860364,
,44910.55592649202,
,45469.42149335479,
,46173.653838685306,
,53045.41262167531,
,45921.79715387731,
,32781.10399895294,
,49909.541590911955,
,52380.2363084352,
,38608.782204560935,
,50813.64640624999,
,39632.57196520799,
,40962.65677521292,
,35396.59735956485,
,37332.93436072375,
,62902.24033789022,
,40020.129671961025,
,41880.17074481894,
,42190.83364124918,
,42798.00229532732,
,34896.23606153377,
,54642.47384877819,
,38780.855189521695,
,45340.36993127642,
,30664.94951571035,
,47468.65385382978,
,38763.99055775221,
,40461.39856467343,
,62492.25003613202,
,43162.017442735945,
,43362.7674321541,
,43395.33004004339,
,38967.528323248225,
,42381.65634710048,
,36855.495944451985,
,39776.39337717097,
,43662.37439857978,
,35143.2358647625,
,48780.03834733891,
,50747.49251714059,
,37169.588997525156,
,51739.809472232766,
,46995.88769866949,
,53645.41575396394,
,50919.902240991214,
,37953.86449572045,
,52829.84744412672,
,44526.8145051325,
,50744.30568315255,
,44256.39125572978,
,45476.54702182596,
,43231.78986699314,
,60381.21547834929,
,55935.47367528228,
,45352.823241021106,
,49411.495373625774,
,56170.80282788103,
,54269.454760171895,
,48233.83684242077,
,61078.413381085265,
,55104.11792006319,
,63355.68100902105,
,42498.08208265315,
,47783.14883346195,
,46703.7945443674,
,53067.718575722145,
,53928.070109180626,
,71251.16961264198,
,52198.552524146995,
,45557.61012633641,
,44395.51785574182,
,42409.36955643388,
,48766.65994601774,
,75279.47205988984,
,46594.14728467997,
,51419.47136460467,
,44249.60108901905,
,44769.117443360126,
,47671.354066264,
,34678.5202330679,
,43627.13570034093,
,50826.313889413665,
,37043.934655593446,
,45911.60893359255,
,39478.209221028854,
,39512.59120614675,
,54824.89986853608,
,38528.19958603204,
,40102.43925086156,
,46366.74440569976,
,36642.83613798618,
,46348.92426739681,
,45097.796027114106,
,45480.85442823582,
,42868.48513383535,
,52231.2826638804,
,39216.29311133491,
,47896.95593220292,
,41949.12123853518,
,46083.102820724234,
,29740.600452161045,
,53991.333556681406,
,42352.695899972474,
,39501.3192363518,
,47119.99715356426,
,40010.884677728805,
,36210.643062642295,
,40806.565042085145,
,34234.849847932586,
,43331.55310525098,
,39262.17637958344,
,45650.01487298244,
,36834.23086368776,
,35738.43113564541,
,50611.525039577915,
,32320.085309482853,
,50248.813535247114,
,36518.09044248009,
,32046.52887589667,
,48353.4881333879,
,50444.817560940304,
,43613.03563651932,
,32130.538070637638,
,41594.62107715247,
,38118.952631137145,
,47720.2210960275,
,49245.05996574377,
,43816.98944271734,
,34218.74283833821,
,53024.89045046434,
,43351.956647278086,
,40231.87487328959,
,42013.748764830016,
,43837.09901335303,
,43064.485721718054,
,43038.141319960545,
,52431.83582851516,
,37911.355123429,
,35534.05904057117,
,35098.571086666794,
,25872.494116639744,
,42659.89147097621,
,37001.195262448164,
,46720.917501123775,
,38488.54087398983,
,39073.061709862144,
,49953.69050093155,
,47713.73210516762,
,45668.12199279784,
,50024.11701659738,
,41238.73783566296,
,42426.162943477015,
,46647.73517199291,
,49653.112026513336,
,48094.45328225262,
,59027.02381331147,
,41090.03041138062,
,35250.52312393207,
,35579.61632088325,
,39178.680066044566,
,43967.82355788766,
,44099.82000581798,
,35261.51014300724,
,34400.14332553343,
,38739.01492442264,
,51078.7371724797,
,46342.35467436577,
,36050.82971715456,
,38537.76685323508,
,30642.808572822727,
,48297.24914302213,
,38625.44898366402,
,41656.503716693216,
,42751.97320085684,
,41347.31171941859,
,45217.39949701475,
,30682.831168094224,
,34220.69186098243,
,32861.55841303077,
,43955.99320887367,
,57576.209989418785,
,42825.569688956064,
,53512.979135958085,
,51831.3191727604,
,46560.16239343651,
,49958.99777235186,
,48345.232825164625,
,43586.198040985466,
,42403.724439014986,
,44658.36775690196,
,40882.08954509413,
,35342.74985124043,
,53459.68297462087,
,48828.38231863073,
,44254.97657324944,
,38895.61575999889,
,47187.7524914113,
,42777.65970338493,
,33715.59911842306,
,33001.08067957216,
,49078.86846480862,
,38189.01646712275,
,32779.77985742245,
,52097.293123672,
,46444.88754057306,
,26240.82181609563,
,40885.79215580867,
,43302.42618135821,
,30503.41475529333,
,39121.006112115545,
,28207.393154718684,
,34862.55374374005,
,51404.0615586387,
,38815.845477302784,
,42330.670509680225,
,42860.36481471406,
,63133.7298537708,
,50146.064162414215,
,40987.815031577484,
,42464.170911950925,
,31583.062760052333,
,26951.329503810186,
,32123.592679184607,
,34933.22142348169,
,38017.062171855985,
,30966.358498771224,
,40722.172685935,
