varianceSvrg0,varianceSvrg1,varianceSvrg2,varianceSvrg3,varianceSvrg4,varianceSvrg5,varianceSvrg6,varianceSvrg7,varianceSvrg8,varianceSvrg9
8222633.74577754,19318.390475794477,29420.363328808817,46818.857880301424,18551.886670544904,16866.430012874465,18820.759065278133,31689.90628063471,13880.712384911632,20976.756639370273
74357.15455296321,19144.02880851334,1136393.2419747997,317529.28587607254,37851.798904751704,61965.3798639936,58408.552870315034,79152.95500129618,15414.34757166543,19956.33817621351
75000.27553096728,30274.369828596875,22383.136811065044,21764.749460119267,59539.49524220436,24294.89329059077,16886.505833460695,28959.529038815694,18409.537966931264,171314.65698633247
13109.09003236042,62055.42721159676,23445.79372427877,36698.13323123892,75438.03680347503,45574.775627936375,22596.385314371695,52937.978540625016,31245.095065097794,16929.336066662912
20985.438890603094,26542.681244330575,32442.540949032817,115021.303246418,18252.95857376623,131148.76710908778,46698.32881180905,144576.37313787808,47750.78522585142,14009.345752754121
102390.24851451733,45464.01465067819,49369.19320348981,25919.353427898102,28646.103685793918,19971.007697494108,26696.849631427045,20729.718307416253,68540.8031206807,25279.719953326145
49599.07410781783,127663.29505072597,63752.30515400617,55652.24898343563,60035.178709618165,23853.786803097595,34448.561308917386,64179.31414621983,27437.78863104254,40038.01016559648
191739.8131338329,27146.00799726034,25880.27383131889,19342.385930293618,25444.821349393183,45042.28561858919,49744.65673142653,33790.912860753706,145229.2316116746,70182.27963304511
39302.0575920923,72591.89024654066,23131.3773314392,82136.7982839884,28331.012666827126,76948.59977796572,301885.2918051841,80027.56162997818,40214.02813966119,20981.876716571373
67951.4100574468,227328.16086725835,36261.53200855838,22079.415063643268,37327.577572822025,31601.393855943832,28786.414142591602,24978.598525071564,72112.30341363998,19819.859029916435
44260.57307086965,39319.720226081656,105099.22213722108,46257.69628703851,49924.09802409487,72389.1068787513,51314.28887486918,29082.91099281285,269896.52793901437,27100.95350387076
101055.42203930582,70182.66473222461,44019.05369517021,121545.49878494244,71502.93841470173,170045.5331842394,121171.31183708209,46964.582481057354,32698.034579859202,37361.446144087124
675468.1691655874,27088.702460388875,60318.002577260755,36395.58102358212,25226.768432812234,34085.80771700764,30413.281897528876,65398.264079140194,108710.99924036086,114460.48944356486
33471.7849810281,43355.77637260624,78442.0825362873,35009.39971256275,25485.548876834473,47941.811817192545,37391.009617610674,83007.41654583735,52166.98699578773,38786.14136343697
45563.4936129743,66463.96428147473,148583.68027755336,55854.06292517085,29718.94059719615,239507.91325204895,70959.98576626024,29010.112912656787,111703.74942147551,35893.69787172327
67620.62508374747,104318.58995193813,51640.12895484142,100276.580040606,34795.972317894724,113857.56594407707,158903.47436295453,75843.47131442426,249423.87658438756,55784.90963676757
103278.00715608723,46691.5251845214,32876.58791992295,32357.68693838297,45314.90106004749,268526.5374237891,39691.222510945925,228262.81055594812,58731.91042634928,86193.51724831907
25092.30601567192,55827.36472292557,35124.983918744394,96098.2603973238,72097.62642548123,37194.96651255978,146076.51174126862,40068.28853927982,119370.51157033289,130551.39967067167
34705.46975342791,102434.46474695769,41882.075599868855,53950.206693053966,37970.362835958105,44305.800067180695,42073.23631385097,57244.45067638159,224699.07790992205,76966.26737241531
541060.8587766923,184305.50830749772,52916.69732912297,138790.6244846048,25805.89883154449,52706.08642413777,61545.44951310691,101586.0385539978,60884.09784584514,121898.20618026482
18768.9318585849,72582.81907702505,66057.63434945585,21293.962885508496,25960.902479955403,69086.877017537,137439.96150169254,271197.7480235034,162119.96698884017,37188.51881256585
23746.261261025476,200941.706353555,84893.65009250343,24656.898556407694,30348.30059794597,101051.66054872872,46540.76208831168,37267.87497867935,54224.38011203228,59863.47200228485
32232.45814738133,45896.08580047274,146764.2418650266,31759.93550320994,49723.575835457326,155728.1100828242,41598.081479377295,35787.98885480785,47029.75850376114,145883.1623723518
190777.02913363493,53145.054441801985,49020.294862887175,42062.922225192866,99373.84491250009,72990.16240795914,53545.419932216304,39206.22679895681,129650.97496766024,35436.54428123218
29797.171056062078,77718.28632727661,68608.4668969083,62449.717429884375,275048.74184869125,115405.16665534582,83193.5845613675,49578.38432250341,265111.6721127113,41713.84504518642
156904.9761804883,109929.62690862002,124235.2700785517,79104.15893176821,26072.665421503472,282812.74195318855,132265.4340102129,200738.7965549749,140441.9408928803,59588.32823791087
35630.63865617136,155839.86562179343,191245.86016015353,101554.26658817631,33538.38053622948,68149.47749614296,197608.13619643293,42865.16851921106,277671.7387895499,101773.29226057664
78561.22753177397,210021.80213870766,58872.174027021014,44336.38423374907,86731.10080747982,57571.91973367953,63314.29966820654,37365.2799577371,66262.88778346783,221585.91290981858
49139.7167100997,44430.00839314611,64429.305747999664,37724.05556359487,31052.37854707465,100140.05435964993,85967.86920932154,59633.67488346278,98346.23001384559,39811.03588623173
259473.45094600396,51104.492424597775,642139.3053891186,55144.224108362076,28478.094042300872,215015.0994017657,172229.23504606803,155012.78396061488,150893.51268268767,41507.59776539084
106268.58367107177,251826.05878709312,159866.57338134505,133938.32029014075,35093.010792719404,106709.25644906073,43438.65808658454,38343.81606754037,263191.9126697185,61557.04586977595
761988.2790744307,53887.59953964611,847124.0456330612,543849.3661333056,52992.76122102218,129413.91188513255,45938.56148731732,41147.59620215365,80262.11995742473,101292.9855634064
70191.29836749399,275530.86330483743,39150.918953791755,89700.5819473943,96077.07695774849,256739.78159465012,157537.73821388712,49424.78531005459,137845.4508220448,151796.09897121805
1098169.487877266,62848.894032453594,45847.5719950097,204679.15548407316,40460.20025462544,551355.3926276818,89484.03657135641,86267.55616254112,426667.4680898423,81436.61701216293
64006.65547047509,88661.0157787324,57441.70090639068,67206.59581768065,30254.74138034936,76591.40708743027,1335454.1613283074,131337.25362977298,84656.97829707622,298810.862536535
103070.84697147337,321089.72861349816,81069.81535513295,80917.36064310605,34498.986049247986,80424.63259449464,183340.49188030174,49424.2542580505,121274.17089616036,64089.002854617705
135528.91380261583,76104.90309716118,131450.51274019224,104405.86665399375,50091.2666182694,138245.57870944476,444013.97285279445,53802.6019463517,260995.01793699453,103423.48246920484
484387.169087976,69548.80206249634,252219.04585839045,179618.8869208801,82338.28581191273,367131.93394519505,87159.9125151414,119424.1736436626,98914.68807120802,159490.90964557917
51074.143340724375,89254.04670332509,92668.8083399593,375103.93271241145,135558.3481025671,98294.40548589641,163806.94389505568,447341.43907304935,98957.85640733378,67374.37756177815
66045.55063491945,114261.00036196879,149920.58514942555,39710.774455658495,47437.15305108465,222655.31585690583,117924.8210828105,57301.1008942581,130696.59060447219,85477.31195839637
74874.24509483331,137104.54198586114,290222.17323231546,43783.47663664769,49894.65952259674,895154.428619294,1362393.7386067072,113929.70563499568,233656.35117528064,144369.7892380506
85021.02633160091,184732.00665103967,73666.43163568484,56882.98947284059,161942.97758816337,116931.4739054698,259315.05447155936,568758.1018479016,447854.48861222016,237543.73676819284
87405.17731102848,95630.90721478016,130061.61646256044,105467.0087210846,54662.15797468911,118172.84024504684,109850.44957896501,47672.08015445454,109013.77834501612,91791.03667943002
77671.36957902796,105394.13954539257,280168.82049057115,260914.09495285136,58304.95803690556,229011.39844742845,415837.8155731502,79294.50389968709,255325.4835102759,160090.57313817044
89605.21767349794,378165.1733844177,88052.8797875239,65618.89040298451,154096.14577596623,541836.6787622478,85130.41485486491,125785.21493809637,907252.1552174869,807393.9087390681
141427.18063486653,108670.1308817784,96189.25197517207,82186.82449192593,446086.7666492724,103291.9204329601,112407.16420632527,260770.77575836348,1260273.3305504238,795267.4344145976
146679.73300190474,477019.9197476049,138178.17904533804,141159.60400153714,59757.04783980064,173116.75427064038,515322.8776368521,63798.516040003065,187510.78093252395,77661.66600176209
3836243.6883042776,105830.17545246886,307050.57639112655,221909.22028331243,61748.72210892984,341943.1935009946,202353.84170972457,223800.94464689487,343328.1286387277,122576.61729703008
202293.87067043307,513829.89578452276,230600.4284165996,57191.00181475016,127090.7551717177,99579.65376653301,715561.9034005357,110060.89203358011,1285100.229934698,272645.90080232726
192206.5801725126,110664.81472050937,3235676.149489763,68551.39595476154,346148.45982729696,167103.3949457155,83393.25420667128,282896.4166089739,109348.43288760314,62287.02868943519
129453.37309178006,319867.4128268664,103138.11733873213,581776.5725835658,73108.98005235117,293386.3733270785,100222.820454054,63436.38513007379,193774.81996099715,66495.71345629077
536937.772684874,287415.2413619039,137957.94639330928,97740.06434313674,82163.48877305971,7834681.7914786115,146061.18663955393,182942.13397080233,529779.2776799465,76712.84147428551
243248.21728433447,2088584.2135478044,225330.67247668188,309841.15194089746,178343.7305861091,74747.31238109336,220554.8039010039,61502.43963498346,99910.64443539875,86226.75477795764
111894.97116098381,140385.1509824417,326330.587388152,88087.39518696384,52654.30000287363,108061.89616015498,238538.2903620717,74310.2966297758,197365.4044701053,87214.86310723098
253976.75231962235,628761.3934541494,162037.60689646762,150821.19468761844,93745.36174612748,153977.45562271387,352532.0897127959,210913.23045845004,408272.6249929224,123389.7987860922
95758.71100113238,270045.59630934533,812027.9908562839,296471.6094201772,344628.87200536544,232497.61702283035,128937.4938834784,107692.92302212914,195269.01469658595,227552.38753875985
572318.9700092813,625322.6640526234,87827.79243557938,241691.53896422466,82232.68146973984,356335.1388335292,248527.4291079328,222931.30203386978,514090.3038030433,74443.62706433889
100760.16267287986,215692.00681507285,72289.35606760229,535153.8279088322,198200.62017379582,83194.3184030505,565543.4824991788,78792.55543299155,127165.92325299655,53781.72531843394
393407.71567308804,355491.74355916004,220192.07125573873,111173.31108154438,86789.71763127248,88712.6876029451,311067.6733132391,101120.76366848152,107897.69117026827,58170.751597589326
591679.5665646815,715704.3416068058,3046259.8074160586,546748.4724128563,99778.23527068169,131863.68997599598,2538024.253372417,175299.93607861316,165549.87111667282,89776.39318040601
385479.69791340345,298159.3712726267,113585.08235144711,95854.36360553658,179995.01903167323,194689.28433526616,84733.11111800684,264883.93465729104,310636.25261367264,195957.6718282132
605616.1588181946,750712.8848527535,191595.19004312216,338131.6087126157,331840.4345753522,377296.7610364907,152862.0235182021,99128.27206640354,80768.85380271883,879632.9037944017
451685.2629837092,461445.52693109564,261748.98907778296,175427.90104943863,59742.6751198768,115957.4217279891,292216.28984408884,221714.21820973855,105250.77907397499,103890.7890125284
1120631.3279876725,3801454.3193643684,379504.4687481057,1422748.7369138498,85772.74834080698,119425.48794200388,226300.8906502859,769087.5885997978,240209.5415277917,200581.71420216328
308478.1615006006,1475748.3138763404,106412.23168828606,162924.27068649576,199863.93981418514,127681.65449738392,333479.89665280166,150260.4026706064,724111.3674534934,85038.17956848178
622745.1043648327,286581.8557020128,90338.1242652399,492140.1348360609,452683.2237956241,151122.37554006817,962488.5046265007,488242.0065957571,142858.550793278,117161.04882903949
283955.8314806371,677861.1938573772,358399.7538115372,105874.6827917902,119264.48208009405,356012.37621709704,213952.91883676272,115039.58345475458,228386.9736415516,222159.62694808425
2636394.623589157,568887.8568335475,125769.25562640419,117067.65690320812,490887.7546449008,96384.32980586437,386790.40647538786,161799.2824474488,567762.2259831569,278867.78688897187
319685.3958459896,272163.91556409776,266685.2611791596,244856.85037563875,81528.84160476971,155556.30646611366,489793.0827218036,336639.3219546149,160522.08427049837,68662.72552508852
7740499.163946384,437979.47699397703,2654259.3067109315,422769.5224221947,84890.4826962829,1349449.3199525834,262634.3721238035,87791.05442881984,138486.1656544661,101146.9236059368
918214.9680754337,162542.8579712663,331481.6981097062,173750.61867735407,106194.49551210686,142880.05356857646,1345585.5880237287,119043.08670278982,248781.96779499395,216044.42329996775
2157610.820463613,869103.5171928491,1976804.8335948784,249806.06599243137,130721.1919753957,357360.8518918771,151710.8249433273,288425.8631491598,644868.011676078,85774.36947549245
13201330.901772222,208919.918596444,308239.7711172259,570203.0238525954,185191.52447372527,147029.14223406184,813606.3823971763,675201.0400552802,231486.2317317889,128240.36915531999
173744.80301865726,260095.67315623624,172298.8590538521,129936.12981224064,524399.1969375024,230989.21553972297,190097.5721932533,132908.12082569796,411499.10475890397,187171.4259835991
1735005.8548534783,350809.32739387406,247351.5784078675,159682.40597561182,2068413.2486709557,338455.528693454,559504.6192194892,328184.35589458916,125652.56623599699,465665.44954535144
86434.58548969807,588733.123080482,310990.7378683427,242429.967877239,150876.08133884924,185494.77226670337,128076.92357746838,962622.8322947448,739999.2969599625,157384.29730592194
186186.48750348992,161546.79804713198,405481.5785938428,329872.2336295099,174870.57609740333,981865.2634625172,226379.38980581734,175420.51808877266,215985.62510949973,213674.76210765014
295402.77987034316,109022528.00687705,833488.6673138622,537309.2897741119,216345.2892213256,134979.2853085195,349672.9109202704,310086.5217558769,309205.63818823826,462142.9131479977
74828.06507861946,178577.92100611472,114762.88836366305,189678.63763754186,259788.00004333485,202866.7201942574,12374837721.073578,723657.6289162738,521176.5369146875,81592.51337605655
461490.8554312086,512335.95605113596,126610.73908935435,476431.8680389429,354536.35359596554,356947.26031676796,156019.2637213012,126561.09267881468,745616.0191239115,100122.65440711772
104396.03627836313,165584.0006046056,191118.32234204936,202972.99856305378,59692.12866101049,128595.13285056199,211781.8674840326,237714.55156223953,100663.76279475563,189341.64870197445
264045.7788470523,292907.4714907629,263859.6283635615,302845.6581815609,57476.85213590854,147723.56894003897,371761.7828075008,137843.670899179,508625.81299545354,375874.5504075057
66642.21638920835,738250.5484414268,445255.0025260821,395862.54705366085,213117.07388478678,364094.04703334277,123841.70595093822,592108.6813860271,129155.85536002739,104547.63217636186
79297.37380744025,440510.0670608337,131437.63299529353,786437.8038331089,1317497.0972239613,1363457.929252231,144700.83140346332,170315.04099346162,103950.21991828985,139142.53797648786
86039.99058696753,1331329.9143259164,135459.75774138106,205741.82209138921,94748.40996414008,143427.74210017768,207365.27193357542,381899.48933368566,162274.56283322023,272869.78176534746
92018.34101743775,196677.0262058677,248595.76483557883,305768.20207281515,164666.8650059707,200474.0199886185,25913071.236184984,137622.61306500208,248459.22425250395,106760.21585725833
123022.95443118237,307009.57637198706,609259.3208542456,1372859.5016861712,313848.24939615827,287715.3958221818,79895.55716229745,1461753.6167667196,443413.42522999406,165041.56122667674
460026.4893562031,497394.85522200784,151811.43717557282,218210.79532807312,151480.96595497723,567561.8913833497,139066.69633205718,493976.89402698487,171252.4675080714,363862.65784203866
44485.77839801539,185426.37060140504,189419.40880364325,387049.7229853617,281813.1448170964,206954.16029693148,387037.68592702394,1341343.6977952002,224894.2635199055,105361.83017697817
58962.062966657264,278619.5616351139,278933.68627938424,687731.2928665234,604135.420020136,188186.62683041982,148728.75569105742,167085.2149013262,391508.3062944275,109206.12536942138
80487.71014265316,1052672.5187879174,1129825.4867426374,249489.60427988257,134636.16443146582,300461.1605640198,261378.7546296177,208752.77212177182,602858.2054811759,162902.9119657472
114354.8191593333,153259.4670795102,167918.61219455375,439264.5149037463,234618.2541024665,1503638.9336368972,626766.0869843235,261602.0941199503,182165.72460129508,2082532.7414398366
181639.0852431574,268663.9475615124,358969.36883333797,845775.3536472548,442581.7892113663,227490.79884342354,134040.64481184492,294790.88205839467,437972.9019890992,99039.32462887948
78746.54216528332,764528.3546351434,753361.0564698798,145150.29034576242,167385.40514356326,299792.5232777865,124513.91655230238,337462.7602010381,2114236.2609588867,107297.42727343028
283656.86611670826,162430.01796046665,325488.72449742054,219830.88476992786,318699.62673662906,339425.69513033814,154920.01765588473,412195.9163686317,536792.3871114495,132878.432435904
49077.56556723216,282226.7948461212,649760.7245764015,623935.2003689761,980740.7989627095,2863521.1309528085,260127.96556673868,148562.8787511491,1660804.6278319545,161168.60950178572
202406.98993112255,527292.4255282432,210555.94301754882,228384.55871063424,767717.2460404932,144251.5067643069,657211.5586629035,211732.326881618,334619.2784061447,149674.30092409032
74949.37517629753,411915.90089588263,267630.9490242864,454889.1655149391,176090.46811327073,107950.16111333965,159514.31725467223,340903.94254571234,3044957.018461883,128908.23182756614
179932.39274714002,1245879.880415625,307379.1119677521,3302849.279337439,330796.9248310066,161448.63561527935,561235.4551119637,397934.41281708254,371234.44825418387,135228.82560775318
850361.0197882782,1267640.163802539,87827234.2530038,247050.13619420896,512486.1151489632,383801.2706931596,103354.46564460569,473006.69103520864,655490.806950733,211663.82770407147
60863.189427827485,199686.09668608048,141989.9665116202,901353.0982495043,142574.362370554,2186316.8544287146,132635.55669478397,142034.35082420806,228379.14896677932,368779.81485634483
56569.59610733707,248859.96765802364,132007.4157441481,249717.78726490538,323753.5763862162,165466.895390436,250643.56015435123,109516.55680251037,358843.32025290554,89536.36136444466
275625.08973887784,404370.97515944846,196178.98212261702,549175.2657779953,1251522.849271171,415863.0134714863,512965.4943748178,164983.72623768848,583583.3030685119,107015.23258607156
80453.52919317572,1034510.5939920717,290602.70240562165,1429448.1593088233,178559.78356292407,2693767.325997038,127689.26349736025,327763.041162789,663338.7965013117,587059.3060653544
165007.56969337023,256402.81005855044,2474140.3335104124,234871.49502869433,346075.33576846845,346337.86424304824,99364.60509054438,530446.4919401099,436891.2451914721,344438.1816400302
59428.57085903046,1679778.6086686011,140925.76925658522,3121653.002130678,2659307.81498992,522878.899230992,119125.35546970798,236063.3137397914,1070427.9055577968,2999707.7373606977
212078.9587817683,195954.6022988768,162285.5116285159,180588.47284709138,884817.1846420805,1564724.9380005514,156789.11627965595,430929.62207304884,285102.6479961621,323394.5501535289
116703.48674553522,1086704.758642448,420791.10232978873,251881.43192841078,206586.39369501214,307366.2839527507,302197.00030487735,701910.0994164718,569874.4033089372,3575260.617555354
241656.9558839171,162860.05883408722,152073.5138005451,588593.9168209139,516789.376871963,842373.5974386868,631228.6657126572,167922.73316053976,997688.7856079136,136076.75335294692
707547.3037708753,357452.8705150085,278652.79961403564,249961.22714701443,197426.43547680555,957669.9584933668,143365.20864553566,201725.5938987641,373193.803164748,298256.5963764482
107258.07409947208,699863.8745428239,500660.44751297915,565365.3474845404,394852.70686001657,198126.29494809342,314684.05018162087,369052.2497221044,597722.8793098503,499591.8295234932
369588.0009264324,534201.9742520455,211514.14622662534,187486.0136859264,692836.402289235,252648.28610906538,1150954.103932839,984897.0326414097,399107.9484421187,79128.74294904504
101107.77699528035,4384768.7930560745,333785.6029961749,240160.99140594318,246070.3332887412,507923.7989542007,215237.59212334675,406659.04685518664,1001919.8661070352,2782452.939753411
444160.54930612183,539852.8457425172,874679.1459666586,380306.5339297708,459840.3891229831,1424496.5984705505,670533.5672573736,5169585.20605259,328763.84016311076,100495.23760754429
1929833.9285966882,1680436.402009253,206889.70365364986,532200.6298549242,530739.6328358584,3140655.7237259885,223968.8152334786,198695.8357533858,1734577.1230381597,320783.28892689163
84200.6522768643,268893.96088560345,467037.5394909347,672229.3642840565,168265.42792619363,174866.88706966097,443285.1916837723,190511.32025166313,821607.2261804848,117080.07373011277
111174.65553183472,5889781.666058488,3845554.855254989,230040.9683710526,344205.7601920918,269066.1656175738,627868.1224174489,235091.05427976744,591123.78130145,268369.27253858844
307191.7722355537,239850.9902109674,183253.82559804968,549811.0065434696,3922073.193606572,349338.5683762082,214989.02603545634,254805.84675084078,1801160.234978964,858531.8399814232
84419.20476714535,1267999.1136589097,438091.4104789373,239082.9896588456,101924.99469893237,358679.12931250996,728506.3473025027,723651.2315601199,2833073.2954728883,116223.3088365177
91974.50943438461,239778.3142116918,251400.42644116492,610292.0248008943,288581.9924772484,203772.63542399398,240761.8836907737,192372.62687477848,2756894.008084109,143177.38218846693
216857.400520716,931944.9058670214,1035775.4185943203,435596.0458538587,830421.5073979921,1826197.179320381,954765.0903763801,227802.9551718679,326894.54853707936,373882.67229644046
2489573.64206302,276333.4999640948,264984.7060718813,5668207.047630411,278478.731117299,132738.4235177894,479036.27219505067,755433.9641448804,448405.63867313275,196713.31091627287
141370.15768061904,1476143.1042539836,385260.7430569479,222400.08834441323,282966.48774001945,627508.172334848,1158799.3489075403,225365.88052521588,622721.6389554238,1250478.0369327934
296012.80995186465,473330.2920271385,715602.2001862222,786978.8381655365,854487.0022499337,108751.71707177366,151275.14675588201,455322.05105506803,284584.0967584866,123763.86848355117
171762.41913439962,2768049.0025867717,166540.00664346645,817589.616477269,150384.59913617768,503812.0281902106,231054.41203671345,1046520.4842761675,386374.17602475337,192334.45647349
280922.92153784237,297456.51689847134,191175.8938035941,781256.5503744013,3845654.185322008,153260.10899857688,426361.414055979,159647.19906323522,999247.9055982649,298706.60798664606
523825.5195634294,1086597.0797769108,315652.5158230164,138803.57336766203,116453.32465138538,520632.81294407515,4215047.453857462,475040.0867456575,333118.67105502984,38635734.198934406
131131.7993781116,671650.0715988567,542954.4647522403,143288.59136181657,175013.3342971851,153151.6569693666,222117.02019318426,128603.70482520552,642097.9400409331,134403.91035364318
138245.33046448202,453164.49928852683,785542.5225043211,185593.8138897886,281722.4993285502,231965.9626638997,358703.5207861567,151241.34858905955,769005.0660324781,135774.8596089731
161523.30744009913,1970888.3585404828,205213.5788517607,253221.4019270704,443164.00586331356,402219.04313193855,569333.4587362468,174569.37364163113,698632.4769807855,432280.42679648934
269046.76378394896,372801.4415347702,207607.99070179087,424220.2620126172,96226.59460710813,143436.06886133234,272394.3638020463,765106.9418354384,247398.770420297,104838.83643684963
1017233.3188833615,926779.0932809816,298706.9805276064,481022.4560296314,211114.80426474728,286902.05323655123,713282.1954596725,125190.08123167185,319929.33976870636,152568.67621089207
102983.81715963062,273449.74982675794,534132.8712964314,5410689.995928993,879070.140759734,627271.2185898365,200076.1559704195,136254.19155200248,972744.3688610977,270891.4044355176
276269.80897713493,519801.9598990663,193000.62044530784,216002.9202466811,175446.49414295255,108457.34616249455,295805.47911225806,336172.47332133097,217147.4577679409,433273.3994011658
213059.93817655637,1048489.1819211893,280983.03958285216,279504.3495819586,447786.71833011205,149125.98119891348,943979.2885040512,1715442.4465679247,551076.5287396953,98324.0269785202
430037.96033585625,283964.8289212297,735015.097065103,403165.96511769184,166866.1807613503,178322.5430723173,263964.45340394607,118453.62505613157,2189761.5758341122,150678.00666010368
1474898.0199467186,1011631.0063032975,662152.3684184717,585393.3734344769,251925.32461415575,223464.068229777,344126.0780174106,137514.85864396166,583470.5142756609,266683.9510241988
349004.245876578,294805.7900589973,241121.88252326427,226568.09389076603,407496.60014354053,370233.5001992227,770746.9328693033,209089.620896357,2935374.086341811,355712.45217756636
1185536.2699525396,330582.5833671633,435479.86662468803,865071.4046939414,103272.5383043658,388845.87142947107,394594.3632009169,240917.73529675032,911861.9791474411,112404.24671725667
644731.5742068237,492486.556257662,1046621.8760232255,247283.53089329787,106171.48996406047,1153107.6006952936,688521.7668997288,330142.0793114909,238104.32325044274,89194.93554434845
430484.4033418753,850698.3113115845,228717.43411569184,507483.03891900205,123860.01267676867,158017.29913467582,252117.8273422921,389844.8095016625,671114.4162979766,96955.92399347763
947042.4624746323,292610.3215387924,361967.7641799345,914396.3116075334,223979.940076747,147871.12327099507,2789556.187339578,632491.4614047604,643144.688954927,105084.96874120599
417191.37741018937,456323.1821183653,543308.6545929296,427765.2998002118,2911604.0014438694,168079.45270250013,297312.20092937234,210255.82059627897,12272084.929243438,3097019.8501241426
613438.1085122819,749016.0827924976,576564.9881417421,1389704.700017834,167817.63573235524,179071.940467926,725925.9962909339,377210.9336387863,295059.93329589657,105694.85239655452
1720116.7376406712,241881.827334108,569369.729918875,203629.5601709056,201592.29302355958,204542.16605872574,419841.35026863765,1939662.7879759015,675224.1448587127,164823.15122132242
277171.714941457,200388.7053427329,534039.3567281393,1554891.087681803,326602.91401770443,264120.38690124376,3294471.2209405066,211647.4098637108,312040.3636641791,440124.9857713559
419198.21401427465,218986.39518502,485757.9354032567,337245.12638086284,542725.8880406154,321419.99389318936,204101.72490447818,198406.6466377513,278333.5841371318,123695.5825907196
537886.5652260906,300553.04854665714,676040.0138630524,778515.2228983861,376590.4071699998,369678.9075075541,1308582.44606108,226412.83027970418,307219.40876535315,231827.50280056594
199172.5812967652,459826.3320106773,358471.5689944783,460704.2283802348,1359071.7870485683,446049.4959889225,346880.1889764363,301255.4717116982,520010.5315955526,381393.44154338824
349923.9579348855,916679.1100702919,699857.1397728887,1277684.4433815267,151492.45331035106,850150.5314473992,632211.1833852306,1225908.7396298589,9772800.419602275,142409.00464362765
446042.16517792153,244245.66875139417,287759.8614453871,502807.14549722173,240359.05930123752,127402.54171459435,496250.70847342897,217788.7899486853,253356.77463370297,376756.5848421501
539618.9301131049,9714726.010311257,820968.6624291297,255894.99174627237,587064.1414721438,118896.45599454136,1697608.708753464,409016.08170224365,286577.01176445116,1547596.141578789
335888.0748180807,391153.7582166673,338427.83987321064,4298096.31501091,171883.6730722388,297134.17351722636,308385.8516040152,1031330.9662329401,444377.53522241523,89830.73836897386
943124.556504345,720894.9655516294,509027.04813374113,364491.3559921917,227878.7884525548,949067.6345417609,443585.53384754295,282296.2788996011,553539.3564899807,137999.75581657578
181151.70001472443,14819919.320527166,930469.8459472044,447066.6243351933,392910.7301852334,227713.00795794645,585188.4886977875,3018101.446601669,770279.2535760165,265776.78761157783
267057.3229342982,447188.4598861571,238450.56529141133,670274.2253501941,659121.1788329475,470717.8954190988,189250.6125542215,247598.57193474344,372124.6920498382,521136.611751045
525386.6894899996,1745164.6585088344,322558.50535585475,175503.77355383185,213686.2643518652,199238.95923101148,395358.1914870428,410481.407002117,970873.8284416042,91019.40073200504
17759194.768515818,779984.2217508336,421768.4794717146,235215.18024925512,745878.7314153638,243507.480136507,889221.5002463876,1016017.3695336719,202117.11328727705,160433.15422443513
3447602.7887150114,2342996.11844376,421551.77405615174,514223.6657463105,296431.4489759357,441338.8936757836,343893.9186221311,350956.18252743146,222278.1420224759,389354.65418699814
269608.73372332315,1602138.374410335,462206.4108745002,178893.76876415743,906492.4358136143,735513.0216705473,1486268.1340187422,2578943.306724607,321480.70080481505,107123.24265993832
350573.9756764042,349944.5682452038,631215.7430680279,185622.84298194884,214712.56937137153,205673.94381102303,225040.59552964935,548944.5632911148,513367.29355377646,97396.47444315269
531570.4272005006,28463297.59987802,2585839.426978035,246138.88707882032,309440.37616926525,214359.15008501202,346119.08986621385,26534892.585860528,822259.7439809347,119662.22734683589
330580.10154627985,239056.52512878436,271895.21655614115,964976.75598685,491584.57748761156,223652.25312147193,785551.9648874414,695807.0800130209,263695.82588831306,192938.28135791366
17530459.849044766,364320.6586162067,312838.069960691,180490.77837632532,284329.6006131064,212134.86288389156,357718.2825499666,493972.1670541851,427479.69123334263,367539.4150589185
211022.55680790514,1387914.643033314,443836.8687123031,185748.47478776737,728827.032811006,249816.4040835487,1108428.5399012894,2482438.135450368,941787.4980523798,81283.67122966543
868846.1592535123,475981.7244007828,667968.2425777194,697804.1969114788,311642.19877634733,598146.5231944486,243977.62767236284,258174.9340003269,186556.0747143812,99695.25552398755
194031.84600891656,1746191.9828112912,186267.0999336458,216664.0937811283,1689193.8125189831,168666.7375325919,2634967.284463414,915482.2598341429,300682.35771877354,1047179.8822549321
435106.3301165816,415811.29685734055,347661.04764042585,675716.7531753414,488567.4666925319,214935.0429289931,227051.80843384142,1282863.572594366,510327.55569774733,117649.97857547081
253467.96816597326,939758.27732962,852677.0571852007,236349.62165855072,340147.5741955495,344560.46669626655,1133866.632618394,203732.8430809406,672917.7729260828,152127.20943032374
611003.71008966,316906.1239020738,172529.5635986144,321580.03549767303,1427598.7993093145,511841.9426672326,384670.02614187676,416435.9394983136,849379.8314188945,407499.86427811824
1068324.4990900736,564988.0037241898,333212.6297564535,485267.0073269747,375499.8019043,168971.92770519108,798107.6377979768,496004.00405371294,209713.30853786983,133266.05829433573
254814.0214140596,992171.6160014083,964846.5872655606,694106.2084841907,2209726.16194183,221681.1003223616,561788.1696973393,1910893.5959505122,218546.9301317343,156352.96257325704
216082.00303988784,406394.96102178394,218313.1861509058,219535.43111255488,916056.4830082592,474077.8518553489,1241480.243807672,189808.59469577373,563681.7598523188,483039.6533036008
297265.1447144755,21035989.60076771,221534.79840049247,345985.5765507847,294691.0968804404,220872.88766141198,268810.40492522245,229933.3870359501,2579788.951749586,113908.98036432397
599414.5632180381,277287.01584979927,395006.459641398,786726.8189945163,403500.15912390733,213882.06403051544,446631.12720690254,1111807.4751241421,394067.4332048691,113294.51306650901
1463814.2251031373,304859.4756031076,689589.9818003038,145668.9609647632,517365.52598175185,217319.07396693988,556187.804039138,162923.9526658132,543468.4343357808,245565.85873098587
246822.7747650651,8493729.428868195,233791.6820826153,210979.36264664226,716757.2017384064,256889.05036717025,931002.2982163541,157115.6405716062,698523.99436972,868242.2859198734
733306.1509103116,288883.4728523226,254713.67525388356,307873.14128618484,224791.10006997632,296695.66781419277,136926.02883533074,309777.9758672258,1235376.6588288117,109999.45678181309
1899329.1589621238,599874.0318051243,346142.3686224466,41258022.82157783,298126.36544081254,397995.0596070846,145146.8550016758,1956259.609395872,226466.01363530147,230262.71411082885
2725847.053198076,11702825.667657021,454891.20481486653,257292.87334976124,749466.3604301645,842441.9656257862,192938.66744451842,899064.7117727676,602034.5447960544,585837.6525268784
974390.4627048231,818910.1850583946,630842.2770441433,352687.4908562934,144134.13895542434,147113.26724561315,308479.66499107657,273811.19136937335,330257.29263898986,280264.61764093995
308714.843397343,710922.4518969179,544843.646757575,1104213.2565229537,162297.4424584871,132623.70086101355,653066.8059872095,429933.88828488905,455496.884542287,1111099.1445884346
516475.9017369087,1917188.5811110246,4615164.1055838745,506540.6320476646,545603.5479732547,197995.87084085357,330550.2647948269,952500.6002938311,1066912.1454220754,669763.9943212064
676526.4102455858,645209.2702354023,160963.15321671113,1248468.625817665,147812.12804357492,271247.55596794834,566507.0008098164,337987.5234880338,278855.02563810156,156070.69975197152
440071.75343614747,10482662.651024882,541233.4770743065,197822.79328632733,195345.17411649192,659950.9206006685,306367.83719303005,1733892.4070721169,502809.4706950374,197437.1210088887
3041065.736680555,469205.70483574795,181700.0771273823,367040.71902214503,793735.9693423496,182904.3391092856,311013.69318428606,454857.7764241196,857807.2045261734,383232.01080086746
818520.8643628862,1990838.6098929218,203331.14095406653,927410.4094883378,141894.49147015414,275949.4637620178,296795.89568304515,2898152.733409366,319780.2556272335,316821.1911878473
331246.6189506868,702649.7979954937,244189.82322652772,253633.48566176044,166155.16032087296,1256010.864257438,363736.7195501524,266014.6192517318,701655.3243557882,616081.2199397358
4143416.795305802,1262892.4748157193,361159.6433329053,590204.4366213554,593915.6125970344,441685.7439421587,400605.485527527,323643.3514384582,419430.9178853662,293948.76227658824
2689551.584675889,3547701.206634392,606016.6468517866,248542.8506805322,157309.97658325252,947647.0990349161,718950.8871212536,610808.1803044556,7705621.735122278,1428872.0965954324
280464.0729188195,375039.5842533013,229232.6153475554,423696.58022488345,164324.51113720756,304013.27677854744,220512.14302645158,17348995.48623742,456537.85351297306,131814.42771555454
631582.4846931896,653073.4794875053,504401.9381003788,1764580.6215459742,216378.39707898584,692602.0175767974,289685.1682457448,221025.87306809018,719195.8360381755,142993.2690973311
185956.55501054402,1009183.3930811873,1759449.4688625522,439482.1046628769,363358.56802415405,310414.3984772628,918167.5529033385,1106620.755364809,1791641.8381407298,161675.5567065997
403252.2205601686,645277.2752139837,260572.59464995313,1356889.7803256405,671940.7223209443,854455.8853439549,413907.19097997824,178028.91508341322,413020.5009454356,163348.32659952933
826569.9757877244,4387279.677203743,868812.9699404279,246300.36824642814,138105.90630528814,243733.59624635192,1364040.808851117,275238.4366774792,626755.3448157357,171949.69332317665
311741.9724157228,8155107.572918548,249659.39128976586,318283.91520000674,128724.3817419881,395627.44140374725,2186162.1995664025,813908.8914073951,1703893.8099950163,292416.56972589507
522811.1401097143,302982.02773017355,514294.1593385635,541090.7659260535,201156.0773217248,678629.0638589829,204930.0172729554,382868.820815785,618604.0134667354,738698.2792373463
751306.9885148989,487411.17616484786,1083877.303338115,3500094.0817901,1401304.743279309,380286.4412900283,195607.36433429652,1014401.8823004172,2347804.5312669715,219722.56089948484
723368.4573807108,779446.2436356279,326351.83305747557,504478.8175022409,159670.05524549886,1641225.8234666754,349976.85194853897,558187.8569271136,608499.3023488894,403150.5948368636
424227.4588815409,725681.1925247633,412001.0973086435,1410503.2354844853,239522.36905909638,446520.08159211057,1337012.965763826,1122057.2722857385,1833236.2737504272,525952.1370909291
1006176.9458708074,196226.40117340922,1018790.3858493019,236307.01890124904,6228156.934541296,753069.8268239708,316217.6312306443,571215.0707403745,449094.50759053393,173938.3285113792
620546.3951887517,280977.58567878825,250717.19362192217,618649.6077603456,601003.6012437927,1600714.6793801947,921220.2236187366,1511719.070094355,438202.120349742,287883.72538329585
1478586.4808786944,551529.5527106888,406658.2787725006,149451.04515933487,180000.3861162269,420479.79409382265,181245.58803434606,1720683.335496469,560562.5468148524,542026.946840623
987692.5642731613,926384.0809493163,1727172.3832829061,148817.3624830363,186238.78546424088,737539.5610289405,348041.4364440188,894916.0399190219,2436698.672768631,128112.49641314267
498295.43525300064,283815.70943711424,272023.72173135553,181302.4582536996,329034.45941927657,211961.63445425552,700390.9098440112,452198.92200546234,312594.0662532435,534517.3305029708
1462261.204817387,618378.1071258009,717380.1302194593,379089.6155430785,1107352.851115963,245453.36899354917,183900.17870077127,1195886.6438029138,286298.54260677774,174320.85279533875
286539.54934061633,5974121.574250818,306636.7848478689,857074.039920737,173282.95745082753,430824.7705554189,163525.99113354844,5247531.741424264,269816.21180863003,336514.96882567904
671991.3234665607,790382.1815323769,4732362.256973096,184724.53367149574,236377.4446684824,1042014.0636997266,248456.007274689,965678.3802891257,358121.82283925556,772528.0508381391
257561.55869393906,5261454.102037566,279156.2940489253,202403.528986237,356168.0933009617,344497.71174559474,2169564.7089232523,441734.90594114223,823533.1998474561,197613.65628577257
617834.4146577113,648933.9573890218,617077.3818525329,388566.4970819362,107095.86188327751,327240.61651782563,362597.3829678914,1164275.566024952,3225517.088275723,546643.9416771266
299837.0987905689,1968195.0377953872,4536999.972895949,865059.5582768542,106024.98100751656,955146.9239946664,434864.66524248687,746269.1610742488,788353.6400512877,101529.25150054986
4577637.022325312,438099.2460966569,190925.78675557685,478130.56225921656,131892.49553913117,206920.36802513956,587495.0400566714,436884.228135395,5283886.258078515,119174.62406641903
180979.9849840388,3846353.7455237135,227779.66505117618,3125572.4549032906,270558.4003020375,352505.3718467709,6985338.202361926,1657694.9151580743,716382.0959363101,156251.29627012572
156538.8949138634,587153.0894623789,529596.1495916323,282402.12430846784,1536905.2547158196,2624031.096702257,213975.3408791279,412240.85574402346,1802084.3765542163,254668.5180596251
216465.5353524505,6564351.419395605,332267.2315511675,567366.1306290755,584658.1111734527,559250.6773502652,274440.62042711215,703591.5540567783,514216.2321273745,657675.454361995
612254.2170676036,428053.7937296656,1232204.567594494,490031.7454734852,153695.94090805954,4217993.324098887,397181.58230635495,782286.2172342032,2592460.9841112695,186319.52416055452
230146.1346513739,809291.2972479396,315234.1904387813,9248504.72304987,237680.54752094205,900592.5299374255,607284.4465904762,329645.6713692113,637550.3258488968,209509.01345129422
271630.59060725285,26789206.1928299,751070.093891376,294193.5219811033,291759.8743037324,445761.21968119295,726183.0091838995,3608152.8721417487,1048747.3129561977,377240.7497807208
363508.84362079133,506983.4616600461,315887.73623155185,463208.14441407763,837840.5673043991,789124.7401072193,433898.22483731183,524305.1711972523,384624.74134068383,909707.5678749783
505362.4182795239,1167623.5574144714,52852684.71838064,1002643.5518689184,138767.99044478626,235413.82200978964,1430266.2010145383,1551000.1187642612,745619.8534781497,272519.92717483174
691644.7121602569,354266.28489872755,564222.7373778952,243422.92958809496,204367.53674747952,547618.052820338,260224.82027895882,169171.36198951481,3210729.5780634778,1052363.5199537629
246210.81407464755,8861348.81585773,1086757.3285350741,526074.029856605,404066.6034960398,2467184.226332239,1102635.0552329272,192806.38582839037,738182.9247332078,200423.7426097971
558517.317717393,590747.9523970236,414992.61220606545,2109311.7651471,1069433.118854503,328630.0273884245,226834.72910279402,264959.51346037735,3738367.710409795,740455.2774994002
4921621.942499147,1330691.1932969515,844196.4153541897,1970748.6999290343,163773.97161152834,525943.6996716296,978847.3440675609,349037.60374238226,1078720.1309515669,230659.47629852418
331802.6268321981,536086.5860812846,607212.8652655494,459697.1982002767,308131.605262826,2003267.4586511983,249621.92636159973,470337.51579337264,4390754.508640843,270803.6481429321
998009.0334842246,983648.9763192725,4011170.0528205186,915572.8375748063,553997.8774755213,220279.14972857357,396957.7427772354,186819.22992185538,738900.5240515177,515201.7059009315
922207.855310949,814142.9158218824,517327.5282981434,1028222.0168900779,140262.2035512849,638056.9215737064,509985.15411296743,180937.70178794788,2045141.4892084482,819254.5862507529
318771.6607211071,11697645.654803079,604698.9569930752,355600.2489891051,194201.90996636148,226674.8745469827,750059.4545117844,278453.23581922986,523837.711282133,202292.21228503017
528670.5891938693,417936.36921254895,657148.2654996703,1137113.4543068,251731.4271115237,260665.31958609197,221754.05177904514,344350.94780293375,2404649.9226536145,4547426.732583744
3089580.6819813997,2107711.3870662926,820026.0086583635,994297.2367914654,580014.712624887,475590.2475283394,287122.35994744964,475864.24141652917,537902.7996226235,167225.4961179655
310970.28968543815,438104.7076392062,1069594.0853976,239144.36546183453,144911.38515867284,1113354.240197482,697394.9229656167,883731.282668324,627836.0417509231,181411.64631555375
557788.8644756118,701367.8235049794,11823335.969644386,808480.4013025836,360468.9608618756,157956.76424706576,8790627.440235803,189011.9574222634,885871.8432499261,239411.75022561388
1065597.5384615508,1304505.8868393004,354010.48426569335,338576.48001717473,1568746.0489202389,180347.1380144881,273119.13919077284,244375.85588762476,1344029.7689822863,379647.04179249733
3298487.3495050464,622016.7648610538,637151.8137906606,1578676.8079238841,201764.81154579076,553544.3521784253,1006588.0337688337,519569.6051367656,492515.17903879774,758399.1982345004
1488715.1265058168,2715376.2767625926,1120644.4016734778,174063.3867108792,303494.8463105604,222226.2328491244,1391631.5024408489,237161.0943229532,755553.9011951371,195373.3620118055
2792149.8453975394,292657.0665858624,528704.4132647805,188855.92609586165,356219.66024614713,1192871.3404709434,320671.5095357201,333047.433919771,2243083.5684082895,208304.31675653148
277189.79257160914,351520.3233115737,2366558.476300875,298579.16122235876,437762.59559551504,220358.34185554856,1430003.501758301,855593.7867135811,275942.73942068487,638334.0470669129
389212.28107131924,680205.6046393912,388555.8499591324,392586.47026514297,482683.0998327196,578475.4977356009,324219.4757195622,131058.28222667155,443432.8409798439,255296.48966280164
573986.6829609984,1207652.6424001374,704745.5149115357,689335.6096033414,509291.55764192366,3977661.200742494,681801.3927460698,205748.73886461958,1371989.1336808356,845753.6445607601
4041642.2360726316,534433.1446737682,1133765.1643272708,214057.9150266616,178949.4450940327,427788.2673781826,1470840.305708554,445574.3059313575,428951.96321383456,193443.1087805517
364142.71904818306,2220034.563953355,459026.49539485463,719951.5940766918,430036.6270848464,916778.0133584281,340631.7592942418,276708.3295414242,557063.5174972527,588594.8395159853
917667.2513364085,430726.61269308504,1061442.0395429202,388096.449984262,20518778.31068687,144656.69805097007,345976.35855030525,475448.87251121196,1048671.0201536918,190118.08399019192
591506.3942083105,637277.7851584689,327343.4793717952,838660.5097707435,246728.7208577483,1536303.476261704,665812.2644870483,188553.62388720555,1553943.206965816,397021.8609669468
1781644.9316153217,1214100.366428107,686501.6378507576,6092912.897526801,842480.8979763603,221823.58941699786,21896951.5556558,269760.01079944975,420570.78012070485,15178104.452086935
454675.1314394705,464463.7682007465,2024210.6163784098,548906.2968793942,200708.841973103,520127.8844944299,699745.6197757882,380734.6132666276,564609.1289382313,300551.51191840076
2730212.572773502,637137.8939753345,450094.1808207162,317556.83661107614,751221.5407502229,5435242.483946376,2407421.0110244974,635169.8291825212,916851.9872827347,462457.85206709336
383212.1246908333,1009829.5167247062,1625822.836538426,27499403.33664685,1603525.3238410545,148620.5606865675,800554.9446537041,268687.5983305569,1876157.6541767912,742588.7277091552
562831.7396903561,292087.4700475913,1741852.7585461182,3047212.870149835,168059.309633506,189539.96067849547,309232.5978318705,353362.26236762805,411304.00998356787,244815.42413826866
5848479.96893245,358693.08921221725,537202.8866192339,154994.86122823408,367232.7662386574,242223.61046048283,459675.0558495318,698988.5462182476,829767.102602028,465035.8295770673
1211463.8770675184,694212.5439321119,1514093.3728616375,321873.88116242574,677675.4430366062,303318.7560152874,1608456.8810164994,142054.02638519843,3490202.5583650107,21652998.740940902
486589.00918162696,5579891.16413628,278968.15676556056,574873.1108301939,336146.00639052223,398567.6317433968,316262.07305180136,229451.41652132972,566861.9443024029,200113.09877671627
788155.8557025007,1016557.8655456464,330570.96829114825,1091295.035905738,1914804.0318341535,498425.621673766,438270.2946524669,1041790.3154446913,551168.7569346484,326304.7873913071
2431174.2113272334,383823.1223712672,541340.478316054,185744.55797271762,222932.2039458982,125968.72881368989,874045.6749768053,259668.21014696124,513006.464963344,695181.5551923548
407324.079864508,759295.4517466619,884963.1543582383,1609131.8428146718,443061.96427776065,202799.21704122564,287843.66035244486,603891.8321017327,771225.0872089184,279696.9200812772
1581011.2120862142,959401.0027253103,298881.0717240333,225532.41498142306,1141784.3184529513,908627.8388262423,682602.4274287517,197083.87912815277,10633706.266133532,492759.1107516936
1408922.7675588597,1166601.3505352235,585365.3242764627,283240.71693373146,208030.5354149826,158480.3542177586,3914797.013971659,230769.5084112457,825002.4558585533,1097996.7398231165
5179376.966810539,424266.99017098086,1411176.698607265,499226.9959774023,437667.85705519083,878874.4889268187,392691.21525270364,1285322.4338086646,7050548.67487829,260596.2668717142
1494486.572459874,2221012.8077568524,2977709.4397287606,1087685.4308465216,602592.802424373,330662.90320647025,713753.9320420848,360976.292531891,397305.09940934146,704632.4323432912
331631.11184818123,209853.20765019857,437005.93614942883,248869.90943151704,1998330.3136876565,1566180.0716675671,1685517.3271769867,973804.962158256,662573.7081553058,1604820.8620349322
416773.2629261605,771533.71861496,1227566.2616007058,608018.2364244475,231877.31589375273,272878.7439321602,358113.6352766458,188546.68530632963,1807845.3785139965,257998.4892123423
607190.1924617125,10659356.61983392,288604.31370031636,1766746.8081065041,17014191.736408226,1204546.1031631911,505178.8464747124,207979.5977527001,759516.2182264449,396750.43737339694
859385.9022697546,333244.94866854063,1114720.7454026921,371388.65676220687,363210.9895106777,164000.50100001678,3395760.7649764735,283881.9093152845,3273532.736345913,4137489.599301235
319859.92061186495,434016.1971019147,344024.0986134334,569421.7281856257,832906.3472390432,279799.6295194309,301350.91069978994,600921.9145451579,972573.7339989457,251078.75607900147
635733.6093089555,1757303.2897126442,295796.10524931294,631856.8608475181,196916.2090850554,495869.4122170805,257642.13977717535,160426.0932528238,7733464.751821111,479684.6841269968
1094410.9487661042,579702.5048666224,764794.0527939368,647025.868912308,219147.2657560552,214903.1771417533,337605.43560096377,205934.72798696018,735475.0576930351,3023692.6007092516
367559.9768608905,2721503.1907812622,3305924.3302016687,221257.85615917985,387804.8135430962,268091.92005949456,549394.3012506774,281993.1351629421,5161076.332847856,216766.1820476344
629666.6176876985,509514.22114249656,329371.7379932456,484162.02708537335,12948188.71375293,773527.3605928802,641429.7360729612,731356.7120258452,611405.4540298649,242790.76458798698
1261599.931200503,1236509.691394108,655525.3293826784,2646396.6009660484,314690.33434131625,150534.09799722972,628358.5900029563,165571.81142399885,1656321.1223016032,1351933.019666994
1126430.4912829082,870887.1436271963,1111063.0614325241,464510.99105590896,598603.3154712763,354297.4133093609,803353.3519101918,281084.64149824507,397041.22389317106,244918.65470698976
213130.89479110407,1484651.5934762624,616609.6717551305,970909.0640315937,215502.46637945052,1038687.6303933872,1008303.6600334725,621735.9522254644,862912.3151619128,1358519.0111343872
270084.585814595,973899.5005740036,2301697.443979968,202031.8868330844,223550.40444885712,304075.01829688955,234200.06335605157,364345.05788645183,4307535.033165703,364636.9148674781
445205.23880279344,2314045.5075714416,339668.52069992054,296520.21508032054,350930.5942771251,673885.4236823177,280056.4641652395,1022473.0741608975,293325.2584247,1297779.2250581617
588795.0279954488,682660.2884029979,412722.1864787732,3370147.270640252,5804953.807995515,248624.1900484945,499880.9414537685,220827.1311261921,338563.20716345677,384883.71506401483
252536.04618620354,3137461.1652236287,539741.5164060123,320921.4643482686,227258.16209831613,527749.1903480256,1140370.876892046,296309.0690428666,530188.5859271825,1593909.2738330406
323058.8331489025,531521.9589819473,571875.6829620961,824227.7785603034,401667.09590590507,917549.2634727703,319348.9831574182,420486.9949267034,756522.337662888,258288.48084638148
634091.6674557021,1386836.3841006972,624520.0831306255,236146.6892914023,743520.0933331135,180030.29665094172,537372.8758629826,817619.9674259676,1747903.7292628735,974676.4724598456
237294.2371039312,1344919.2863130826,783733.2906535354,352820.1800683328,332292.70183455,254934.06179036846,1269217.3075851102,217583.11143354897,958966.9418436642,500047.756209395
328214.39345583256,458025.6295268289,36917946.66378619,790965.0012259933,559377.8906223965,558455.7353422549,349391.16241698805,272910.1338539636,11103294.68315075,3841824.248601741
617996.8348924761,589214.1211291042,401228.2290730132,442343.9479304948,1011435.0004648089,148535.2208791077,1565110.9456913678,550719.5663486121,518423.3033168828,315643.5889856786
259896.05837406134,645956.6286946487,667696.2798202356,2027660.753324225,332170.05547549867,195416.51860318123,432589.66815354605,7390773.96267252,1410862.3342862464,633911.4188606325
521094.4605132387,797389.4844893796,1092477.2085503968,248775.02030758283,677499.899365531,625245.2427422962,932091.0095473612,378406.80614626163,670659.958699319,1235211.268210135
1520179.2672400048,1064429.0003643567,278182.7578159116,461994.81634010596,719985.8255096755,148575.24372697348,1744609.555047221,610970.0416832273,4092618.573259659,210284.09663782472
244526.5615468658,303002.6716389353,430401.3260477587,721462.8279663732,3502874.659824336,141300.19077351358,351909.14435178554,980136.3237027697,2003940.2282229522,385029.5196507223
448701.27408644144,334480.5824716189,3059765.1903754626,165888.28940283437,269544.99759440986,210593.10991974594,634691.0012392217,225491.44118741679,1940783.5782652753,638698.0843289259
750490.0683285339,441204.9472847806,327650.15067244973,198352.36525665503,382143.7121388114,275187.41204047116,1495877.0290816287,222746.51782312948,29730494.09110137,171059.79348190074
885553.4693080992,526069.0150463334,353430.7600592643,287607.4847750828,664315.9579175143,371969.1457642562,462351.77249576524,432717.631787432,420929.03821906185,317794.967709981
252822.95233564836,726737.2264525539,641257.9962153137,829443.044470408,836156.0370469969,686385.5948289667,831220.7090142721,6708542.274392357,629717.5833895113,904133.9969230868
513191.12533073843,1057857.9898291854,2132366.235896723,265413.7797232594,247928.2440051242,164238.93318015995,1932229.4493668485,359145.68816566,1129659.9504569352,227235.6151263753
2616917.0652014376,1892297.878983209,299411.38248890295,569468.4038423869,275266.9697212885,506721.8885646777,870522.3996248634,832762.5249301994,431552.1026278399,303422.08310586505
561354.3263926313,514580.91973699053,363207.9733424951,175649.62812302922,418811.79629380704,125202.11957892746,5654466.009118484,183130.98869893822,872360.6629233616,23751000.101489894
937371.4743962407,14733908.11761776,954039.7958668125,358970.77356007684,648129.7890969112,161861.78325561108,473353.76510567765,457634.55229628645,2424548.549066026,374190.5057245615
3822727.2654665057,429506.52533554356,315283.5220307323,791946.7587656964,1152233.1963756194,370010.92397688504,757265.1701719367,2027127.9818471693,823209.9816327613,1616170.9107842303
343595.13561933726,1038041.6370561989,399125.6016586089,726039.9733265155,651462.0042911001,170431.70400758227,770380.0994789046,252431.54888289247,3541190.6658868543,518087.5962755875
1470689.7284524788,411909.1675090834,990810.0933277172,4074239.8104466726,5474924.324760998,214634.21521179943,1059627.3056810056,271089.8417492744,482930.0440646821,2191551.755251361
229400.2782168593,843257.5883129322,394884.27720621286,268094.3826679606,423273.45891287073,290143.68023105804,430112.8668378589,345038.7849582605,596287.2590200923,388210.58206835936
365728.19813816354,1176320.283633141,1046207.901769658,388950.27932931355,684260.9945333947,502187.0473913163,532742.844757837,475017.91604153323,1282787.15060675,2040062.47859319
561273.3121417109,474051.317310265,397490.7546010541,593771.7803166329,2481588.6836090796,166588.7902534647,994411.2191592371,1407847.371711014,731558.7839275412,721575.2851706003
1616949.3091034428,699508.5451897715,1096205.585392857,270326.7644706911,285796.3065781303,169595.808629638,336892.0395354058,205373.66493411787,1422204.1399428856,796887.581602203
132307.02109943717,2403432.734461695,270335.57103056606,446608.99100137386,459991.15101229656,379862.0106298383,448265.75632346334,236732.55991714535,722653.9423376089,504799.51834514714
179679.21651578142,454359.51888748375,860646.8876061123,590459.367705184,819684.7295086023,1380275.2198283079,1264062.6367738876,298437.74870876234,1273087.817367374,1557240.2118616719
327065.87656698225,649281.0450476741,367217.5575700501,314745.02204841084,584271.6436491741,508392.681156222,570953.0529286315,345480.45363532746,532355.5618113137,281483.70889952127
501184.8681368667,1078937.7231309155,2412226.672276313,573200.9490596447,300443.954604563,2269792.9203393357,4469724.037943436,415880.88847531064,569165.7652450006,499917.3417997989
637868.7604293438,563596.1693611,412150.24268436397,1690842.808916914,436899.8194311744,381198.4531381004,729270.2013611563,449004.3603264263,1127471.1739413526,349311.9101784517
163799.827373727,1696810.6830302733,585902.9737768543,172986.59310843772,562672.05702467,1326114.6820620918,5935227.247248618,425805.94083168556,3434368.9486756185,567278.1817666031
138358.4641549632,514212.1987183386,973598.1450961921,546842.6438646566,3505628.1905346927,165864.90819868445,420019.3600208642,836484.4809895243,1000236.2703255648,190798.67352982302
259150.17602257273,1443697.8254579252,355013.59200067434,212278.84579082875,324637.5699333047,671605.9315198446,563847.8267968313,151679.02884554295,2896971.6353533724,265167.4801585614
3492826.2132168123,685706.3673373819,532968.9087438292,278142.32147994824,679598.1328629054,197379.8007946057,975473.1811066951,149879.62485504942,433503.2649906572,427386.41973150184
178354.71717619643,1330331.3054973967,705974.1515328117,723474.8559102552,334195.0479236985,153249.52087930194,692394.5613007698,140637.84567187465,1564606.014396721,451507.05056029843
192220.557804426,2797061.01182785,870996.2788690934,353734.98303115624,467116.7331737891,221701.81530560384,2571234.217170965,158233.68586311655,340304.09130716824,571532.8513041473
227862.29397364226,840911.5818261744,363007.42114178254,869137.3241423103,782250.5296137667,509693.5578426498,544805.9167206016,205122.03749975807,1274350.0173428701,126561.70216174432
340695.6613839118,4334716.361593845,1145012.8617227387,185591.31953160712,3099546.7410005527,4576518.820822575,1384528.931763727,311294.2130422873,602113.1648545022,127182.52868799148
624064.320356752,1351654.3876135207,400091.65600035485,391197.3893548983,439225.08713124605,355738.75827817526,718061.5799330417,515651.7520261228,2871868.7104167887,482525.8873317373
414834.81650807546,729146.1463034237,817449.3174021486,777008.4099260092,1059432.600905398,1643109.0107557527,1097451.9695359578,199099.9534152451,1244206.1300109609,5919966.951153576
1040435.8293276583,5225832.564082705,307843.3717015635,228840.70537291653,330910.7085847983,288660.9787282374,1278123.3728909807,199197.16004495657,14815673.439962786,226548.9055495197
235858.85676144768,823705.818848022,296032.8545749519,728716.1600224915,480647.9259324867,376075.3944440681,454610.1379281889,342243.6704015186,640635.9142015604,1922961.8413750962
415971.6699710742,4598376.958761476,466561.24579988915,3578011.7341102096,638400.0363193506,1124371.7926015672,631661.7077558414,678882.2583093264,1361134.2493238095,183362.27554400224
580879.0139381024,972041.1460281027,554511.6827657928,570977.7374307376,305362.4883893924,238814.0727825551,1368403.2524705452,1722735.5204618443,413206.05022489413,5397024.694136992
1152858.2057651887,5244805.873784202,704130.0934482649,1698359.179894947,666273.9618358305,275312.2267721342,297499.901583903,180287.52339205035,395001.319114932,325865.2820471977
344363.09598898864,2076274.340231476,1129062.4901183324,247412.2848719647,2480231.3403668157,424688.69264671864,342174.84037352074,204284.22690921926,970351.7260295033,692277.9127942206
656647.6101427571,884876.5857390361,406271.18621303816,312358.50929620623,416079.8888110583,1208259.2849116165,808647.9300914932,386486.2357826048,6477840.9458939135,396298.21497344354
1426302.0367689305,4049650.536333046,631704.7334016868,1641122.2371170444,611155.025352268,207051.36506484658,8410886.440993542,1616213.944271835,362807.9896493543,1985008.707766849
413384.646547874,593956.4804995718,690811.9930251751,445849.7238402911,2337883.5181456762,265350.0583814089,532786.1449353563,351419.7796031237,508752.93940904713,377179.2916128832
1994373.6980186277,810534.5120221719,708925.7367089563,1075940.5907649407,580945.5219776223,320527.2901077807,1221939.1943821758,1592234.2218822592,625583.6827799489,1137078.3043648233
257018.90004594918,1131966.9297854125,758466.3844650418,286060.9733302207,2810214.2710417747,441055.06308766705,504632.1003040117,282410.5483748767,854679.6631446562,232622.70255189855
475872.3011770643,332044.99344743125,856778.7799951452,410832.78370505874,378859.31021067157,603119.7761292898,1109396.3029690906,337965.70924964605,1670807.2370132336,1326992.418809869
1271564.1195550659,410038.617812437,1483833.341544982,960300.1260735145,886600.2249104588,662186.3907695485,805431.6866174177,506132.3863771083,1083224.1293741332,180945.27459503908
394776.30418960867,729180.5837006983,441336.45715015306,272795.0630643846,251828.00137258277,281609.1467379723,3443107.2211697716,1354084.0025122536,3888215.503186455,231429.10041521545
694574.8746213046,3009944.8559594527,3075078.869994401,218009.25778647518,298979.7035981139,1374866.7218354426,519321.9907857472,603747.315034671,716108.1223339611,419263.46473577333
252001.96781562615,348079.35703688365,252935.51478725648,349941.4545919552,555640.2611518251,214160.62368185108,565645.8230672047,282341.76359061,3821860.9396143304,1057265.5796625465
729349.6386081349,622987.3438530834,673199.7455308258,869898.6277377773,2313455.3870278825,208094.944385794,639183.6759528464,1340043.3499414264,835589.3909426744,567379.0740545264
303417.94776871504,2143754.550418961,250268.62308994983,217654.40108430936,720948.9248535587,216744.084649102,692951.1363684796,215429.58670233292,1814245.4578659227,14513200.377732484
311015.3948434324,602925.7185059167,288438.23109447653,298169.28071420256,10070015.59718422,259552.00368117623,844706.7538308327,357487.5926320432,549394.2057569881,223839.61808250027
359479.5389375214,1101463.4454059827,397305.7512200359,401634.4980203967,6639209.365690726,360448.62602206366,1076103.4736089846,1293027.023655134,1733227.4278603992,305267.8197569711
489162.22358151246,1498308.8567615016,589443.9216790925,937020.5811396302,1411378.8241046625,627712.4761903251,1524636.277441544,308195.26695337234,731555.5688721717,399629.5075910406
646987.6264002072,432584.0455955934,752959.3261482137,254048.63015257695,353699.21934265585,349417.54413644504,466037.5949609829,2807077.034586601,1635445.8938699176,495890.4088493001
543020.4177740223,632509.1455401857,1284354.3670665664,587633.0271264772,411784.66067580314,910472.0038061487,580317.8334674094,294231.48693133413,856342.2659919364,545324.5664385633
627079.8561318817,5047913.499930672,233027.33817712963,4542563.078791421,476003.0066848851,398725.68085935985,1511686.899345391,414664.7176176269,1320858.8446781032,537624.570817454
898453.4133779847,530412.3423467062,277805.2246229727,265740.1199482571,668569.3190480099,750438.5259848284,293729.6996729113,1549347.5859953463,1322254.4794734197,683183.3348558566
254197.6877594589,810763.6873146776,920413.7826250305,3637616.4689246183,212834.6033815568,2492172.2388532357,363245.3949252207,402127.55611689773,883115.0438338344,204060.85404418054
247727.09007922094,947912.1592335536,254799.1474785878,380184.5167943613,279112.33322520496,300550.3528026633,506112.10655336623,655401.5183165638,2422744.843329814,301142.57812480116
388755.21729187865,501716.0652604711,372839.1515469622,470978.38388734777,1978288.4929632866,428787.5876271285,1388532.4223499913,2364298.501711987,494817.5994596761,655209.5413709092
909914.0116229714,1065762.8951042818,870498.122536666,499081.84257931693,543177.0652378997,728049.4085508396,492118.9585713254,414288.9465845834,1366143.4090709244,274676.75046899996
347064.6643064493,3013422.355383105,477863.7563441717,1095401.2392695965,3258300.946775929,427791.60103947984,971995.9845749056,883816.555107977,628572.8223826578,573848.3645833975
912316.4999568439,518273.53121259797,1849553.6731358792,196790.4239837181,400523.3084380724,3064056.007076063,2024140.8987305348,370383.8229098539,1518995.0370364846,816863.9800852286
285227.9496957023,876329.7257055566,289629.3805845579,259767.7105728805,548804.9522193153,258672.70796613736,373661.9820038073,490805.41019016574,1664978.673822435,188184.08554638148
543886.2895638549,286237408.1546761,444069.524476344,442178.816992346,1185490.471775514,281575.54556887096,424220.06350179214,856968.0953555042,24071595.39627224,233811.38727433112
654598.7448354983,382022.7812012206,889945.2048701788,520852.7692824723,339274.0553045876,464152.997823663,459515.69553310156,3298436.394222752,804241.5576350938,556067.4432275055
428731.5224912392,442448.97965484415,216903.3624212207,564209.4569206455,505335.54877597466,1078596.6328982476,455064.3235338031,599701.9483828504,1459175.9489253983,2450442.1382322367
1436544.9965292313,567712.2920096405,628786.0626180912,1093961.807173932,4836570.7490724055,364385.33570595656,417972.9724247794,2112831.602139528,738212.7042003551,340378.191041324
359147.61984099715,920679.6403102998,324246.18671842606,288345.1215193683,278421.3189989377,489796.61785957037,663817.8369503662,928802.9904585385,1924306.0416510846,513975.26986223983
796420.8844354547,3446190.2077180194,619944.0956684264,442339.9585190126,398650.5389127154,647830.9820301579,1888208.4561688039,384756.13245423057,1353233.3621945623,743005.2549254845
968619.4981775243,547029.3005828798,1405892.341773341,2176133.3437852245,563475.6940514728,1962184.2019504115,355029.95778218977,1300175.236060372,2367090.898083854,195022.3444415328
1765229.5658207885,498915.19698658,921513.2762270628,307432.5151497399,732811.1962631058,437256.20062630647,1272441.2206272045,449465.84805314295,3500526.1539982753,212967.0527619893
454263.0631148876,501985.37788238656,6148704.298679887,959982.1644926335,1514472.8639788073,1647506.9128578708,418136.1202571328,922087.1079822443,1151948.771147206,433073.980845541
93326741.30792236,475277.3980879,3389513.7820421117,216342.34105997666,318296.29945786146,334240.75356557406,1388498.7530966373,3837175.435162577,3277585.741301108,2925165.5726804715
473586.6129535059,1327445.381350623,1402628.5991712431,842280.7473031566,655123.0327112306,427785.0563799277,408293.8511038933,542625.9533194196,749774.8557260835,348870.3036340809
1094061.3994199212,500831.18431890523,326651.43947409175,256499.81084917908,8639300.29545617,965809.2689119529,717267.49314917,2152924.6928542797,52300356.980927095,3013311.059385877
358976.6500233858,1096106.7220941023,439962.80519435176,468267.7575116812,706261.5102233798,303706.90731743106,2279820.2659120583,302786.36391085177,785505.8032822557,377440.593674632
480731.1433372132,4662983.5418753335,572218.5786108978,4886146.025047877,34570149.3985588,506356.49244352453,393705.5017477582,8540222.79350829,6922664.791192219,1075671.7337413589
105528.1804799624,657538.7211560488,848670.3384690441,535637.3747072776,330711.232692185,900082.1541402726,473074.3024597196,253805.46651066432,1319059.3955707382,814672.495060554
359060.4731945639,1693729.7488866083,366959.40828461736,1758270.4688298646,439132.05852916435,259039.62324029492,511321.3202396091,379701.5911602617,4231694.888925109,341228.93998677493
1141406.5122471268,797004.2230683634,802236.0903338029,551490.34175226,4288631.903683235,2143879.1717448044,4773514.439807084,582854.6915315703,390963.39311142534,543868.5358594466
225776.4121717197,5007600.1733767,173928.4469738505,1956914.5248093493,311006.9969351873,308546.69174230983,391042.6651783876,2980703.9188545397,469569.8098162785,2676845.1626513405
303886.3548198412,512394.78123014764,252471.80542979215,725837.5763882946,225126.7147295581,615751.5723130648,925960.4552225224,257434.38260381616,776188.3557984183,293473.34818163165
683217.0389972571,932045.8119431399,564919.6119710138,3030338.9130171277,244368.95227463834,1055167.6930912798,418596.1830778182,332791.63085617847,1841254.4101442448,394633.41166980466
85681.46906527576,1190972.7505374076,252871.58378702978,1636731.1292588722,5543302.042331146,246659.978953872,657451.8588103583,638516.897619178,606783.9240606993,583500.4172515819
82147.98570363791,845359.569966381,779452.4497457892,368913.94686186453,280641.77902249794,368196.13563026447,3583529.973574666,1242323.7233888002,1467276.6250975057,1458742.0059845315
120110.42535067126,36132779.85504361,224893.49116437664,548187.6653259317,431961.44572845823,787640.2948470947,292872.6999236664,278294.7579630746,408399.9863650198,192736.0748003836
400083.20862639765,537211.4170547111,235161.7178701412,1167534.750090206,1176635.5636227662,357810.29471553455,409855.21625215124,455350.24116459815,582208.8187479298,232620.45745675816
164962.99961622054,2154515.4480140265,267258.8206150095,337483.46075171325,534002.9941866655,1115278.3902120665,1224747.692960318,1615523.3088268128,1832675.0735395057,435457.6090364114
231938.1443243709,458854.74995066307,381365.26685644005,1574316.0825047637,667826.8881326301,265152.854890523,301773.5028777155,345357.5592916692,418904.13882466167,988864.0875047264
402937.4792433834,612281.0421439763,902441.0782485916,273487.8612557003,743021.2645993542,398262.4934066123,2271092.425591221,970634.4396642564,434155.0074341132,255660.06695317716
294860.97086049384,759739.3087834077,244119.97738894317,877501.6483301643,856096.0184721784,607151.9555882,445413.1231390472,675610.559899404,5145058.990376379,487343.6307061517
275032.23871686694,863088.3789874003,605200.8238634377,220881.39204458013,325032.13390599226,1353349.4269426712,693074.8234850263,5143475.541124081,468547.40034588915,4370217.789371694
1054144.327420861,1795290.727987203,3309507.574798901,257126.47229137458,502938.3374721637,615988.6182517495,1277819.0624296558,464456.38018914626,6325172.156289436,362582.9329053588
186068.30177634564,349758.6113236835,466423.55101690616,329810.9501775182,997442.2532886469,4313767.49602564,315817.37677359564,873563.9557939048,379131.27628666855,729433.4228255525
779737.2883376165,594376.3180498236,1047869.6221191303,655640.4693554735,371994.20360171073,480455.9968867282,400262.0828563313,748633.7519045657,790845.3590927598,1570396.7838476468
200883.90759132078,2943510.683483281,1164370.4608452865,21845485.783160757,581434.9482011766,759307.2301559944,1077075.4911815636,5540918.525640253,3591454.616571486,351171.39381623047
1204223.22757268,461879.0071063689,275901.2863012913,389595.8553963759,1707304.6916575707,1086644.5394738568,1195779.7366083579,424014.23483013094,8187414.1482388135,548032.4579110655
457947.7371103239,486038.08238517505,465092.63742686156,614082.8926812357,1370308.811662859,508009.8071080213,37853626.598396935,527962.9364550038,19265218.675021295,1179292.87880508
125364.30335294071,394403.9428487788,641162.0673146858,764284.1053190625,419278.3190143864,937321.4387523578,660989.8293736762,757842.7143934433,600822.0830197919,344132.42650314106
221517.4148560356,438723.2481723742,720832.148011632,285401.485079755,1039633.2516922868,397834.9093341326,1825076.0728531182,278669.4914060439,2284032.9985625297,990824.2211066228
1081547.474127342,538772.4742342578,3901621.083800905,431183.7809798126,461977.0208036595,539490.543409364,467848.84898740076,389065.91794517206,527983.8149822972,378776.56526926346
174570.26682716346,660412.9369040804,429749.4938409976,618328.3501136607,820747.5361051128,1512631.622293936,2560272.8909155163,917268.6595756004,712234.774414959,1212690.9483061866
417008.6598664016,1009635.1363136581,789336.3422872439,301309.4374836524,1552552.4733963804,586385.1408235618,1156679.0221409453,270608.1537754817,1140548.3213477388,828855.2485054338
177539.79514670226,341605.12324140384,2522370.1264526257,569091.8405895403,273033.2954929196,9959271.327608557,2880164.8056382174,347507.6952889608,1981988.6394520523,296146.1896377596
250835.17261422327,333803.6219669591,595165.0995148239,931650.4914145492,432946.66724527685,211399.97652177693,407089.32409262424,577920.7441331585,592679.0903162707,427433.3695685014
454946.937781729,584034.9324025997,4679094.382221247,196063.37919186777,561522.9533257452,319066.61939570744,24606029.331112012,866518.8943749197,520575559.29424375,667042.3237963797
1278815.9531855518,4821084.202525908,281922.14169134386,725894.9905925207,816470.8621137001,3977281.8676502286,1242482.071017985,358918.0744806299,647272.9412253739,1200417.0432380347
221507.94695883314,518342.31590540824,822530.4391539235,301227.9379947161,1246471.2604845867,236064.96835783526,5272703.841152575,1032338.4606556164,93384500.70257194,469138.5910220619
327328.46416601527,1225643.7471635176,328120.39451294567,1643630.258774398,462328.40217831754,370347.86405504035,607890.7541284563,355563.6116252075,434971.7372384552,1027371.9748086451
843763.6632675959,433578.06893384055,632882.8977462627,222760.8230275148,565287.4007765135,1946865.8410523632,1255368.8884636045,807707.1518978315,902260.1946034047,662710.7756307414
133138.28955092398,815887.0142984345,1055466.6865994367,597445.0188085801,1356122.8568859454,714439.2629299241,2778250.8923089434,855939.0884589662,2607155.9137933063,3711780.6282210127
156048.51973212487,16323116.026944865,348328.80844019534,1769771.8507847334,298195.1824228601,2489880.9482635525,373308.3769852539,369820.7864918726,397283.57873173524,458259.4524908106
403329.56354487146,701151.8533630357,364709.373776986,323017.2707232423,716207.572652303,429213.707378433,482721.06026112195,723423.981397778,551831.571820584,1524526.2372663394
1124832.6115216538,1044847.3932598346,553221.2778998461,550547.4508202798,240395.8657617166,1339918.1697849263,2817928.2926604114,299814.5991128725,3368897.154646693,586830.7649412854
334436.9544251592,919270.0956562932,2684673.2397457235,6108449.322786001,247591.02315841624,362613.74835694605,725611.7009634327,344780.45129306917,489424.56578173104,1752191.316213355
981181.4653745552,1472234.9324928273,416279.3228800817,261830.33859321033,254361.1666393608,468025.22181530466,1877676.3035664535,438137.314418631,459736.0137820077,478418.8399561612
302220.6639273031,3593806.1424538605,760446.7238424204,894982.2659703827,424326.67310519284,1197968.7918399004,2359353.28412649,536675.6630961049,742876.4026517165,710519.6524191316
1083837.2435179024,1817665.2233741567,5057117.252595784,263668.82352807187,1951069.382689374,406658.269468323,583666.9341017335,1083648.6821388826,6291761.618118683,9798805.785035852
226270.8703031262,993072.985264793,420235.74017108546,760144.0322293645,445940.72170363157,1418088.7996500367,1158193.2090406122,246737.70734734175,599461.0220804407,466288.9707394796
407289.6940907455,1433684.000374972,1258442.121051643,379172.13815512,1049568.5281436532,344655.5366637935,2582828.301323907,312160.74653936224,918526.5101240396,1170998.0728257746
620972.0354518773,2920018.682317079,580104.8847842959,7077387.773020951,886073.8052197266,791071.2799646244,352449.52834876825,516948.823822847,1095385.509176455,413142.6030062138
111922.03026219846,1995485.8925917502,1957363.1965944183,3081746.9666523486,3657326.1186550157,2443439.7020383677,449347.1183790032,697111.701883099,4464599.301812838,719161.936867204
109752.42894669823,852869.8500589745,1161649.9237897447,269656.03370732936,241933.129700376,268140.12344214815,1091209.723416274,183943.43042468408,572765.4960718806,1748510.2124161457
224994.26854139735,1461710.5161183001,3661286.7251346167,420424.98957999854,8441997.760802206,375954.7037932816,1170765.7132880916,309461.7101411508,1044840.2225441232,650453.5943761125
513905.9077584994,883611.4998574834,550430.5542731947,745181.0301427116,463625.3077347179,501303.35001845687,12995084.568351733,1483376.8645108629,2434431.7051360607,4019849.1143636145
176305.43429129318,2023247.5951132285,2065313.168426852,300115.10065089713,2772052.485922942,811526.8169304262,681161.2952514456,227934.8678423453,323588.53025386494,563463.7440539175
245619.78690384078,1466813.8480631104,687004.5044653525,491995.6340684609,900174.1025568323,286645.6119761417,4833016.247958156,332433.81251678,465327.4951627388,1558517.103683885
344907.225414763,1248571.13929521,3479299.2227133107,2520015.911419404,3667388.4214943442,526234.249926621,428646.7996002631,460140.98276322644,1532753.3342459227,822670.8554914095
157548.5564734367,3645651.108807632,741242.9588272397,726521.6322973056,456779.3226898926,3170581.875051978,485824.2938058378,657400.7382463901,1138090.8017652573,2422810.6714117164
268397.7787189897,1244519.1075758405,1680538.8605977448,3080026.6060947143,799206.0615691463,413082.2721476318,654918.1452367636,765501.7307310532,7360189.073269375,533160.7600598241
621367.2622044098,3625967.80964937,1380169.6953098578,752529.6450337509,808949.0666901264,1972628.065974913,1636810.4395114286,195314.83705179236,34966137.082621574,963762.0141703533
142775.1863882513,799964.7105687716,632487.672090127,6670027.868914988,7596579.814829838,971027.6608917722,686220.8638014719,160244.18133619442,2110814.4593179673,2860229.7230063323
335069.8521660695,2084247.2995801012,1832569.0695198071,1633086.3218646692,698740.0730853934,5779171.64958486,1401132.2571221378,266890.4851139025,747030.9083280119,783551.5516912198
581297.2941256193,1288559.0790902819,840928.8639434141,867008.4796067241,8324057.818735816,972291.5645072625,550020.5897514623,493004.16727417754,1329604.845218399,580816.2733460878
379269.5253705509,18094105.529231727,3366039.6809231816,1302126.2072581404,312757.016978998,464517.89645607636,1300621.6350366452,1335818.9963070317,548315.7772171856,6237769.881825015
347076.81382043567,535330.6443414119,1430320.976811955,523460.4769032593,457634.95788026456,622871.5374433608,2419137.645232324,244293.92977541534,3588642.229213614,617045.8738408147
3433647.9231748157,8377825.29124534,658768.8423160673,665739.7313020915,631190.4785218702,909674.5480323023,470928.0205208836,284370.1757108633,895869.8908132067,6022119.406641418
133498.821759807,640949.3543363378,5565714.076997258,830284.0875850408,246761183.02319425,5459680.053357303,565551.0493704908,527210.0060881204,3627302.5759361144,663179.4140387584
200354.80232015697,3001059.2076076753,913836.7423954625,232695.95443295676,476816.63893275213,486596.7756204805,1538949.1804153924,771046.2486628211,550591.5270016836,1563512.2925901022
367426.78229129605,534348.3630817743,419525.761725034,483825.96264495567,1785054.00899927,769950.2001922593,322694.00723739015,240276.11035636876,659168.3912277131,385048.9786240803
144131.46551144257,1149835.7254384416,968046.1736572769,2508230.8436079174,602389.9673333606,4204229.747607896,340691.4119771833,291017.8222839833,2067113.534885958,493207.1655838173
148154.27138767694,2596656.8965973337,431908.3168590275,353115.97304569377,1278983.5336800478,3027166.8710729363,500754.9078009976,434041.2202958071,353521.4318199824,583633.6561992738
207080.0242682771,784778.6421374074,16849094.8880136,631191.9649276006,1501331.1049730154,2250178.0620230343,877597.8844549981,652602.4442241387,290543.1477978032,619602.0639110864
307409.00388795993,1338710.484602489,525987.2004808781,860593.0977788446,377447.83667482826,1588854.257913238,1433844.2289741356,1300386.718270986,510355.6279890359,1041125.6964165214
384807.2269956905,2095215.0026362531,9978414.931590375,1625944.170602175,591356.6169983047,554750.6235313646,511930.76499072695,300276.52174755814,3225063.504751392,497237.3062441869
89868.73997376135,1028384.8464547388,447375.34341623925,370399.25128255686,2759270.206675465,892118.8923578865,1444645.1683348103,466097.4709852941,669067.0175502788,582008.7577793574
104567.0216002576,4242559.958073211,765588.5221160387,614148.3683230607,366860.83370966255,527210.0025752295,31507590.04814918,889851.6419071008,1161095.1305391467,929938.9445360978
151365.63426871056,605646.0861088352,4533142.740429258,6313011.886279854,840990.5087504652,1606695.9351518871,369167.1526231422,306036.4235608972,1924016.4836039087,1024584.3624339221
232579.59949654422,842439.5811242766,524956.0525209749,519983.0372945704,246738.93323854398,824119.8283690008,514410.25391822855,356821.2162385235,647446.257404212,1150142.5565919534
297788.81643422035,1531647.753429642,788370.6213129663,774457.0471106191,285676.63787973643,1677691.1087541452,1260935.2344993292,744411.6949116667,1531926.6474258439,1621469.7417601258
380812.2925385204,407421.42468716745,3057702.6975946687,1632582.653379139,875651.6148967905,3274337.2743314244,1365922.8607194258,1446832.1655463325,858786.4134560206,301636.62548166217
151184.56969256728,563110.5572925813,408132.8029857115,247802.03762239567,14443272.889693322,414815.93276836496,534768.3809113228,373712.01011756365,60675210.44319233,421326.5166063742
167837.38184628967,2093328.5426120763,510405.7735960761,235621.8618155219,507200.46119453077,3462629.1063675266,1155177.8216613447,2379779.625841205,1546696.015008334,980817.7943989651
258562.7233601022,390075.02011631586,2110843.576242725,338801.4757019473,1673920.550702619,333374.630200216,628165.0456583562,442339.2400969442,725598.3303979904,516772.364948113
409443.2300637544,1981108.4940893147,705139.9789528775,683985.8017251417,318728.2262652938,454340.12491280737,1247081.1759474375,415819.33718579984,2634775.0037047425,1070451.5349560047
555343.7027499995,419138.0362159137,2088780.9222629531,5127695.912637778,500733.16549306625,504427.28219854576,565026.5378289234,434617.155883811,828160.4712316481,6028425.749985092
252887.43280529336,1296648.3098829498,787131.4597415914,520631.0676945873,745995.1702211605,515709.8165218982,689661.871085882,657550.4355224187,1783013.073527448,1454199.3091876856
521763.1006012811,469455.871659322,1812725.4866856853,699516.5645893924,983271.8021458507,1076772.293495465,998805.8377060414,1106960.9765734207,598137.2445915319,369999.5482391538
198313.94610355975,3403394.514694323,4297298.34718801,3480435.9842536943,344391.45468190155,324670.47303283575,364273.0093987435,369731.04193133,673428.6691870773,2078116.2133138417
414486.60680417804,430399.7493510263,1169540.8837547349,467864.751928756,516486.0035406719,545299.3533104281,400878.57590321783,352246.0022189532,2180968.0245212503,627579.6004266386
1088226.1010854994,676158.6982345092,1957184.4333318842,5529227.093630445,1130693.0706081097,2486616.746101075,576341.8380870015,519069.9880881408,592275.5711345063,878311.0883145358
320314.0692506584,33483867.92833399,821309.9099718677,385017.4940720296,553361.5773529399,466897.1585277413,1019272.8781413119,2314928.172079267,1287061.6536630937,1404215.523243002
1011839.851663085,541773.2761245748,1779754.0144848812,1571864.593785543,1398400.4106106225,526215.5052469841,1250275.550934025,486712.487501726,3251485.990145371,473543.8018982259
284300.11424102995,2287281.7733378764,456214.07964327896,446515.13697415724,428604.6307260751,1420852.3881310117,698236.3396592215,941821.0298988102,590149.0943445627,905778.0693130182
1068290.5223033503,982477.2380191603,723866.9314877065,1185350.8399342247,2008507.155891018,356914.8962644135,4484976.050915109,1476910.9268459377,914725.3535979323,528815.7416543826
239845.93849326932,2811857.846972657,757271.0225797304,1800199.7863647453,523339.28751355695,577796.2372605596,350016.97591327736,453208.0484135994,3239433.0970232417,2603963.0597530412
567715.0737877192,672723.8280735239,1087684.3910668665,427375.9544920405,3865057.293414753,1537190.6777005983,329302.9648870127,654372385.1715381,718368.3917566187,369779.38650531846
149416.36565415477,1160528.5632913145,542075.0207740825,573443.76026351,726124.2578089451,345631.7408373085,281988.57216445677,419839.38458014134,1318023.6475506308,1156105.60926746
194955.10483042442,4184211.3472203505,1351117.24743291,2237165.0751596596,9026870.878899686,494553.096642989,1650671.6704779742,626719.9945628354,11293191.220378086,4360679.613621038
509266.5130873585,846832.6604807549,487827.40180004423,468607.27953093266,1121159.1976317936,774237.2927566898,1024100.128852687,1590240.39456861,1689865.8687023045,470942.1775610578
141688.1855357517,1383546.4848243599,418023.97597595776,941118.2017643739,1840925.2234304685,820468.9862559673,4942034.765041195,434825.82121323794,967344.7641214438,1260025.4901262992
195780.45420866285,2303161.8843715307,485001.2016026182,2335993.2571677077,624177.0953096956,842125.6497266672,476899.73664555314,762373.5554923393,2621452.183559883,647393.6257430032
275828.60103650036,545351.1656223079,1154471.3071745622,2009604.3836753496,880352.9222168892,824618.9473886057,1955143.0459231618,1748587.4173127543,508387.8804319445,1611676.1473764025
360054.00193101855,3387740.3614508817,330821.4828210182,513336.31017163524,1142729.6816400955,906868.9737193595,495626.62153360405,410434.93358393194,595133.5586241112,313619.06264767284
768757.9358430163,1927498.5384250158,742535.1928982598,2239081.3161463286,263588.32236290694,322053.2328733535,962085.8083803608,1430254.9710984437,707353.3073732059,579906.3711512873
168829.83925421882,526531.9576241364,5536308.811781613,410556.9115520231,309890.6373259383,808300.9473218925,466371.8629468046,503403.7684485882,1405815.5543458285,1098455.459866546
232436.93487742526,2465028.270582496,518521.40757957747,522505.9045799848,406646.9419381501,2431360.024212905,897343.191436395,1170381.4113116562,1250901.9829697502,356059.49047343933
1448828.1814308618,562793.9810201903,2846837.010453107,900444.7709411604,871891.3434428513,813873.781601904,1582206.1219056754,319028.24637323525,15925134.587097567,692467.5634471297
593429.009690081,1690041.8968676021,380916.80298552365,4197856.3363893125,345519.79791328235,8527846.664476449,859302.1198729068,325989.1947691132,942501.4823111112,882098.957660072
120712.61855709723,781041.1960247047,442917.35367863416,1490763.2725272672,473423.55144182564,465316.90664534154,5602018.93640987,379073.5096508182,1435847.2051073478,15510933.496255642
237178.44410684344,2309868.724304514,453666.3761442508,339560.2694779326,769993.7937765017,681014.6094726828,618500.1904673033,425374.3158441192,1726423.2155928356,551029.7899405314
950325.7164733952,567637.2014357795,609661.7120495172,583475.2141024735,1546048.159038651,839361.4397551026,1362750.2398877856,656043.1104277858,1066143.293143722,3318914.354257027
114217.40654162507,1055092.8120724384,1900185.938765083,900580.4668163097,275825.2622242469,725529.2770512281,851270.4861878877,917312.2659067954,5624943.412618758,998259.6844463742
125519.76107612246,4760520.955757999,776942.5766505705,2685759.25248282,4559277.824877973,5032449.014206873,2933152.586900482,377891.8684355624,1001248.6647892606,2666979.8606242375
157180.39356674245,967489.6839800493,4858486.776874734,457115.56249245984,356515.0973908064,281355.5919301651,513053.5432111165,596256.7533331321,2714084.5908462415,582467.9671865471
322684.9358153401,1597604.2598881198,647222.9920105422,6600912.076219071,279390.20444728713,714705.1694605089,749956.7669205901,1746951.390090168,1548572.4827020427,1340692.897567938
630786.2488252902,729335.8765901028,2481398.2413884387,680746.7488659363,412073.21515770233,5707632.042035268,1410970.8575942968,402668.08553051215,8976125.105575219,878434.1953359967
165645.54317301267,993694.6083988347,654874.3883206926,2042652.4881294675,1386311.9958975138,1220421.4449138765,833854.7200192593,1568893.0600654883,1467787.50040909,8262682.619582121
270504.7536732423,1298679.7597828167,1711110.622748294,1094812.632225981,433407.2425948965,337699.6976220814,1928554.9973338756,397523.1373414657,2424982.3102082917,803180.542531527
2950041.7686133115,1165079.3531324766,716199.0012032008,17242859.023714073,562452.4162292404,841652.4537459819,1151796.1908365113,583030.4291998863,725260.4721585333,2096879.5160557525
409431.7860978807,5505020.844611485,2560500.8801509873,508671.889701386,1033818.596171076,2145621.139293289,5266581.011525059,1021414.1343099235,14390196.503801871,410426.8065322942
5995037.758023333,714028.7454379027,556233.164794218,1974322.7845795224,437701.87640739896,529505.8211752531,1258259.450449404,587435.1135763589,552116.2290441601,1152349.3689772603
132771.11477255644,989735.3233562077,975211.9652246675,3630521.8577953707,1459154.764655396,1020258.9189909067,1283421.9206422104,11845881.685714573,2582517.166657558,3519760.5486988756
176700.2577319564,1324564.4772284748,1474299.4872948946,721069.7258061984,715011.8938489831,1589204.6990749338,4890529.930481205,282395.3544187811,1773606.218568467,380059.6945928991
259886.43469918394,4307871.600204296,1084426.1071354197,1471962.0760342428,12135785.03654751,426907.92425696953,543495.4981247758,1985802.3143528465,7578801.08732217,428939.37074033706
303778.9366012092,439972.4102805925,5325513.055309124,661184.8485531209,294161.39913159073,954832.2764012772,636895.2274813806,311004.25607435964,703042.1800749289,914515.060319616
329456.5442650585,1486593.202196391,786942.4536478942,6740498.1709045395,4618989.542609045,256511.41758109868,1987170.457987669,319878.072870037,1421045.959885361,2662510.3744961377
343920.76800783194,1337831.846762772,7100486.680642666,990596.4865403313,244499.60619123338,473050.96958075906,577623.6701758557,510657.8939935543,2646385.447732644,2814831.230322657
501073.67346832575,2343772.27820764,476678.7807996468,660329.249723703,321379.76390075125,1298667.8793704137,3011246.6506904466,1209590.5521251997,630168.4259178146,384636.3055477711
101292.37010988194,,1737551.889623458,968618.1958654472,570469.9797081375,446634.02703980077,1161084.2563207145,567295.5577213907,1873684.0998033066,552744.7602453692
212788.69727541826,,764703.2256199247,1482113.2058812443,3223189.2623138307,861936.4431966536,5984715.705165839,1158629.0216131206,760600.8998153983,1068496.2475909707
379387.9158891482,,1894116.0479713178,939414.6112763488,376829.25969339727,319510.2550699415,636966.392146993,660857.2958304695,1525520.9944054515,496537.9156450961
295085.27170768986,,541965.2725583905,2401629.896154168,642361.5925567177,1674927.786850793,1742850.5504019682,8324388.247481112,10409825.104520408,598570.887109565
3947869.55486544,,1014416.0603320071,802181.6360957305,1259170.5150250315,464525.70429527375,367097.63177062396,1318444.0019211147,1939379.1990534654,1026898.9300528854
,,1346844.5654999618,2009468.2594971817,2555177.9278712627,812195.9775910785,453880.0789027676,528109.1522455589,5308293.293581448,1481549.7990892285
,,291655.9173607509,470653.1779818428,546099.0380999362,383025.095710466,574848.0813179389,878620.2864997804,1023189.1060670192,353240.7548913009
,,551109.1952489595,889935.5916384254,933575.5256750815,657096.4834865691,643045.3855930091,513664.11501693144,2916155.131468618,1035768.5778876047
,,1020072.1932807008,1298744.4115504539,322871.33471897256,1203597.3226634536,941401.286996103,5328409.472880603,1109283.412112093,5849169.652187879
,,2221395.3744825255,526906.0737697129,638462.457298317,1282201.334670074,2340305.544562269,675424.4000970114,5942566.835621846,951409.8195496891
,,813002.1702107599,6599349.590351202,1256311.9240792855,731862.0006353734,560066.1815718099,1822237.4285728773,6764494.22780316,1425092.8482587617
,,3303653.9027440557,784122.0109381515,457080.05812028545,1783047.076417784,1264328.7463804362,436655.1356371196,845300.4667915856,3164552.157956923
,,392751.9577857749,1802225.671605735,1269894.6432506023,397759.747893538,571639.7274099153,419698.9687140334,1748148.9704933856,819641.1796653194
,,530263.0191945574,470534.92223809485,3395459.2556110052,667593.3386889453,1010841.6541787853,467430.07008350594,1536528.7173559105,3129848.563174225
,,1433562.7071177252,740565.5469754692,255004.2899623215,962443.8360080707,2326025.8606249914,486689.8492348783,,962263.2042030372
,,264112.7039790602,14303678.39316918,1093735.784962241,458356.40245274856,411662.8872683302,516495.7871468371,,7580292.372821965
,,240273.86745498976,587887.6285277035,248204.65755346857,2482776.220824848,520644.9303625506,560130.3852754221,,4744136.929338241
,,381458.2900833933,812216.4065637494,681920.6915334659,315945.7895668022,829030.8636659564,1481547.4538646732,,495053.9262678082
,,451931.5583707797,1335110.4573056602,194956.04202313072,531293.161301021,2660485.327155252,717513.681052601,,815708.8501242768
,,464390.1323980547,1485477.1055981934,286561.64544454095,1098419.7770847902,1173679.0609502613,1209432.0873056087,,2683942.0156433657
,,496555.0272662384,396678.7311701556,952274.1583729767,381528.7459553666,3080770.176874783,534316.2057425304,,343495.89066294144
,,1807722.73943608,1035241.7604354467,181555.62171619452,377721.4367838433,730692.9098416301,1418108.5219710844,,451115.85420227866
,,1010437.0765726191,4102546.5328717553,319257.51218766556,482499.17504454986,3296008.7527808268,279492.32445894263,,1077421.6155178368
,,4410125.939822434,556516.7849380967,2705382.563515939,686166.5297510177,1507921.9700857375,283731.41759657563,,17379492.411533125
,,427049.46891390026,6304674.552881233,357375.7220510853,14102366.025732134,842741.9450877818,356883.1091790371,,614089.7542833097
,,1517964.930588467,350626.2500006227,613994.1701497365,1100619.85846916,521030.6549609447,572448.7508179421,,2650904.0503955744
,,352234.8316816619,415606.29318797484,1373313.5600627726,474356.36006183736,44436984.4121303,2438226.7206071694,,3868743.6447916967
,,407695.1089326071,2637099.3562263045,314184.1193934866,618041.470438665,552458.1718922113,391402.27567964286,,754680.1797091847
,,845059.1001758246,1877147.121523862,537292.0938211816,4787757.154049084,1108391.8100713002,636514.6631280493,,1532748.5279411692
,,2491116.6213303,1724250.1305705549,768645.8396994772,389336.42587494344,419226.7215122569,3695287.847250134,,1842978.8998989274
,,582126.2367705618,1201480.2071207834,251347.86855455043,676424.0200965573,732002.5351644568,305044.3996112929,,727877.7224443343
,,1795853.2808482593,8849572.441735737,267211.99448540574,1013624.8165378857,1776475.2632996505,392969.7266666892,,4373005.464845166
,,829287.8362553341,458081.760865966,459633.19848532917,442972.48005244706,395460.8404527734,805047.46298059,,646104.9458098944
,,3101695.266687293,884965.927799239,1744851.2634330434,1025420.0177069061,552493.4532718057,1952193.4121221488,,2170847.878674339
,,434861.5899201931,1411439.2561068055,159981.34318842387,856326.8024623541,900826.3507645342,873911.3570846345,,638383.4129463377
,,568714.1769729796,479892.71712320694,173190.41710766422,13992684.590929415,1109587.8450222483,8704107.9033767,,2899125.5907209604
,,1130282.010022143,1007386.8276333599,240702.07770820224,409315.11733000714,1692262.8048294238,1554389.1084965866,,2699244.4798155436
,,860815.31150356,9444482.136707274,609649.6867739856,738129.3153235676,1368246.8901448925,6207727.656443889,,9791235.965912733
,,3421409.195383372,4525286.918753234,617253.2802846073,1081967.7455202758,567570.1972212035,799162.032446422,,588504.6230683369
,,549415.6392902585,,4088923.624455752,457749.64522726263,601000.6196980322,2951138.2624256033,,1152266.8489408137
,,1094269.3686618677,,259152.48860640402,695750.0184925732,730122.5578657861,365790.25295218074,,643444.5812030246
,,601972.862561383,,307246.0786946703,6433160.290687866,791170.9837152063,529993.042384166,,1084790.7770586703
,,1707059.967865377,,485048.4931230389,487089.3721633433,1455224.2158620348,775508.4784242157,,1629622.5345748588
,,325458.5096333014,,5490681.033210075,1176348.2439563167,483810.9101098414,1151610.9593402587,,764645.8888844843
,,430697.2550514781,,297313.17637397203,8057863.827327741,1115672.6464655434,393753.26202113053,,4440000.912530492
,,1007422.9467847515,,390569.9292199218,451809.3391157826,16313342.87593936,542490.4323882611,,706886.8499300373
,,490768.6371694899,,626436.957846013,512046.92643423786,573404.2057301155,1157174.8906845066,,2264074.6971847517
,,1245880.6556516895,,815136.6182876653,938259.6743881104,781671.7006351023,460875.46316119365,,2506005.922725126
,,1968421.4010028562,,390136.5204487584,88301940.61961022,1473972.358765265,925421.6664596093,,24377563.741117157
,,903630.8174366064,,467998.5954353147,528179.7207535348,360319.2366176854,3900045.266832028,,3318713.165915697
,,3892061.496162173,,523386.9546708544,800138.0116543485,1252988.8262269183,327388.29400338186,,1091799.7302098423
,,457220.9309308073,,1638368.7116341162,995889.2340011765,487336.5378546826,820672.907772585,,2321314.906082315
,,889654.6809122844,,197801.2652419709,329645.31878186506,491830.45587096404,13547276.612560926,,1096816.3821110555
,,3908910.4112407546,,991042.5247105352,421827.6468420466,1525221.6421297973,550888.7681583001,,13045785.618406005
,,642845.7881092018,,315418.12258973357,1482328.879468287,1634263.2382126122,865682.975909825,,674433.0277365104
,,1035502.1703666216,,385040.97476967983,357784.45995558915,63984684.248278014,546809.4163460579,,760314.3477252137
,,358803.7269404868,,719088.3761450518,567782.4681281243,1021235.1248549746,827745.3441427712,,1052693.118508439
,,588038.3897560798,,3809120.091617343,717322.3088548598,,1041719.3776421818,,2145647.041887594
,,2729601.0557554527,,680504.6737395147,758606.0583199891,,335908.5888016131,,770023.1655792377
,,419454.6729605545,,1795765.443658354,2863209.5699932696,,909381.8144532014,,3313815.773287716
,,714532.6676484911,,1784908.9764533958,2419068.144893082,,324363.77726497676,,963781.972792317
,,3328193.791304894,,363597.86611249327,460818.8565268466,,441868.1368376147,,1959937.3205588544
,,336350.39611683495,,589719.7744852647,724431.9900807022,,1102947.8083907804,,1212072.7980279573
,,503715.85770687385,,519552.4892754571,1102759.9059865903,,488571.8624532575,,1646359.8375476915
,,740844.8018101542,,478094.555575081,387221.9767162483,,1075537.3531739472,,5004097.947295251
,,1165550.9668506258,,538642.5902637881,1425234.0381944706,,362495.5741395962,,1059833.7146690593
,,661830.349918321,,577145.1512471938,297316.2174980502,,315425.62681889115,,3349923.2901659007
,,8092477.176171374,,647115.4963320948,306978.48683224036,,313380.52719704574,,776754.1861446297
,,612651.27196098,,207348.06758492926,473819.35504888766,,407526.33212474233,,1127143.3714499942
,,1944161.6024074864,,289440.23090987117,1207781.0963998823,,685227.6853151926,,1645426.2996277718
,,599923.0363175,,924175.6539342942,1116515.8940221744,,1732410.6699894015,,310068.9278396029
,,848134.1219125303,,124589.24842170524,51644966.20237396,,447815.93750428455,,363549.84633536777
,,579699.5211159133,,167676.17802407139,486028.88432541874,,565095.4060720454,,678492.9636496969
,,1068939.896846884,,224487.61680363718,3983557.2685203906,,709358.615381015,,1739160.9011258709
,,1837778.7040600847,,806045.2747701275,306267.56721712527,,863544.2831064331,,
,,1056795.7138527064,,180882.85490375635,411658.7103247385,,291293.0149318315,,
,,690120.127083384,,164575.14540653108,677047.2317351755,,393086.6370255223,,
,,1166452.2369601836,,178010.0099302258,1494190.7010744903,,732506.2151953053,,
,,2055538.620967439,,220149.89104773264,331744.7549256483,,3031844.294488754,,
,,817288.2011821808,,327192.35983885557,635019.3203254652,,259371.94964821544,,
,,4044330.8860539645,,529283.7072169117,5093427.417422142,,288166.5371885338,,
,,,,174916.9929835843,409571.5724315587,,542653.8641201269,,
,,,,476937.6044871041,1196606.9179174788,,1289653.7070053406,,
,,,,132254.51131471977,423152.5281193956,,325087.7534854734,,
,,,,122965.9301458482,570601.0998764117,,981240.3549658419,,
,,,,125822.52755501881,7606690.119688644,,291895.8097238294,,
,,,,126432.32013105022,333815.8148838741,,517606.9847302191,,
,,,,182084.43272820293,302123.1787538257,,1257005.7862559326,,
,,,,567054.502871776,326745.76969888236,,350748.6665939819,,
,,,,152367.6848686667,503020.96334180253,,471978.3720793794,,
,,,,579333.688202669,1626750.9496828048,,1345163.2220385515,,
,,,,45833042.12445299,399354.451215735,,343420.1593057629,,
,,,,209719.57178774982,491725.3290376102,,444169.1868539356,,
,,,,494198.95958371053,1148365.541602863,,717740.2527905742,,
,,,,214061.08876544458,4170853.69699511,,1574262.9485166117,,
,,,,437980.3979939067,673743.6815351761,,217386.99653318152,,
,,,,,1911805.2994595054,,746040.9305576794,,
,,,,,447469.086318272,,8064865.695413206,,
,,,,,626319.2053193667,,619746.6732119848,,
,,,,,1326770.94642347,,2438135.4775695163,,
,,,,,898812.5747414578,,500510.0397253508,,
,,,,,1994760.170610655,,654689.338304994,,
,,,,,,,1061479.794176228,,
