varianceSvrg0,varianceSvrg1,varianceSvrg2
26729.928244913415,79512.75012608759,79563.56597511927
62633.15163467295,74182.75334640394,76375.5851732003
112920.6585591537,48961.44798108439,56419.38484749288
57915.66647389252,50328.41874662773,74778.4316175149
67078.90557448835,153712.13521720615,117227.58059077477
68217.46325194948,73239.21285893346,154367.5685490266
126503.63292644313,100957.67556473956,104777.48971218197
215148.17049381242,97068.85047708124,138103.58127014275
203157.066920954,159999.26732818232,165890.46981006887
100959.87067979026,194379.3851891234,190069.12416711895
111592.17349888309,134700.580680736,198934.8294708151
86191.95674390683,178314.15877314005,127313.19098386457
107789.33587456454,138913.4082344034,207691.47559097726
106104.10565671243,229485.47133869867,183430.823180533
81063.9994060557,170896.38415065373,220624.80473642796
94314.18105907465,165078.9080106447,248968.498726753
130501.20639364909,202002.8397958753,266712.0764081131
115189.60409821334,254847.8993267943,345544.45620619174
120469.75253356513,273038.3503235518,261106.54167606606
111135.66138021513,309639.9495840758,286436.4244585901
134561.81861527447,413132.6972913482,298414.3823330328
111690.85615590012,346097.34191747283,281218.32498406724
112864.32186571255,539006.0702258878,225089.89746633294
118288.72890336311,591681.6987660902,183041.07060836055
153022.3168350218,474205.1449383455,221148.9352882692
153406.37131257096,664511.8980382227,300743.42471940565
97570.70042940119,508593.8417454481,276438.2771463194
80344.86055044463,505688.95637983555,403665.2876430077
53843.96008660013,680643.9787437294,252528.86819297975
49744.23305038077,801505.5504583593,167978.27494546928
90338.52400359791,598351.1761236929,241174.99100629325
82343.8084870807,629355.8835715344,249037.3314682034
83664.15150865517,599261.2465910291,311947.86448781425
104579.64700018978,513268.3080073112,290578.89255998173
75102.65301147482,619913.076270581,317889.47435814625
68500.8768854871,651984.0660944323,281096.5131600029
72260.53900286331,845879.8729819697,249990.03874600894
71804.80212582495,690457.4143220582,258781.53120073111
95750.59913656888,661800.1781501523,222680.3498995884
66308.80149516126,700624.2105407629,231388.33131066058
75793.69007425627,672688.1082689476,299133.24616655713
74031.55474084729,643472.5540221354,216789.81457513903
98708.92112154297,765255.6146052468,212579.04425450906
82926.21593012547,778941.4730252532,289811.55271151836
86218.19500796737,699862.8921765763,215055.54429603598
105366.42106153816,668317.9269261487,380480.9348017768
71118.38538093091,657273.8822571891,231842.25728719705
72634.32791032604,730138.4569621258,252072.86644390968
66600.0713873471,756736.9410225569,238327.11527208646
91892.22062198172,833598.4532977743,186572.21060747938
112059.77990284942,621885.004866371,288270.00524774496
106476.58076254133,592851.6192662093,264715.25051428773
79457.68495560224,655270.7116425415,35160.7755272304
98993.8578759403,694322.4823276554,191482.7976065199
82524.53619925195,734533.6324194607,255732.79404945677
68372.64358787335,541967.7971275598,121358.58177988962
115226.75034447233,566299.5448339157,225292.9327341451
127633.70583868961,664050.2458076715,206012.76552140623
49196.65659223701,505589.8631332461,231932.13600861913
61544.10538050825,615816.6216223228,278292.56804144906
68041.97623126575,761123.3358354834,154801.80413145953
64951.572863759924,660830.3291446313,234379.6322148931
83144.30419443097,579763.8753511496,266432.40476618084
59347.39064636003,498697.93905835954,268429.38293512474
84763.20375454026,480589.02738668857,268886.99159847654
93012.77466047653,597142.8004893246,350296.5232886166
81566.52643125551,562366.8761711267,408869.7923095119
63228.67920867705,649543.7378532946,461523.82300020696
87859.44390429619,606174.2432989741,335881.54963350005
66444.42726997494,647684.9205531036,262038.56964493854
78051.17780494143,552163.6768721761,328516.05281227257
85754.25238127158,878668.8150452687,341183.01471198804
71713.76851484214,606997.8287494441,390241.47042769345
79292.91824816965,902491.1761253143,387293.6623701869
96498.56175546552,594539.7753820798,428459.4534691415
83254.27376224128,413320.2625310804,387454.3941582282
77988.23801648305,589696.4062684416,256262.50368967885
87469.42896136598,692098.4250449447,334299.554977256
80054.89838683569,561032.6186793644,597803.308192089
69123.05399637188,814825.9661543568,457263.6144911954
103829.46677400135,575745.6264765726,380459.0377824508
107317.94419178147,778389.8205421122,396686.6148514542
153077.95805789664,780072.8856957471,383176.4099825192
112480.31173195325,821787.8665773878,385676.47477726976
117683.86057611665,613888.8049581837,423059.5279506231
101655.77597543353,684141.3376499487,389786.46648687776
91264.50525039843,948458.2709710919,505949.4540944444
124282.33205766662,762145.3381820477,447260.786812372
129101.6110527469,903357.5751635086,450010.4835772475
113798.02283732769,775793.8417630873,465203.5840101793
83166.5254761317,849368.7127055549,527625.056952913
78067.60104097851,814523.7498167009,329603.3424190667
88463.47312208159,687490.7281011518,486481.9033082101
83020.91034912341,784108.9415880115,355524.96234265785
82663.61583875027,664658.5556840975,416704.72454774345
142591.39258216787,679622.5177665243,573683.1583153162
117592.97854532069,912839.320618558,524167.32322584034
149113.96308338424,1000635.1362120424,627439.4240680548
142837.12100828392,869358.5950749089,406473.97145416157
100935.13662002081,858678.8705678761,589788.1990728662
282071.5369148325,751356.1414548277,564821.2931146598
153119.84289460722,895461.7770668878,581062.2652502442
165844.1701539775,947514.6855444738,509641.6537341512
144079.9878380236,735848.1081220527,547747.1167606992
88689.30186083986,850367.1227582409,492125.7782187011
136712.3356798597,591886.7652264809,516040.10865992535
174501.14228386097,775255.4692699829,439961.3450000438
144380.43825964967,614379.2144168145,593646.807764269
167695.49917450716,571803.5821464432,556171.342781866
135698.3971125086,572066.6461811602,534447.3255833075
145829.33798383095,639111.8283545448,507434.09044504235
277626.79556322703,624510.250982631,540244.5887034611
201098.67540205858,708215.6453564469,602511.7055848956
270061.3422898234,609823.2608230332,503238.6999487753
205405.14272042573,625719.1308491424,647751.4140336188
126454.25161183353,587811.6997927622,641380.4076002386
109578.90539291746,490347.24715921364,942109.0723881304
118105.18476015888,604783.872442745,691461.4808685761
98767.1500513462,497329.5174952706,613859.3796068277
99012.44393445944,465638.25246169395,519925.20451239374
134796.5315890475,489705.7131642278,451509.4234990168
163990.21593539644,432335.894108121,589085.4984631093
170775.90631817136,519906.86566239805,616365.891264973
167703.87829238683,392418.2816385646,505928.8705782287
115367.08318035449,564936.8395816983,648240.4832850778
159353.34546472266,444998.09668415436,617366.0102125225
161107.9679819374,350652.9466962058,448868.4081405067
200161.87294460443,597581.6420396804,424382.953109632
110095.10476703887,426617.68452937296,749527.9322964876
132023.0294549294,469662.1985744397,543103.4421299049
184065.6825608461,368718.05280077114,513549.0557159635
125069.22049746348,490204.38927734806,443691.4907071249
209466.01642607938,342621.4408388331,510960.2667622401
174469.7450592692,276765.1002518907,634292.3047050945
123849.34021748298,460807.4694509151,561773.035652517
177190.3144373194,417524.40019003046,455303.6764092583
102359.27113061548,428546.28721940564,353865.61761644424
85410.40697797391,405290.22027339693,512243.44788050454
92162.0310332003,262318.52422090515,534917.1522987029
72725.61919015527,370897.2302074857,504219.29227146
78955.53777688055,287541.239083151,426531.4902884143
104817.64502474673,320128.986118507,436844.29792209936
121584.19172166142,338740.56766813184,557095.7867017337
125295.7785773877,345830.1265777451,513417.03605490737
87639.55278458624,312954.4820022844,480328.6625628493
111778.14393822901,341170.96267206443,379915.9042404152
95395.27619032213,275163.4566116248,446847.3861189895
67964.22358923343,359487.6778003094,369500.05384582607
62276.87068163839,490479.2304505259,378505.81386207463
77718.76202255042,262220.49198998534,419158.7424333965
74901.96488610588,435207.20794758364,362472.1225376721
84954.96895896865,354723.79063130415,440356.2152037732
71534.11847718805,430813.5231304108,397258.392999748
69719.71489445127,400040.4794135,363287.6447108079
40512.85987852017,456179.6480483649,446776.99537104275
41376.6449481555,457091.18636976246,429572.4402451293
45741.215380810194,477632.7324560977,329263.0448221889
41074.218745713515,572704.0707493686,381659.5330015648
48097.080629722775,466134.39671252633,348465.7548810813
46053.99243322645,582612.1309914051,348386.8741770126
65510.435392964646,568448.4247595278,365318.08977316675
48077.25764833647,660966.2801840554,532270.6690893271
57681.92908738853,678090.3512629839,287955.4155525055
45558.30197844368,639436.7224389995,357524.8140601899
59545.70628390311,727942.4419792416,329333.31928827416
43393.34786687401,773289.198347721,307643.3558348507
56216.13581569087,695713.9038672992,274628.13805121696
60689.63002316831,587275.444886426,338378.3062530174
84630.27702557103,725337.2197122647,254468.79886542648
50669.672213204336,792453.7186142494,197671.09111480525
72280.96073932524,978874.7762715232,290671.79166480654
61769.67309223029,697776.3780321928,226976.99810740678
71827.81438032385,636923.9751945168,261616.476221988
54290.80063757827,923233.3855194881,316801.12659356196
58884.626761794825,606672.8343551442,246860.89597796896
100636.17065982695,815479.9587411479,259827.44300469448
111398.71889339903,811036.3966940886,293062.62585422944
123819.45457665573,1284033.7495058724,166520.31144572588
117133.75211442604,745814.877034338,296319.56755586434
121493.09585553124,1010466.1067439304,207301.31590285018
145610.5101369012,754998.5688418254,318440.00289349013
103720.3346322602,702967.0001210009,247507.4663768593
94771.42774565835,758780.7477124862,188916.50254021538
111832.53985003474,860490.1686855338,247844.3812716874
125213.22465230664,948420.6626240228,210425.54295899151
132248.0940065005,730064.4963528421,154418.2487370862
104737.41925945351,1054935.1715530981,194376.7561851174
121913.64212152586,651996.088127888,229898.29832584198
211775.59009195515,696364.9897707233,205595.16213909353
172587.23117558152,696602.8253797118,197835.27160782838
169396.85852177773,900701.6983408344,192683.22568987295
168205.55750564614,692315.3204846508,246478.85462944512
105526.6285568481,822375.4638584785,199692.4553374928
114503.9763314913,612822.1744843617,314297.3458143523
170209.66796264125,738582.0204035402,286858.60939862084
161623.64115906996,747305.3994152375,344365.1656672116
181941.88378062338,989544.5948418718,201473.5808687019
167236.8773807377,701240.5435743947,718135.3289696844
144308.0800277518,749592.586035315,352023.55528329813
104590.23491028207,556143.7518392198,299114.59413226857
130272.99716176269,756923.4541752376,316173.115782083
66663.00167415463,757829.0400388658,299124.5727001201
182567.39860636837,698824.400016081,387544.58806808566
179077.34350747394,794494.0240368338,369100.2990005421
162608.38165158877,835996.935655333,418719.6137097026
204730.54452412477,661614.0231738274,345753.095726455
144925.49918541554,717885.2850516769,263609.2479834941
161377.22018482158,931617.3894265664,352524.9067455665
124960.07967231408,611128.8885773763,301085.56986471254
143999.70779179776,784499.9256930434,348865.0901850097
151221.20280354287,735722.5237794325,333743.9313456205
145340.32276532036,758622.3722832229,300684.7135546995
139339.8835548872,930452.7163757341,382009.0693149663
177602.35395897197,771904.8639782837,383928.3372311826
179438.48451584912,794189.785351574,511019.172903043
160150.7859504488,651732.1958934104,515941.82646410284
200350.189625719,554568.4999416913,504158.34380470624
160263.03226453747,906278.5917614461,322332.0932948943
148300.3160368555,795114.4160547454,477141.3271983379
177923.39243245928,631551.9917343811,378746.82129238266
180404.6068988351,692913.5801312594,562543.6761733489
211728.94971870125,713174.1346831967,340496.2170749127
193817.17535129798,725281.938894131,476855.3452566486
195246.5096540713,820558.1786769802,520427.8204827622
208895.87133689772,535163.7301047046,442903.317088927
214909.0375721055,807048.032568156,501514.840538812
319779.75792066945,820637.7365748126,562090.6720647034
226266.8500540866,910263.4743043324,530301.9521762764
232799.58515764814,979602.0529802908,593818.2339099182
247523.71308124345,837832.5006618944,525752.5143213484
285773.26381856157,641128.6966436428,545394.6293666781
281990.0128097352,656934.0185577729,492339.9114478543
297577.7807077289,736209.579086733,466816.5698704708
342959.60606002173,694619.96840285,1103603.168017491
317125.9842146895,739358.7033484564,378085.1636313374
307894.08928256424,898063.4469604525,548116.2450855286
412373.53071148356,701532.2169346311,515277.0529315332
524320.314129778,651670.8520917005,695963.2391834562
407096.1637163296,839917.1393912776,457466.285295964
325445.374765866,784765.2676589713,466458.94116000185
321697.2961515576,705220.7424529532,630511.0786072535
351280.44953174447,941169.4343209177,613821.2149926237
472612.4453131777,691682.8145508971,456064.5314698318
439356.0323628146,714941.0605113953,619034.1125525685
332657.80435271055,926212.2990104645,572443.4305729669
363082.3378269046,899989.2128382986,524296.3101368956
356662.40376639634,1122530.8787218696,615311.5825179501
338831.04867586156,792582.3544786249,597267.0148928257
415754.6367337594,625487.5156694361,513210.72591622785
386164.61737563356,845539.935457189,475649.0766631465
330015.43770701473,786145.0443230484,555539.0551392015
301445.7864328028,928787.1624615032,541119.3398212101
355010.9395673837,830043.4020814277,709973.0456686242
328273.43979511736,819001.0684300282,613481.0335676805
405536.9979972435,1156658.2324928795,566754.1130000148
401101.9431403468,997544.2076255903,531789.770259928
275883.04391588434,964520.9046854818,560506.2592573776
293593.21880613617,947259.1767745796,615939.0346609319
362433.8490037109,1047441.1690211054,618183.0492924291
177377.29096130398,899882.1689960817,565409.05699788
200512.46175997952,1016410.7997158264,569163.1487793121
234314.30579445907,1095756.853301257,463604.2674157769
219879.2762227695,760105.7730148791,599578.948816423
285875.3040111785,1194866.5743046785,594568.6170746364
235285.80799466983,970178.4354321836,421456.6519069511
229476.5676914573,967368.2379572699,436535.4599066322
189812.83938499878,1391475.83432918,366176.6190646564
215457.94232895318,1116137.4030761141,740143.7574770774
153011.22565830778,1143996.114630713,473890.0263572923
192937.32314067535,990375.288722682,610853.7532259892
134479.8742399526,1093665.7899105593,440105.97564536496
154724.74652731532,956873.6427931238,476396.7763331471
148617.57630283933,1116897.8075336495,434255.6797648377
164537.5871698623,1120533.6864797424,488552.3212301307
152727.68114886706,1140868.1961336797,537336.1805077677
125390.26152193677,1401546.726957453,411388.11384069466
175029.18443608395,889743.9179888121,445733.15649800363
150816.55634921676,1023874.6644729053,444062.14382666413
141245.07523283496,1348559.4572945437,453529.90024003386
177488.75276161445,805577.9652852046,362370.3801227546
176259.31909780845,1189553.454529172,326208.03149643494
183355.43719151051,1211500.663114364,412103.3045534734
221603.93250804814,964603.7927114607,793805.2938094363
200754.97798640045,1055825.1798364213,335784.27261910855
172134.542586254,910693.762842858,444056.5130484387
194559.83651097515,905814.0032912851,301814.98065117
181023.30546218972,1340471.6369910394,427225.1619108068
207692.77681562153,1153529.5172268339,719593.7226549187
274885.6394079409,965564.7507274132,612735.6295467597
268518.7239994739,810273.6167755653,492420.94753967936
270302.13516690634,863917.3373120691,507648.1469242944
410581.6165182626,840629.0907211404,451710.2283007831
245530.00866125576,1008393.4955856518,415347.40166796866
199596.206024819,1027300.8968950058,479779.8677657314
323814.44444854034,828820.2144656295,1588913.9547816948
213941.2925087635,1000130.5410497733,488061.7232673581
291778.57862531836,917146.0980097958,475608.3756349957
293161.6467976931,918646.9347164427,714343.5652803333
277760.50013764465,1145414.992044647,509628.9235925383
351205.2752475245,786980.9972848548,571383.1310253395
363894.56624340767,806153.1715492508,447177.9060806502
280326.61640632973,862355.2896271553,455098.6890901284
397916.2875151589,952563.5703529625,550314.7838307922
445646.61482327565,1058354.7214926698,551869.9498143777
305457.2579730002,872975.9301902814,578138.725412521
325374.3911290747,899936.5560718355,470324.6833248489
413820.04139941593,816910.5675111118,585315.3715889049
387775.1993998277,891892.6170444214,630014.2743041439
620923.3269141908,1070376.2544903243,508886.01816127286
324008.9753562731,786684.4600738045,580975.1517841031
457810.82889417454,794430.5384702862,587251.6774095208
403756.28235876246,909012.8969166174,663011.9533256774
399563.7868415038,759165.6724930862,627547.521393548
395443.0556809309,698831.5846712019,605731.9901923354
506805.2412747672,692082.734596045,453659.1087961006
409810.7642022008,911879.6235762247,515109.0102613622
385208.9105687466,761092.6475313187,567321.0741513073
416073.88248831226,682539.6090725552,522975.6548958287
304206.04837776074,565548.836594839,695445.6173986869
334482.2982908223,708133.2395231193,464589.5897632125
302678.99917482864,872917.6073172151,634016.6376561277
278383.013478216,656509.9510994686,467953.1518924187
405947.30272315966,753130.8086736614,595032.5316156017
278203.21610986406,708350.80325206,522882.0457092638
219170.81578259123,562062.7255374128,630870.822239096
210994.70214276077,398690.8423902681,648411.4593841367
278432.39149782626,577883.3182388629,563081.053223392
222313.70637596803,602149.6561838631,639564.4891544607
255234.84286530167,577704.568680088,444209.6805031543
263658.20994647994,548281.8437528589,535945.7601982226
173352.74316870447,495753.4528580991,442633.8293249139
270046.5210050512,710075.8569680777,575006.3749141342
166477.39311069626,615901.4195527548,378736.0395357881
225198.4126059614,565662.1507976351,508871.98415663326
182322.56607408164,400263.99488126824,550987.668201547
157235.71854065335,696907.6806409728,707437.5760565021
132406.29457337828,620321.5572164286,550714.1729185305
124312.9657931419,667947.6518112142,778282.0695627935
178321.45386548026,593115.7119251894,710738.4971974932
121817.18676721469,578625.697991502,643028.3673117867
120106.42603981517,586218.3210015113,613005.8011985178
129132.08017174668,595988.5680778848,544970.9757466023
113728.49496436468,823287.0585969898,577704.5303388634
101341.21065504458,751099.6943524115,569150.1975680589
132637.6897224984,523433.15368077235,884413.417088419
93758.58494265162,693836.91609544,668556.4050972948
122055.21269744087,860439.8365626635,506764.49860443233
127011.0421564882,926553.2289175511,702212.2293650334
93154.82476753434,721264.5658692045,801948.3668675959
92108.57933678429,720894.1584785394,761435.895506403
108341.97725827497,603480.7552251087,707672.8119631323
87295.27439787242,877099.2315548168,511036.7586771011
124164.23093383282,724126.1481517926,554775.5967651681
106569.0524337441,731179.4733815058,516207.6997465144
90333.85713107054,736156.3918640997,640499.1215175213
106952.06029413032,969226.322430105,537148.0420437618
147449.62383072416,764334.2340738756,655043.3898566439
85216.71864417098,555442.7201842909,602940.0017488215
81817.89368443764,753058.3794149992,472554.87391215115
96057.33485892939,663012.5847876843,521450.47263706813
187605.6004185415,872021.7576790061,655259.1049302336
121253.22323352972,748969.6123785021,596302.4118193139
111856.04589885531,626307.9148591477,594188.1470451193
106441.71821880282,900445.6826364886,457274.359209192
135417.62735960353,724183.7344492967,581755.9026502816
123840.01390266287,747651.6872197461,549762.2440547829
113663.38419557744,585082.5283226736,550919.041702418
132431.4061765264,771449.7409338304,495697.7436709333
114482.53320653367,756593.8917856059,710646.4191191412
139852.5713706337,714699.0066430457,621699.4094952603
138520.1014213562,649616.318495129,630380.8043226465
107495.4343925926,687065.6293576313,583069.0701295597
148464.57387634314,825135.7766036654,696968.7077401881
141570.4204259628,810113.1228101971,508554.76046383835
122123.37070982737,981993.1365062856,587492.1914586249
200255.326692617,823312.6073365186,562797.6765180057
112137.61735998036,873510.8840178823,629715.1229380224
90008.07006153157,945166.9826583448,616349.4699363434
122675.03146759975,892795.7244494981,715601.5936418186
143744.68689458893,722507.4233465035,562073.3524252388
145425.90713652977,861996.9085858671,549029.6505496493
128271.53768460824,636179.2153399511,509996.06422383036
129666.0183053923,895200.9025972362,456351.70381416834
116865.61894487601,709866.8546638517,603365.2169033651
162180.96246888774,870297.1732382515,495269.5197836271
170860.78137282818,757246.1332012776,600906.5206019627
174808.02123218088,667155.1572884652,673940.008790327
147689.22963390226,1040445.3288316778,430705.1217104461
160053.7639276834,1055602.0822765387,545718.9246734618
136346.84475233816,785409.5386157383,559352.0927350576
159966.41752164613,848569.0033680102,754391.7204087583
183932.14067567757,670410.3382228215,599968.0319884354
133382.1236081008,846629.8120202215,622812.9657597987
163110.27590257308,894172.3604846145,375927.1673402027
176001.01704952825,652722.2021166208,427026.6135032211
171965.0357946753,924424.1594314827,418228.5100545638
167234.40105123608,907765.4278636007,546595.9052269172
159229.34332455706,614293.8419311162,592993.7974477196
187382.60133804043,705628.1747751224,481123.7979805417
189236.9888101277,767821.6378854171,686155.8827538453
223851.0668945757,541295.3616469374,377713.83993386547
200512.3187002358,646869.2231793549,440544.36060738884
227796.6910270137,580560.7301441965,485026.36788642243
200672.11205044523,645800.2421238837,405452.3991347435
156920.65859412967,640071.2606004862,488142.1491694994
178550.8752088924,678310.3567820294,617199.2611768724
255448.51517851691,553175.6228608022,426064.5798445495
171670.87196083815,767870.1867318745,685310.2961724391
211704.02953583293,425172.9243606776,469956.49186365993
219048.9820368869,458702.1588287005,526287.9707653248
237080.89399465668,659463.5165906101,557782.9892858296
208900.11014111707,499132.564030932,644809.3662471296
245824.2629681384,406218.3067671147,471562.2881417477
198361.13580129156,629216.56025729,508588.7739902161
168129.5617236815,560622.4332825198,454037.35471183516
177997.6778703686,392137.3800721123,416104.3603665372
229413.26699893072,616198.824941736,592539.4648203906
188163.67042973285,541016.0818014701,5519379.866387239
204997.67711774187,458699.47297160723,650341.3155254906
197624.20888943563,607874.2243963198,575534.1131273706
208752.04491796013,694690.3152301896,508639.71246531466
233512.70521651045,929329.0707361951,626968.7488377346
216858.8292346472,468446.04114409164,403279.87429622246
237338.3531098639,561722.5503880325,620684.5265514296
241709.93673891047,786644.6768017982,522579.21942515345
266640.46559684305,559026.6665979262,647383.4655042537
270644.1250961985,614804.8512768105,544390.8535363087
287625.5757494257,654646.4619887761,615265.5589971121
195709.26473777983,598665.3114929862,469423.4182004483
167190.54156130797,1002561.3801734002,483513.42619162484
190586.38810774597,574380.3203097533,477585.62022117013
154764.07337016083,761661.9364672255,512059.8386510548
250097.9201131746,552489.8291792904,464679.6868773211
202510.06691094802,597207.1912340391,520158.2325525816
210854.198730572,691788.6302373153,631083.2389396988
312123.9812383507,590543.20103305,485910.27332515427
262618.8630729764,614456.9464015816,508936.1239143704
207639.96577773237,697216.5550891957,584769.9519729207
348972.6694468233,714825.3790968959,533744.0335707094
195839.8834361029,905931.8155082107,472452.5163175293
368674.27451773395,2596480.07222578,465731.75913706375
194297.26203915448,736106.2211830395,395082.11842806253
224296.84249354465,692072.1557440145,678032.5286309796
275900.2760138861,725166.8488451894,674868.1189409707
243895.99886063903,688177.8357871932,633629.5671787962
208803.45368324622,1575329.824390601,472002.55398975813
234167.89772780822,556502.5815113584,609224.7906455203
247850.14732112802,818712.7328169161,472095.9086377922
245649.07528548257,866802.5790919869,531732.6284562037
271875.15451330243,784976.7432378517,522792.8699578451
278023.61338341003,588479.8267074346,454922.6067356973
253310.36602150198,777632.2599074751,521312.46938753314
255273.62640793473,743633.043077779,587802.8368282698
337365.3052442122,760203.1681141758,688427.9252349585
228105.2073520099,1014463.1520696636,583399.0820910013
333065.1765596125,913194.65408338,444899.76438483526
230917.91447052403,1059138.29430479,290032.6987007339
299923.68797947245,734187.7440620104,563820.0033643933
307058.6306610167,1004656.6656795724,413764.2765502168
277847.35167415906,1323033.7734550396,722714.8852405703
322951.4561617196,777719.1326031059,665836.0155101661
305277.0113873806,726335.9301038755,457414.0162315583
265517.22855521645,798894.5345497716,418611.5727462532
336511.89558147616,698819.9607629147,497802.55576072517
249978.7929638905,785459.1838151359,486849.50189018075
286742.0666428631,1010130.6623459735,478970.2276448927
383745.83429608075,1272642.4248222278,503263.97341488913
323378.03531608626,856223.3784038837,434541.29935065476
353391.79636706156,1116306.2319035442,522921.27974483324
207251.57901735246,1095693.8879286018,651623.495826139
265780.49844759575,886044.1171777253,361168.61364439933
327679.77264881175,887749.6336378085,370737.5212282905
309827.20206959784,999753.6125476535,505973.18125884375
278906.08271342964,1009969.4605678234,455717.7320315355
219637.4694100631,936012.9284175457,471713.00225538824
196368.39928592078,941618.6402247138,561425.8858401274
377440.69148767495,955110.1165432117,384401.18390627333
208552.10460323512,969230.575994723,664688.3632404294
192840.92937009083,865266.048243986,412857.41577556793
234786.82877686567,996598.2334321069,545544.429672264
209585.9462470704,895327.8172151551,395736.48394295655
178635.13901850994,800924.6808503144,434616.54844789626
207637.17843714968,984096.1365679863,546276.0953375614
224086.35142527448,802804.8668347059,541607.5368433225
189763.25771070286,772077.4343302187,463825.9124514116
293418.6435984657,854387.2463095244,448551.2166678086
218102.55724110597,847008.6745604468,409708.861864697
246585.41675548686,785818.948154334,620541.9078957785
380976.42573637626,1171039.9304293236,461963.21449657285
278119.653341464,1027369.3329680387,574039.4871712999
223936.90741728336,869781.0620256658,463994.4758715896
229613.3719420994,821175.7400877769,465481.05772227584
263871.4487687824,981270.17560663,472563.9368505957
290919.63264639914,925658.2599172175,543811.0903868313
345972.0758863804,726020.3656958684,582428.4156175905
263740.2480118609,924035.1974300912,473256.89126882865
244640.27134947386,722678.5665097109,490671.95903587935
190972.38556362066,765465.1840629972,562648.4565769144
303919.2551852491,802656.6906471166,550071.5242547474
199081.38268251694,661029.0562423352,627812.2760138805
215037.42065828215,722039.0477221262,747392.0291236539
194971.11770137225,668035.4682101847,529193.3184855419
133885.25541592354,800063.6836648039,485628.98761603807
182840.2095405924,831913.7966418632,534585.6577088773
139412.48720444058,927405.5610032395,553863.7450408097
148711.77040025787,767804.4738019016,499872.7567759401
128898.61163449516,812365.874304117,722463.0928554556
151929.44092966884,1421737.4244998917,669039.8453082275
142762.63447683264,785342.4199143107,640105.8063035342
130287.5199757588,961329.9552302734,573804.899364107
111051.21060390907,1026125.4524484121,761400.4201172707
147941.10078889845,827114.4260570017,553266.6527312569
127095.3119748168,810898.0752276382,667243.6442299439
138825.52645562004,726440.6272272986,540291.2744901364
104406.4372871828,772314.0990978226,664569.8014803855
170027.77259511163,1157118.4181266446,591078.2798856407
150205.88807373616,1090037.9601115286,610340.5541248491
146651.75975747712,901807.8172209258,547356.0006825873
122575.91295848366,926980.9211293305,632472.1638623809
171690.32133068587,1043284.8474642951,582915.62514266
111539.74052281228,861141.9087505431,594610.1068276784
129934.78414270593,692962.4259888313,476118.7999216143
135464.96213938465,753397.9952925921,417046.20449986274
120041.47931828379,920771.6062027938,507905.01159913046
106800.75173264602,980006.0003912485,518898.20820923423
71863.34143930387,858521.2348619555,445490.7572770105
90285.25424631799,674686.6105139323,452490.86078078713
96491.30095805024,808953.4928184596,461047.9626470632
78164.1089073712,983412.7918766987,382033.98667654593
85372.81916828995,768544.8957566614,453842.6935544598
122805.63449733582,1126339.6378372381,491610.76827520254
82308.38258649965,715260.2465984302,386630.54224231135
79645.18485538101,953221.4881856475,383503.7055632663
93596.92761026278,735079.760882574,662914.0334835663
85194.30603657474,990394.148268045,450968.40733687545
80753.34079151711,978635.9032517415,444074.302915508
80363.5107877709,924277.3802006748,491988.60732239636
85592.8502207417,991276.9072963486,451391.77308576094
92202.85884744397,671569.0465983932,494975.46683398914
78088.40920086886,901920.1826788373,342235.6349088532
81820.31916737609,725621.0134915472,441708.47110571404
70559.75673849972,1112920.799734505,384401.3790913097
61775.71104888084,864196.1843578218,405671.2579141037
54533.73289157581,793681.0553646889,378200.29320872447
66967.5871638568,846326.9638410651,420633.2564699601
51163.33657645691,998911.9853860029,434636.45553849917
54506.56706926118,769974.3334291368,512142.25355043326
40896.28326986497,690847.6456899706,511522.2828193299
33727.57958072422,858151.5281296902,563472.29892234
28119.93971351742,875615.3581926397,618082.1609813157
32940.09986088198,897427.1833571219,393473.447869531
42793.61300831566,971873.7665936803,412449.6186966819
22819.75898103475,881798.8724662815,466351.0275773214
42506.91489933194,842657.6794661398,649075.1165552196
23836.578971824016,815336.7885349414,498049.6284063043
29078.407754428707,928982.5697167056,558118.8280493347
31038.475537933013,858318.653484705,421105.51179880963
20389.240863924206,1058797.697287329,527065.4746486819
44025.5070347043,756546.2037403474,490367.6814514337
23065.480861261058,973184.1963863795,488853.0604813445
25163.47020189344,807080.7614571095,428715.24007021467
24138.27346558113,654896.8933284844,500952.02213393454
33790.675526532854,771799.082222063,443423.2317873828
34716.75115440518,921373.8736237196,376654.544929944
38545.28450322416,944524.0203354644,457977.23554367153
35570.5887772134,703541.8245452228,569315.9704167286
32558.07091782921,787784.6330171353,510825.5192980671
29654.59998789619,826728.8465554663,532709.9736545653
32396.24733297235,1104005.993786164,418803.0531124458
25936.048559098577,772355.3600443597,371953.83062042575
49454.56419770723,892474.1181384872,333802.11469418823
34709.33439435773,755244.1332030778,479845.37578125234
33787.287440560205,1068373.903765733,364514.59735990077
50657.89658314704,876663.930814124,373962.6184461458
36093.82811449129,1209686.3698467277,356195.863664672
48550.65833675726,865764.8876198397,438561.2727471899
59694.14385993542,882404.1273479075,417875.8537976277
54809.6465021801,1050576.6286695972,435767.82940939046
46112.117239585845,827364.7235321964,415850.31184614997
65248.686414827556,868148.3831637866,350590.60121678
53116.02501710003,918442.8995649422,544596.6420592306
70440.15336063661,646432.4931041405,405185.3000541391
90853.59775777448,863472.688421867,354044.2390742976
70277.20843404546,624144.2768715646,433228.7541333781
44624.22840236119,674087.0178727319,377232.5318464743
62505.103487993634,720144.5202664374,377393.57628068345
89586.3272165877,776731.0948606858,406628.85191787605
63699.03351131571,805525.1269157359,373753.91314269806
85836.66931087346,610963.9000333258,394807.67560733075
81469.6666014018,763192.5005459448,403048.05411531887
80820.27496628235,588245.5193392421,342803.0286347123
104990.22841890337,569626.6599658236,494769.3569202892
97921.50632915176,516001.2954995871,385273.50034653355
99608.18661286909,512465.6281656758,369227.791728848
89229.48489961852,613865.2041217939,402138.8231463707
84470.13853762473,625685.3581880443,329032.84520381235
73442.67988654107,831258.6595601202,426131.03989759483
71837.85786351131,524922.1959089804,443149.7104465965
66558.3674366839,637673.149041612,369956.7687494258
81422.69645087724,591697.6116764435,378923.2780370135
78358.31452893077,488327.2147387194,383307.11783665675
93791.3149162358,469267.0290528133,372507.7630381698
99601.69841139478,529137.9470072147,466895.0999627315
90973.77599493762,518316.6374392381,388568.4063124093
82412.89129051306,462777.9167118879,423432.0034139488
91120.59251273586,580634.1426555028,434548.43011658505
91507.4642556325,648793.0328670663,520262.87597609364
81964.7188939069,460003.84074210783,503304.94424803
122385.11066705637,540146.8849922954,453376.4038578322
105328.4510670436,338720.30928372114,536705.7225952093
88388.24322839176,385545.5259185084,431764.6904112067
98818.27645448608,493963.36684791726,479801.31925586995
93288.80511130573,409919.56546125247,350761.5044036783
104302.9869395767,457214.2444721254,470542.5154790969
96936.31026208695,535134.3971969602,531738.6846293148
78596.9812182456,413682.2321701527,459889.86302410485
91371.44806054392,445632.78700097976,466083.609928513
101752.16600113938,390364.38134632615,427909.13510491094
98815.66066843842,401579.9561995368,429259.2990654604
72093.97625169752,482130.49975345226,425939.9815442844
68963.56914589572,365001.25543633115,389440.6811577418
129685.28125304883,378356.76881324966,436631.1273666404
69532.07172985809,331063.83463780844,462417.77831826813
104560.25928439017,502564.7368953363,510588.07335682865
109724.48144463867,319460.4616952443,416815.88462722255
100989.08562432419,429411.7528745575,443625.16731604014
122331.13981209436,385319.1630758929,516032.0827667526
97604.15617018034,418276.1738809186,345951.1806546766
107804.77433283036,337921.36205540167,320037.15043065685
121752.5391723916,453018.89759819827,452316.9365671768
120861.04474570155,358831.1016042156,407379.3104593928
110485.06286427048,415869.62594750925,359002.2612839808
105133.40173978996,509415.6807861793,455285.9009105726
69332.19451928281,546323.2483394799,421442.70975011843
82230.68120154525,411340.3281981872,409415.73144723027
87038.392276184,444425.5235168844,326149.50347014976
76429.02230603047,374990.7836119946,300063.0945152297
83851.86486458837,406681.13968107814,451073.4063417242
81680.29601671232,431322.80448364606,480894.71142642375
111309.34901327595,447050.29296439287,454796.97248997824
77368.28811286937,453377.5807882931,394850.44706043997
78499.11424097716,498542.5930258992,455713.0283265844
84316.40935869873,414208.34226120246,456777.80345433357
77355.47982770982,492058.55338817247,521462.8861873189
58357.29088085947,401689.686246443,548495.1836919489
85205.4416580683,498168.4985938769,700846.9366651985
148645.49514104016,533268.750400071,469316.57779592107
93165.67863657905,515564.04744196363,390334.1033087352
78622.61411062922,508676.2485843251,560024.6129426303
114576.24888454401,487094.00233318226,411301.00475885
107409.74217899714,420854.83529962593,421029.83772817056
85025.18330399366,576677.5711804645,409629.5552398474
91678.58966639575,451033.0517870597,559172.2514475641
75346.08351986975,479977.3492304417,442928.7756031946
84424.41857421453,401255.9021606031,402344.5500658482
85328.29757391897,434656.7138792629,441071.3239830989
103099.55624368979,495021.0757446303,622363.4393261927
102658.63854940007,424818.7698791444,460823.2458350926
96941.17371661981,460232.5124044439,445574.80002467823
76081.06577909668,343936.5890644139,525133.3958686491
84742.87343928273,541704.1197380867,499265.4154399681
92071.65260622281,431614.3585235587,486119.04166729876
106863.34828071184,424372.19319790753,764053.8057271501
91192.75067133657,378698.3085397646,571775.130402846
141660.6626623281,552977.1974415681,589691.7961121164
123960.86882246145,414727.95157617185,792521.7995229809
109887.97199660333,399245.64642735064,504141.4330744564
129759.46963943534,568702.9251056624,412369.8830112617
98016.56326808195,413673.65930377983,500896.798709834
117109.84018602225,440006.89871954155,690459.3462176515
136890.00067471623,437736.06129397184,4357096.672974899
121789.12940171002,405031.79936652817,518970.84684442665
109275.7380855536,418245.73232218693,575206.4937324151
121794.26955257138,464184.98726765346,587876.1074670728
155282.177225888,386275.02541761735,642062.051493608
135635.62789846747,452080.44680876343,549288.9920481921
172122.3415467302,408444.37464849796,604603.3814355336
109524.39640337863,409192.9097703681,608159.9365754713
90704.51652670004,367211.8003653308,685328.2780637735
109920.17538048576,478694.7130157721,422604.04327643884
91206.17627601142,340860.33724500483,577622.0605664189
87209.83116866383,378134.2526273424,668477.4215515573
108808.48997741882,352021.7959479867,531966.1039314849
100474.45502159793,430110.57334027044,522177.61443120457
151649.98350932545,396101.5860907729,648376.3062880266
119878.86990532326,479858.51820486237,556982.0455380759
123713.9660309757,433508.48639156186,740237.15692081
137877.66279516596,335721.0054779496,654180.90103674
100160.47299397772,350035.8489290788,683853.9379096658
107004.62840592602,334759.0346680462,661145.3972238377
90754.6614656276,245190.53277412712,585797.6076281249
83554.87180875297,304496.46257604775,834748.6213015663
150602.0513336995,343259.94098659395,648038.1069889725
112564.97752996685,299411.0602817869,551005.313630414
92780.99414388847,279211.6806836624,648286.3000596575
94678.77976091368,294883.27870092785,714845.8810486003
104052.88967380111,278319.5813139394,645932.4988827007
94738.38263478994,989591.5119677931,572122.6676968252
103665.33777422915,243868.5950787241,645739.4275583446
108105.60444153703,284448.19904246647,1008822.6911211221
104975.81188139097,270735.3104277265,659028.6239786188
117764.70749912079,296028.34454762714,584419.0535579344
102003.6730685295,304163.5935661856,662324.35245479
76275.68071779911,256748.54818939645,537054.3699812584
127160.59093451571,332796.39299975976,417169.65161048155
93604.04044142115,277567.87894944963,555608.9580893419
87096.4321862263,223730.13817760698,660511.6560391178
122417.54443344507,280552.9352889664,556378.152300977
69838.25602515029,249560.20951791538,573771.9483379708
104203.34553578307,245440.92649818835,515623.9570496646
88453.21608768072,238999.8133469307,539381.491249796
108360.66524905647,299413.2685384847,596120.8187918907
102933.84259461547,328292.12318217766,727080.707480762
78035.84296157259,265989.2135927582,691175.4151564199
64459.75846238611,294429.7140635343,491499.3040060897
126879.57413463327,326491.7877761233,544364.2624498494
80618.90721111119,318012.8404888416,680449.2137021332
64419.171791019995,363020.6116645895,620824.1756379924
53570.75217986141,371145.43317887635,601722.8232043835
66637.68259342537,391368.72037135955,736196.2229646469
54332.566315085685,324678.3834804075,508140.15691418597
75252.37991405308,343606.0867009511,560911.5375477751
53147.166300592624,364811.99362159945,576292.7505256219
53143.332384261535,344199.21596449334,669565.189945186
56098.57190956686,340009.4560261944,578314.516417646
53118.083357014766,334809.4450299759,605097.4256296396
50813.20749640092,407366.9972574399,526698.3438528038
53110.66971997346,316865.8321685611,518043.5187406583
62697.60527888114,339880.72068565316,497019.9736568613
52587.74216715585,320234.826651642,556337.9395612099
47570.114702128456,338284.2577408655,593116.3614697739
39267.872070063655,334777.06087972753,516389.5909821724
49314.62572415541,276158.17432645155,553216.0822897312
59959.46051687541,422049.1561454008,534961.69414679
57978.5818429924,354230.00451449957,572968.3325041657
61338.552743915105,396787.4943434716,502995.67972089566
63595.53551694202,287309.4752766948,536007.783100866
45590.101642713445,287968.2574919861,528938.666403289
46900.41012601091,336410.31895980396,489817.8849166925
57595.32645221523,434478.1454780994,563599.1854451218
49466.10393960788,338781.9051475427,560639.0099342685
58366.58630431685,372609.31122243404,555925.9496240562
62864.661349793976,260213.41370443767,559331.8362584426
59259.08875938121,390243.01468030136,553355.9595478505
66491.56526537202,,362355.7966142781
65395.63570027684,,478739.9500440754
73404.91213273231,,596981.0459832473
81430.21812843942,,426157.47438015667
81490.11209511684,,413094.6822960793
74492.02466597586,,414515.3938650008
110027.70676285209,,474333.8512307731
76508.18423919866,,362728.553411152
95657.18953981447,,489756.7355636581
86784.95826457717,,326554.0535470861
89910.08581584452,,512556.2823116936
74333.57964747268,,537190.3908766446
81018.5464755444,,465140.8605199043
98981.62550067085,,441514.2488228798
80929.50815368294,,469164.99826983304
90519.81861057263,,442115.9148923575
75103.67721006108,,413384.97599339555
69980.64965495528,,619353.3815431416
74748.50503624903,,466127.20239847584
64670.31138786983,,279502.0262897393
66409.04518403897,,624718.8573798093
78942.49048844792,,536808.3066296148
72486.7419840228,,482730.5172220345
84988.26897243952,,553983.7103808842
71614.88821260392,,604008.9499220091
91933.29157388546,,530729.2437578083
75835.40201745422,,268025.7041400365
74913.8385868714,,515153.1604752502
73500.09789521099,,520209.89745806006
84423.25876476582,,616144.691708477
67192.80946760435,,618549.1958039034
80184.09597760058,,506928.26898286806
95184.56558563901,,569932.6744663687
69624.11859263024,,486605.4838666365
97778.23070871466,,760885.0766262794
73196.28493772635,,799819.0033405686
96927.6325816217,,626758.8853947716
99595.94936849363,,664670.4926120837
103355.6927041109,,506423.1663034335
71629.89318571475,,549541.7224345412
98241.94931445763,,645616.4447842446
82261.526401951,,713006.2976633306
110123.59479570038,,655358.8119948558
101446.51566006377,,607952.334080366
121340.64027938717,,947138.121128543
104613.08422512145,,674789.5794386895
94135.95026025266,,680357.8037105182
105234.61786814875,,734274.6375099674
136175.2952662496,,607010.3925274302
157011.75083057806,,712931.2927694569
124453.38716163582,,590869.0026177256
85100.10251423114,,719283.6041909265
164331.74950599135,,885827.0652164622
160990.04799109843,,684782.8992990875
171994.45503612392,,836754.0230012934
131441.27962975405,,756864.0183638543
125829.70988612527,,702361.9744545517
174595.19848830916,,777209.5092369416
153578.00191566258,,904974.501746383
155656.29049313255,,584532.6845297758
197303.8151600877,,747197.8275028334
183523.59791132176,,600828.0412920341
176132.30556302817,,695410.5250497943
208715.6163842731,,693441.0085277865
149034.30986379198,,561022.0978880323
137072.58389089082,,798279.2786291036
168655.64057203807,,825197.5548670444
195874.84294956044,,584625.2533533446
127340.8368038031,,642793.0822937128
145125.13304946813,,949153.7311192087
106373.87812798496,,700555.0439368484
188102.22338378493,,799882.2744837725
162466.6715142069,,1141076.7429673541
117808.7692525819,,570404.2736391684
176959.13468826463,,799387.1634791936
170678.56085442728,,756197.1804208896
183563.80021631334,,778122.7382253283
143471.8758782472,,1047610.386892221
136574.43343218695,,820569.7719764833
132526.441966222,,676838.8527044932
108002.5416947888,,970766.9527597893
161244.43346503808,,695221.3826025467
157486.4069782898,,1046665.4934412343
154621.19836405228,,1048022.499315398
148189.11097839096,,801576.8913352743
169377.9020487927,,588474.424701287
149767.3759280408,,831013.888641095
176864.31074182334,,760163.9877100459
126847.68813672279,,706434.2563207678
108201.29104526594,,919341.4237846888
123418.33068085629,,755402.0080055171
156873.5960118338,,784420.8180103797
127183.38820080247,,984353.2914629376
171456.61875079546,,931993.9675398093
117294.88050539674,,1029835.2072553737
148321.09966168329,,909170.4380258324
165535.5661490099,,759176.9673818464
177165.57631975078,,795578.3489229283
183116.99110490154,,811935.8039609531
175954.12606489775,,746020.1855493446
289847.3909913569,,874619.9274636959
157854.62263103877,,696786.0285071888
193866.6385265732,,499305.3306600705
302939.75732474506,,762944.2757942838
206821.34903567305,,940140.9265804649
257703.95515632787,,667673.4151199248
295149.9031655086,,798415.9250650248
251429.43873795442,,826310.1720388616
190747.9364113708,,680818.8421190373
323941.2301111093,,656254.3796091105
318854.6767540576,,1093171.3357400983
345534.3133622436,,576782.4957952781
304361.1644659228,,597557.3267010543
329740.33591563685,,798520.2108436779
370343.4300020067,,692002.8673193839
331531.74997141043,,751212.9572061982
283272.6008197521,,680375.0494730072
368156.0572972242,,750392.0038756432
332809.4564165686,,1225054.0270508775
388445.42113919137,,702174.3625142383
321499.66615666973,,918165.1838004238
410492.26320810657,,836974.1822564715
331230.1276003424,,1000637.2476566674
343677.30803735345,,835259.2794681464
312622.31060723134,,675343.6087205769
295817.3829525795,,865879.8446284721
413845.30214992625,,
356046.2508029385,,
353290.0156282762,,
274856.51966438896,,
412181.07994032407,,
337457.6236708775,,
352889.3505077984,,
386182.7322731265,,
468391.0948185929,,
391946.94435757585,,
408927.8838247728,,
375021.5062475825,,
326690.3415182843,,
313661.87719462434,,
366503.973709165,,
359728.0147787606,,
377893.61989216093,,
257598.49588930845,,
305818.4072209974,,
