avgReturn0,avgReturn1,avgReturn2,avgReturn3,avgReturn4,avgReturn5,avgReturn6,avgReturn7,avgReturn8,avgReturn9
-62.767396452703686,-62.63767623723381,-62.667552925705714,-62.67800606191072,-62.768795250988596,-62.559939796154296,-62.58675090351422,-62.52909041347994,-62.783684095513415,-62.59344491442998
-62.958555944666976,-54.969959929660284,-73.65949418051474,-61.910356742180895,-66.46640287018644,-61.54771674815491,-72.7700489841558,-63.749350909238764,-60.029609378047404,-56.56171874738656
-58.00761336764786,-55.67191754189986,-73.86635024099178,-63.4576445096363,-66.97871608928422,-72.06628000491511,-71.85269769181522,-59.99352985333544,-60.42527888394127,-56.63702210655446
-63.1826551009624,-60.14422894409218,-67.62724919675135,-73.83036047179301,-67.00642765226345,-61.16511622195949,-65.95689776285441,-63.39466915474406,-58.48927318630513,-60.82304702103424
-52.45685508024913,-60.37260167531426,-67.82706882150057,-64.15678083386868,-65.33010445473505,-60.02770579626175,-66.71963616229229,-59.455185680435406,-58.5316699524527,-60.990641150625244
-51.866560759654895,-66.00286981384268,-62.42990053379867,-70.57702900838845,-66.6700342088072,-53.49969919104452,-69.15766883878561,-63.427300572263825,-62.576831840641965,-65.31493636524996
-51.75840803677151,-65.33459347094849,-63.56315917052783,-71.16540746958445,-69.10467597835185,-60.28965332043772,-96.41861731365074,-58.87385076923605,-63.15336128369286,-64.92580489001045
-35.56671478688648,-72.53541338667726,-61.65646114940248,-61.10201427438492,-85.92718578590924,-58.65492647752351,-70.05865186347152,-63.256878530769356,-58.58506011433959,-60.612755708264345
-41.193093682839894,-72.9402592398394,-52.58467806581545,-60.563708783600134,-68.36915963855905,-21.18511382464535,-72.55016674234821,-58.748580610739666,-58.77531958901304,-60.312483874097126
-52.452541596253276,-79.39493319463834,-62.40334148907335,-54.00802463525165,-76.18206596790743,-58.50400260126098,-72.44978481615748,-59.12786110046429,-62.079902291431395,-56.6409973891492
-52.30253984879509,-79.14935253323212,-47.28403941689137,-53.72097539547895,-76.60264555737885,-62.93384561294304,-66.33044472898791,-58.9183982728537,-61.72000292439914,-56.340684130077626
-65.14171070249888,-73.27607183315702,-33.86161841552732,-54.048820917667925,-79.76453076542727,-62.21968221526665,-66.01899646810826,-29.651774892785728,-64.72520499874346,-63.371507141516304
-31.20319312743624,-72.73323041872763,-60.47549405900773,-52.5769481323615,-79.55626634300586,-60.03202777327872,-59.89851054961146,-58.09226621226042,-79.95398567258299,-63.901338064216304
-52.018880489138915,-73.91355061812938,-55.946362066459095,-54.78019541412918,-76.71984860672555,-46.42934755741548,-60.39350385965521,-66.35382620997251,-64.1734012161144,-57.597126832995585
-46.72333553776609,-89.65550191051189,-56.34010081573075,-87.62445717371203,-76.73390928272623,-59.92947586331004,-61.41278577088949,-66.12010561907721,-58.4198802346413,-57.170033552813905
-42.18815057924568,-73.95314209384532,-55.19013123076712,-54.34325075787342,-73.27595801840856,-57.22974976189234,-93.03098955858982,-59.98756183621951,-59.13227855833851,-57.82221969334178
-38.23949269109083,-58.36086791201878,-17.97102607100104,-52.76982310764125,-73.45024112905507,-57.03693061387614,-61.78839984667766,-59.64154084843527,-53.41589076412015,-68.02352400499804
-52.31939255827875,-58.68215648888648,-55.49841207247014,-48.29919890047424,-72.60882307803497,-59.35495617698734,-55.7012096933211,-60.98146590161694,-52.20711200334333,-58.54680033375901
-41.17295127000866,-59.73693328696781,-58.33611783093494,-41.14629167017458,-61.240243083938836,-79.77935387083585,-56.20316627958309,-62.003979366739756,-57.800918093644896,-52.60614678731415
-53.102401351093604,-68.65048940132132,-83.99068707333194,-50.13472606992914,-72.62124622454799,-59.50004667579894,-57.60168100497641,-53.202145663837804,-57.159060992868355,-49.89401801537613
-62.360926291726834,-59.82993103910046,-57.59009388888474,-21.98656522059024,-71.38653534024368,-63.80824609096612,-58.86832348883292,-51.603905659530085,-31.234448612383222,-54.63011203718768
-44.532163945343456,-59.65020801567066,-57.94521584514681,-39.23925228193855,-69.47425252964968,-64.27275004541966,-63.309588880794834,-39.35513200156872,-36.132771852261236,-72.15166216658994
-16.561979980825363,-42.88620317246811,-53.50735806630051,-40.777335090202676,-71.34677620188845,-72.07206957304189,-63.53225006999702,-34.23403206559534,-31.67361903363087,-54.36373363738396
-26.75620120555691,-59.09390575800734,-58.00106045566665,-42.35917234896985,-86.31309098118973,-71.53776485906272,-57.60586031559986,-52.20970910056282,-40.902821847221276,-66.36179044979568
-52.38042858120476,-61.33413103284594,-55.582663497291506,-41.351074914260124,-86.63289466800934,-76.0963186692554,-57.20180575690886,-63.95571587217243,-42.04713729905625,-66.65688109897775
-30.496652825632633,-61.72174312557041,-55.998655910032795,-40.97443792816342,-89.47681986750628,-76.30650245038287,-55.427881418165256,-40.940528780415704,-51.390212304733566,-74.18031296250383
-57.21797212634277,-58.70462006116327,-55.98697342227847,-20.18049272812973,-89.73324938012101,-72.71030573291159,-55.63183775113251,-42.23834786294812,-52.599347822940956,-73.51735765012718
-39.40159434775677,-59.465315731618546,-67.32891743053281,-55.1155878742713,-91.81130538825644,-72.20367070503232,-61.14992930688319,-49.8562856353599,-53.34055335996246,-78.90525479335567
-51.59496991980103,-52.92474483756247,-56.463477355417005,-36.631834233794436,-92.07563987748654,-66.8328528537045,-61.64543606033983,-55.199553139184886,-57.93414237452142,-79.49919773146156
-52.56923176735195,-49.79541075647539,-54.87089043085221,-42.42471660425167,-91.48625038127949,-67.08998855333103,-54.5352232076025,-54.16907264377917,-52.060562687244044,-71.52037312335233
-40.05912755641448,-41.803337022202726,-54.75513170610995,-37.213392404789715,-94.42692991723825,-56.649876622474814,-52.85994921313892,-28.384950993139558,-53.17379142193903,-71.64769918242222
-31.4368252617655,-52.93658442343083,-52.27017349946499,-30.972933054084688,-91.61222538573034,-56.0788383929363,-41.78064631361547,-48.604948500173386,-52.69557476807471,-82.64279938913477
-32.28926134845513,-53.17236557329036,-39.52056526007062,-60.073535745839116,-68.85076610694281,-55.60742877957091,-51.121986630076975,-29.748447672442182,-53.036984711807364,-82.35177971885383
-19.436253645821857,-54.57253116168588,-31.008266164209573,-41.13433119559765,-68.2350183176063,-68.48469675281362,-52.467770544002974,-44.00363461257841,-52.915611207349194,-63.2200878631654
-39.57394746992216,-50.90671044114733,-51.884110683693905,-20.83425267105468,-57.790810878914066,-53.559612704874105,-53.61559584224017,-39.71712905585915,-52.72689967558466,-64.10078243917783
-52.2858427772551,-52.19641609016922,-32.82200674464802,-30.395550864915332,-56.9140435837225,-62.06100235363558,-51.32276395049439,-20.48298476797198,-54.43639843014593,-57.929532562124464
-28.26753037143387,-39.75660720033386,-41.94628372623527,-9.512718239112335,-55.801539687175215,-62.250955613621,-52.25350873520709,-31.066169527407272,-67.68610203158866,-58.06682350594842
-41.27464219805302,-27.851434762687916,-52.385682011066436,-53.72857821035211,-55.51968000454999,-58.66158471740272,-49.78627655267911,-30.576206537551542,-53.40186354407212,-59.80625314344253
-39.16141999444443,-31.579566176774186,-36.82256856543629,-29.38280761606539,-56.29671898993005,-58.74804240180895,-41.52603514396822,-42.66505141016453,-51.93680953976425,-96.02638673177907
-31.09056726826075,-43.697099786019734,-55.58076589039611,-36.62523029024169,-57.70832614329214,-38.7238873655979,-48.79197129986158,-41.89285629603257,-30.55548169526017,-60.13616820051979
-29.7845709539358,-28.981377303308513,-30.955408923943537,-34.603494161006566,-84.22335641932276,-41.64561678623053,-8.13799359110891,-52.30363653920051,-41.24098751873235,-60.01080614612304
-52.056600732485435,-7.844341913401847,-31.48576242701183,-42.79310762222502,-57.12922784117247,-52.92871746240426,-41.688565793679,-52.910794153460266,-31.067320245327238,-66.4622785194455
-42.10768109952028,-22.987391314566917,-52.630062138112216,-33.92091545488127,-53.544518774721745,-35.483779624013295,-51.93596408232379,-35.41235041106037,-29.80427474229387,-60.351657408555
-41.126209547366116,-54.22890563568658,-37.55257417609598,-52.567343134101726,-52.47505951150184,-31.858139836018694,-28.642906252631757,-41.00846655312583,-29.822117950484255,-60.58625334396746
-30.00455289358277,-42.578411789494616,-32.49567374363507,-36.239749636967716,-52.869736471048995,-40.664550915671505,-53.12274344601077,-33.20864728442404,-42.30689823375189,-57.89153923879608
-40.53839696188335,-71.92741787150915,-48.88905230970459,-34.55757679119328,-32.65079421950962,-52.42440605419954,-42.12209565062829,-20.77651747407292,-52.6823481763444,-60.163933791088446
-45.79172144604478,-31.149578901244567,-25.61682461654004,-21.150589932693766,-48.710023072931826,-36.21233110761109,-52.59026312022987,-51.90257748809512,-52.51705847771517,-61.03926409064211
-41.53449550666331,-48.57266667029731,-43.76326932302487,-41.03087124580215,-53.450229327455986,-42.18636805932883,-65.34288731388071,-43.416779222350925,-38.54993372023037,-60.389947023943954
-37.50474434360874,-31.230753746893374,-32.521010849281,-30.89146441572934,-41.29771388723215,-53.37471635870063,-46.7555155522293,-41.135304548208794,-52.53178681028896,-63.12080856489505
-32.950694637124926,-49.849832527666535,-83.20053724084443,-52.74840154120962,-52.256048940620445,-34.30960966401507,-52.17540531378618,-29.112669794862292,-18.45959463760568,-60.47836142622832
-28.21928342596739,-36.338824278001354,-24.684694294435598,-42.59650930982282,-53.460542880275376,-40.16012127688314,-58.06898681928443,-19.748794173596217,-40.046230548389524,-55.506376968494315
-33.818076371725525,-33.544211056450784,-19.09340406294776,-32.49012408124902,-63.33079472669692,-31.755946554832605,-44.208509271305864,-55.816066040090185,-9.466346432130171,-55.33940682495665
-51.95921427883328,-35.332796566609005,-34.314462049865696,-57.56670588428682,-53.92250157211408,-42.705988289144045,-40.86008659684513,-26.404772471441078,-36.19059986186425,-56.046224310261735
-37.90588072198897,-31.35146145979677,4.7665033553577585,-26.782246575389895,-40.40071804279498,-51.95514722633381,-46.83561171508494,-28.43768849269776,-23.047329713194763,-57.07614261754691
-34.6173172851924,-29.202870287830574,-51.58671452945756,-37.431519569656174,-32.24187573518463,-50.066478459355814,-40.94836041523777,-20.465871442872174,-30.428803236345008,-56.106382155115
-49.00716401085506,-20.266937557115092,-52.26700768847113,-25.503374649786636,-30.403794374324367,-39.90944157564241,-52.11673643579976,-30.72668039584971,-39.874512204711294,-53.84494667843978
-32.95380172161451,-29.32337595203687,-43.774777362617336,-12.232508006248716,-26.942767567902926,-43.222391329074135,-33.01194130308185,-52.35114507255364,-33.57806747640957,-54.65850477081037
-48.702718124914405,-35.92364453689487,-34.17459245939203,-38.14985553796825,-34.32734703749853,-51.81951340168691,-7.563666099114816,-47.52628182571299,-41.552024379027394,-58.1084451085937
-37.543704878650516,-32.7754726110186,-42.19583786289282,-36.2013188815194,-54.01179373595577,-48.43965463621336,-41.604583133174316,-52.567310366124445,-40.79459507920974,-58.13946332020311
0.5006408187738878,-55.44855838690616,-26.858114808921805,-30.843759687812465,-26.791116375198857,-56.26764485875149,-32.1322858216351,-57.417850048599504,-52.60071532874402,-54.211775028460885
-30.04436316240971,-51.137861764494325,-7.2462081049826566,-44.657961067752375,-52.245857796680255,-57.07929192258568,-33.612578349215596,-51.34939953161749,-49.8050242879346,-54.347723897767516
-41.77966923928914,-30.164809350395714,-37.93695428071849,-46.43962537049105,-51.273804124620455,-58.84365375322907,-36.873842707630764,-41.25344706069337,-52.79369805763862,-52.12320947846647
-38.65436635058562,-30.75148575081833,-42.832319336161056,-41.274098593503055,-52.35942064743441,-58.962551641355084,-38.03106703871245,-36.006899001069755,-60.11114173864595,-47.01362924960523
-53.06026038749919,-36.828328441395385,-36.85330369629046,-31.58794582550136,-52.409493766763696,-57.17218380915516,-14.296008572582878,-52.1550168689022,-52.33894683890962,-17.874916298304083
-33.214407546328424,-26.226616145267645,-52.74941807170218,-43.48264365926374,-53.50894578702889,-63.154577825572666,-30.87697030658925,-40.3448408874657,-55.15409946817694,-35.2653026966218
-41.66501604061834,-45.93754045481434,-42.23853728912024,-30.31683632238596,-50.57503039864341,-57.09434720046926,-33.06910039389655,-44.78348090209974,-54.91882479549063,-40.36018029553345
-48.3420157875473,-39.10289581426159,-53.88752935111349,-41.233623208227854,-56.626363798150045,-55.090331940715615,-50.89889893720961,-42.50693513911817,-42.90639122490205,-32.87015534505818
-32.13539794188175,-19.967597501591392,-53.47208972229596,-39.75816827858857,-56.65500474244757,-55.59588111746178,-37.5706843614428,-47.542695983380206,-51.06018671380077,-54.478562432377274
-40.630105585881616,-31.656213461042015,-54.94874845600987,-18.336270612711587,-54.71252912448326,-53.65071243923226,-42.10079452752186,-41.084039193861344,-54.32807611734795,-33.50188123933915
-54.20478339289349,-21.93066116482334,-54.847804912914526,-42.032683849122165,-54.65980278188918,-68.81168393425818,-38.41212065406383,-35.83392139256089,-54.174636716170625,-50.63597921452391
-35.34502342030176,-24.791623510646318,-57.042558984236585,-30.991990633803056,-57.88298742255665,-53.99622651622872,-53.04967902674889,-29.67139392648888,-54.746701917451766,-43.658490233705024
-51.938995278941526,-41.5472121383119,-56.7438638717412,-26.571421792034037,-58.06324733817417,-41.38788937481198,-39.78342270450954,-40.63227936914879,-61.468494109063634,-24.539753239223035
-29.88127412879795,-35.44797031110169,-67.65251509890194,-30.242498087054134,-57.377859023024214,-47.71138437057383,-52.73314092013256,-30.830057497997824,-54.52747643573584,-32.35734974837473
-30.735667269757318,-28.348920884405565,-67.2116530787326,-36.88090799609025,-51.80182576541305,-51.90743857665759,-40.9271984315799,-64.3734983384717,-58.05273302299595,-43.686298513801454
-32.572231514736124,-28.863546244261556,-59.118669268085,-54.431865335619946,-56.70940712621464,-42.17196539903888,-43.220747227315925,-37.815396494983354,-58.74500974268202,-36.60787004921809
-31.4703300467986,-29.701044265146624,-58.522026420209805,-22.6111237103975,-53.95810681943732,-29.417160415624227,-39.52848466250164,-52.52907084619402,-56.089999677268835,-60.14048403763011
-54.55521240435352,-30.622916380666794,-63.5679436411026,-30.176292465922955,-52.99067521296746,-42.567849003764216,-41.041191687994235,-50.89752845059283,-55.89592775231216,-52.028309250520806
-35.13044918143292,-30.927184279635007,-63.52083905522422,-43.517926726879224,-56.89485709320495,-45.248567620761065,-7.899334295245201,-16.704535845422118,-57.61549332968847,-48.747045405990285
-29.51674612452514,-29.950066578658653,-59.52119933048382,-30.678933650969185,-56.64776345984333,-52.63742084018111,-60.64247996365589,-41.20961280926242,-57.36516575507146,-40.701438800491154
-23.724199792412012,-42.428790988316756,-60.28955128644503,-29.94613969250549,-59.22303097142516,-50.67162596691874,-46.4226561276924,-55.77614550015206,-64.13712569614344,-27.428373066856686
-24.509987810056952,-29.322986602292158,-54.39736133591218,-35.50969204582305,-59.193191354305654,-29.752548445535304,-45.621770869135915,-55.585955914477154,-64.42722854086077,-32.49085079036705
2.736090018764794,-41.49752171052964,-53.959616501136736,-52.38406505140095,-63.78737945196345,-36.00291579199944,-32.36470724451638,-53.62724958617863,-66.3140243523897,-34.97631565531784
-39.190026336544335,-38.11644624942995,-56.56121529909361,-10.834172042667575,-63.254763604017434,-53.0483025053483,-45.050879035070416,-53.567436401125015,-94.67689419884901,-26.313119734081003
-41.66447298433925,-52.424817108643424,-56.94733857807383,-33.167833470588356,-58.82193248943249,-33.00509286090674,-27.438545228384818,-41.55179785564856,-66.08589961492716,-26.31642526118523
-34.58087632230702,-63.159614958228794,-54.40734706533831,-41.709899226462056,-59.23114497330639,-43.103203270630125,-42.324265234247356,-47.547285524768704,-74.8413221732582,-35.01941196666124
-39.131606140289996,-44.71918921833624,-54.66260144573136,-29.441368400516104,-55.256967287938224,-32.69119988800932,-32.97355124204004,-52.151342160939045,-75.56504237753934,-64.84835018076998
-43.61391588438289,-54.04338538852765,-64.04345734841158,-20.8984520906775,-55.61530682448249,-21.599418674022086,-19.3058039282921,-12.358555463734989,-69.6342234619466,-39.564374713631146
-32.366109862559554,-52.42628501398791,-64.32817500937955,-31.834565166370016,-53.987979717765974,-38.785566435815305,-36.661132497010634,-44.4967791235265,-69.37829195277006,-66.31767979489756
-29.232178044407384,-53.34258190848757,-69.90942142730813,-39.457833020591096,-29.920203976097515,-36.28042157922877,-20.620506467306747,-43.056772822823476,-63.71972155133301,-65.85223931469959
-37.62923294180774,-49.18611465117078,-70.18143063156798,-44.613568864104046,-52.95983884271624,-20.588924958575056,-32.517764761701606,-18.082884420006682,-63.66999617414145,-36.03417048172931
-40.752304972668696,-54.3351629546057,-78.74886222886202,-31.95714350043857,-54.646997821886046,-40.01821631965828,-35.71031420687177,-18.84329544432506,-60.38902776678975,-34.10399305566169
-58.863816995397215,-54.717178219737335,-78.84430504075567,-32.43056975627978,-55.97574759830386,-31.87914277867427,-19.74204669941837,-32.783303922140746,-52.63197233167233,-56.27799574986274
-45.3718963971197,-55.97071704111507,-71.16776053526257,-42.32943860331762,-54.74714309422049,-44.788209578673026,-19.407620114057796,-42.63898121734981,-60.95443683965912,-40.09176947161238
-42.705454558751725,-61.45139426640814,-71.10616687514577,-47.00341081781698,-53.84658362521348,-33.47567039322168,-33.10901534636444,-23.13651339880641,-53.944363115260295,1.4688947417725828
-29.87583306295895,-55.35409147705255,-62.04297324997806,-39.22377026166736,-51.94571838118772,-41.45735050580825,-23.599394294744364,-23.617474061229547,-54.30032653843529,-30.778296561712306
-41.87346526342668,-41.5525919310562,-61.345053463062996,-42.07231669500603,-54.280184187399485,-37.39548337029786,-27.780293586763502,-30.55707467302285,-53.790344973931816,12.008884692821614
-42.01692349597262,-44.56638374023624,-58.6990768625475,8.950145647114201,-52.457867604211614,-42.29308584885457,-45.35071501827618,-32.12833182751221,-64.27374670482527,-19.071030011350434
-31.61397823302007,-31.337464361882077,-58.59738824468809,-46.87497325289021,-50.26307418980806,-42.196356507494585,-43.999360292855734,-40.15808192792568,-54.964518434635835,-43.233691067346385
-44.62472422562887,-54.69875574978814,-62.45451790191944,-42.13525075146196,-52.09789900662817,-43.027158886805,-51.46875745244646,-31.72094080105502,-54.04469475783983,-32.76353393972495
-20.707669632537183,-44.22891434262046,-62.09240045674119,-49.468320069029616,-51.74836845494739,-53.59763857844928,-28.305947012270977,-34.65972515231585,-31.617964160469285,-41.53446818274919
-15.470061577348048,-41.327480131665766,-67.74953973176756,-39.211037620997175,-51.51074957446066,-48.96983557612933,-19.950328318691984,-24.225359209906202,-54.21953589378625,-42.19115286634608
-28.835442694492723,-54.42598584113639,-67.28506015062975,-53.910438199845245,-47.87355918679217,-27.625853850781937,-32.2693313322406,-35.88149766167681,-52.623754572040426,-52.336609049278806
-41.92524888175815,-48.75354441593153,-66.83318311513172,-51.67314102433869,-51.5367040205522,-39.87765670191098,-31.25448680025332,-42.77973967709143,-50.25895451504254,-35.16006429386854
-52.77689647711321,-42.38371266256068,-57.87909990438582,-41.18655042251029,-31.932256073940852,-28.753219795231054,-9.680527132236094,-21.701125844530534,-55.69041618004813,-41.07879013027339
-52.273340389305396,-55.43403657870524,-66.57084129495439,-61.96773507983219,-52.01386749700423,-36.06930462702977,-26.856722976193215,-44.272163307529084,-55.161382295570895,-71.77367962931399
-20.149925691717716,-50.80245662410561,-77.51765244897857,-55.095979699498905,-37.38664201092769,-21.479723307978702,-11.4414606745314,-39.4196322869504,-52.913110402255235,-37.53238936082925
-48.60050664979359,-52.11821771391908,-78.29314393951482,-52.521371986444116,-51.7516644472405,-31.19703278424954,-27.319586505877087,-24.505244929736335,-51.62285583521433,-52.11710850483716
-28.809234464415262,-54.07287617528554,-66.88396290063805,-49.52644555293304,-66.08678906276401,-20.712928341096248,-25.65568729882501,-43.571273502832796,-55.983118593690186,-18.78267121296394
-31.781721153447627,-46.86897584167425,-66.710453817951,-41.75703472509247,-46.33476106416082,-40.32996658447069,-29.03552944155438,-29.088914686106335,-55.658827912653486,-28.500363289515473
-15.841560109145322,-55.205560642012266,-55.28162317065064,-29.54372636917172,-52.32441280129852,-21.4676344291973,12.60239533577008,-32.66706538223891,-52.462749792466994,-40.94408730005852
-39.055391646740766,-56.259551201876874,-54.95204128369477,-37.807497194727574,-54.88519993773417,-10.158832807155823,-26.558413983583108,-5.578744675648172,-51.771165342947455,-39.47913569632699
-39.31362610542114,-53.91576435964181,-52.66245634613527,-52.48090552671888,-45.39363356667995,-29.8724170825299,-48.12253763445045,-25.856028999202227,-51.90200877968293,-40.50617580736368
-12.218878398387819,-51.33209383497807,-47.96214679088664,-9.90574660395445,-42.13319838220862,-61.278722863342786,-35.816298548874165,-53.82399071714501,-52.747108409774725,-21.11466297035948
-28.049830298411838,-6.3640979444445955,-52.24268639469947,-44.894305908593225,-68.74348334697429,-37.78039347424105,-46.42643141079563,-55.91633045818277,-67.75299816533978,-23.84756425573925
-31.424050132659907,-44.55233072189708,-52.108205166387144,-52.46184795299662,-52.811412363426044,19.474646044887418,-30.999703760790286,-25.464306190216845,-53.222414249193065,-25.28457283569194
-27.832058745183364,-43.18449812505442,-46.67695856499793,-49.23842916349197,-54.308871596800294,-27.64601813207958,-27.13068809778964,-41.49469947430565,-53.289413036452494,-21.588976056564128
-55.88673165461576,-52.247927693947965,-52.652750004689416,-55.063836430661794,-54.53214903951542,-38.83463052991053,-32.9929211620765,-31.9071323346203,-41.474901691328,-49.782247864954186
-23.963400537066747,-58.479376507682595,-61.98918563292633,-53.95114570160278,-52.56606427909101,-25.323656655684545,-61.450199132230566,-21.598221987842315,-50.29262988028349,-53.42220269884994
-20.371342061380336,-58.26724983533891,-50.25495286682789,-54.52623492349617,-45.82118853910986,-43.136500842740254,-15.944410166050051,-32.77269820414584,-52.5793294834823,-43.68189598498272
-28.724464308517348,-53.89104750754052,-51.80296916151616,-52.753283499000375,-52.36862200247822,-36.605511045762626,-32.31949840949671,-30.046503690494365,-51.62716501304833,-33.05319204040926
-31.969515765791932,-52.56858072757597,-58.85624595830696,-5.758095890086977,-34.396204025813034,-25.17043434986441,-15.769803786017434,-18.66856941084027,-51.71181093231252,-44.07123805705778
-26.35674511469354,-53.71117906092253,-47.76431602897446,-41.06018776291957,-29.382733255215452,-23.81166408834393,-42.97795244234096,-56.72859313036022,-43.400045814035096,-42.378783693323676
-31.801470248216173,-27.883545541782507,-29.27468719701082,-52.71837730261873,-3.752436089661772,-31.45593141305853,-37.13241952383487,-28.95622311836012,-53.326713260430076,-12.90413703165836
-31.775926364165095,-53.23752191582833,-53.36468679333869,-33.316063402185335,-51.545742600639315,-32.699915555574606,-45.547813280771045,-52.15323916747599,-84.29070872429268,-39.5083563282101
-25.002077837957525,-51.984895011584534,-48.30669252269133,-43.18124469485389,-41.729733500913,-44.401556315897835,-46.783867791554655,-41.34687858256743,-52.17502070594347,-52.79194195017345
-41.18593586143244,-43.59647465697053,-52.08028086139056,-55.556484235767016,-55.14182645980818,-29.123937055938203,-12.007415564222935,-33.6622711690408,-31.315908565273606,-74.70627941072226
-44.791249189118545,-41.656904883864726,-55.42666242947191,-55.89052071549693,-32.88733424754733,-31.256583735756543,-29.353705987660113,-25.874169586976528,-41.016776934927776,-50.63010035133198
-28.16266999556633,-28.91061065510043,-51.15569686602376,-53.3158575018251,-44.97124400736722,-30.034398064970837,-22.593620058517686,-18.691708234767237,-52.81210995281312,-18.847878444427028
-41.31715962782155,-52.78524339907788,-42.17140455125107,-53.373824243996694,-32.04381828596525,-11.95067091762823,-30.77270387120158,-36.89967404917855,-43.43514826479294,-32.077471908179945
-40.56365640288614,-54.31955432646532,-63.66362543680775,-52.36624079399471,-54.63930221613915,-50.08637053395036,-45.35752429610257,-43.07125437410376,-41.645776367764284,-33.61759483742033
-54.116132015068445,-33.445460108185756,-49.117064091445734,-44.34047110083251,-51.517898598911984,-39.08372301254943,-30.334763073479113,-17.35600163696193,-51.91183646919618,-28.682073960676593
-52.499098404942124,-41.46091382963038,-52.03521220314643,-29.89498185676693,-29.166792846363784,-31.13131468100385,-44.40765656349801,-30.817819302860755,-35.32489950020262,-34.59783887731494
-53.334009067007095,-68.9034310512623,-31.22710447781713,-18.860777932410905,-46.40221528146537,-19.817972803658485,-27.233280863803234,-25.26351607666878,-32.38528762359709,-5.262917910035158
-53.729592127937416,-37.78361322480203,-46.936672270138295,-29.865288759459236,-38.899304239106,26.84002395315742,-22.532328498026207,-30.6470591004943,-33.14285541930401,-31.246609421828193
-53.588275058884946,-20.300991590595938,-8.823825808956617,-29.475459363752012,-29.83986143148948,-42.126903963125734,-34.63050590607191,-41.962559398618886,-46.43401271386935,-25.775486053990313
-53.45433221625424,-30.10483817281221,-38.94879335417671,-10.087141914822443,-46.66170244522655,-33.8490940362823,-8.796247018404735,-42.61664358118199,-38.066515274447184,-27.14865443752314
-57.85351663903399,-17.044579770063628,-52.312640935645106,-57.77888550056891,-52.131507414663005,-40.819517391331644,-59.19471015700994,-30.07800320625451,-20.338646877310904,-46.907490012691895
-51.44820892734596,-54.728381859935965,-69.85103226554396,-20.44584174283041,-52.12418957272486,-5.854419359176947,-27.19398305678416,-52.5570298830134,-38.460183370953565,-34.584766958857884
-53.72152873331171,-22.900986967167345,-42.76663130999366,-5.809117090697791,-48.96791812214444,-36.36247595333038,-29.378594060216592,-55.389155220446256,-61.53888178861769,-25.77377034188807
-62.581991463200836,-29.355289899578075,-51.52368582501627,-29.994362856010213,-52.08783502243743,-51.862393809489504,-31.52202384324159,-19.450020189588635,-41.969670026443936,-41.749150314787585
-54.2114271251071,-54.95666487224052,-55.82948505388661,-52.3060434138309,-36.31896518537238,-44.01450526822255,-35.54299379658478,-32.949788274629604,-12.81947804980758,-32.435776873183116
-56.2076742885731,-30.60509956296879,-43.18110870650425,-49.043451520233745,-52.75890663723969,-41.638455817020244,-12.315019048004364,-34.96384003341786,-60.51929453223865,-23.11200330729152
-56.37966597097288,-19.847357037942523,-58.008144692196325,-41.993021412533835,-38.6948870375176,-9.584078126623243,-27.876536072768868,-33.699172444494394,-42.901211592931496,-42.557928987768896
-55.104129432176364,-31.821280752183934,-58.416928868639125,-42.286819550188675,-20.208285715415244,-48.7503534588454,-22.876896415929306,-52.34173012868266,-38.7783556487304,-34.532860263362615
-54.954660975177546,-41.801713090610065,-51.8108589886365,-52.54595484907934,-32.79202061981631,-52.41536143642772,-19.720117475921057,-27.484330494456458,-46.90670762409467,-46.578239883646305
-54.74165764803297,-25.95372351019772,-50.08818692686684,-37.3328363735959,-39.94280574231414,-7.69364555591738,-7.130829251651946,-10.595635422651236,-53.54241603773004,-39.43135272930709
-54.84002388503093,-29.848815513197884,-51.28731428333201,-19.93180657340449,-42.186901765095044,-18.28983500179271,-21.190073327079308,-20.17484665206934,-44.13625128155638,-26.698465137677843
-53.00006104782498,-41.55934406734538,-41.52846404703937,-35.53947247923769,-53.85249694409023,-28.09166049764068,-20.895016406519417,-30.85391001776782,-33.77352155350349,-8.502549886146252
-52.008822711391595,-27.086352201180954,-38.485010209843686,-8.31507502705134,-39.660798963151336,-20.923267172191668,-33.78501727124778,-32.562914085011286,-28.00276484287761,-29.37081690232331
-52.32669631500854,-19.033782780110858,-42.97240915607554,-68.93117414873583,-30.592850298279416,-29.353505717085223,-35.089613059202605,-37.01490239795345,-39.107799220381324,-24.73894313369728
-49.61981958937886,-52.17614686578868,-40.062651114099424,-30.514780779351472,-41.29152116975128,-31.079605698836776,-28.72739090498041,-26.236496906471448,-35.59338430067801,-10.719361953169399
-44.46048704008991,-31.695730679620286,-19.218962796600433,-20.41018258040082,-41.474400582529555,-35.94110072807162,-21.23662458920017,12.991585159149968,-34.56263416580533,-21.483678447635207
-41.94093133001059,-41.246717448285054,-42.97853455834087,-68.04387561543932,-33.32383615393128,-32.685555565410795,-35.31429886861063,-30.290925719854464,-11.49516766130945,-32.99819324984904
-34.18285637956016,-39.23322635961906,-53.48957871737188,-26.786465020845416,-30.640402597527974,-29.34589578086665,-34.172309989174735,-27.522045122427613,-34.994423189572636,-25.29884846757502
-39.89768624894343,-52.51657328782043,-37.01434344444675,-7.291122739567532,-31.67644855727276,-32.54141513723016,-10.042301204215173,-20.579411101714914,-0.5583654877005152,-35.98169927894118
-60.69200901052036,-39.30732015481277,-51.31364576455691,-34.232104341630226,-56.77725403154253,-49.102335152355145,-9.500272520682914,-61.23599881198918,-42.94041230469783,-27.25122213311215
-38.21826407746649,-36.73476360099357,-47.88964164835067,-20.65129464284236,-77.83797387130906,-25.73048043125488,-18.862535223686713,-26.09842564473325,-27.734429625046587,-46.81691947502767
-42.61245947156324,-29.149911892364138,-22.65273261101887,-31.219164713935168,-34.24489891269818,-53.748861411757765,-45.788418927257354,-34.29134364184419,-33.15845695187283,-31.147671223569475
-32.1342870607446,-32.4999219448318,-34.73246131463146,-41.45142472779575,-18.211786962370496,-37.990976829866426,-25.023883770712462,-31.018887756414156,-32.17435149562539,10.020859666567244
-39.379738349176804,-52.3582778773697,-41.125504498300685,-36.85549032211925,-33.46304254964664,-40.18620433614448,-36.032637433910374,-30.280737272375383,-38.30428345848905,-23.008111532609423
-31.551512294279622,-35.202784599870895,-32.418141876297476,-43.06078181040408,-41.52525194654878,-59.29930803254696,-27.619457874742167,-30.571143974691072,-36.6346761339668,-14.698512343353503
-42.61523157833695,-18.421401764878322,-52.21471779974852,-32.2319483151299,-39.246587645826764,-28.052391359356463,-20.67349266470356,-42.537747371120034,-47.35973079329696,-47.874957242552256
-28.964300149989516,-44.10851100643937,-38.744163870105965,-35.57555998412387,-52.575303777684965,-32.86086924290156,-31.788362251337645,-19.37345589107187,-33.70125184683987,-27.367960760490536
-52.00685758748656,-35.335491097861784,-30.685369758278704,-17.833726699730946,-47.02033655157575,-23.88075139832219,-31.135597330379788,-25.310404428697698,-17.06439028113021,-44.79699000837461
-57.55767780773107,-31.799485626825724,-39.26297355527132,-46.4012203422174,-52.06616238599737,-41.856775476069735,-20.39589296599169,-6.761005851064207,-33.710755098546834,-23.605173807089983
-39.81730520805832,-49.076426198938464,-31.504587925013464,-54.64717872299227,-41.93137261212945,-28.93882271051396,-31.496145600524976,-1.3720084863130935,-39.014833650778236,-31.539780823330112
-29.995274424266903,-27.866888532869943,-31.11150526968816,-20.700373812275362,-61.06109133860989,-18.377803991681244,-26.560543229537664,-33.57111650683831,-35.93059618150075,-36.3471258835735
-49.218078730970774,0.6193228182476218,-45.30310872533518,-39.79483086387123,-45.27176633368831,-31.578459144539032,-7.757755311168873,-40.473053120966846,-19.712280757746107,-48.79328886841176
-40.27296235982917,-28.729069792317784,-41.383624810223246,-29.819834617554328,-30.421744925802887,-16.052986203313807,-27.533981898627268,-31.34745566791211,-22.607485974226613,-37.72676890451275
-33.02302614724493,-23.053552356849373,-22.771932742843727,-27.288935530941615,-41.43913258180397,-43.745829091898074,-40.88040935217948,-24.830121614823838,-36.05126148660063,-38.51343341778476
-45.68588371565632,-21.188716898536153,-33.881587393550866,-72.75543964570298,-39.934174060046054,-26.532436219593897,-29.829903660502293,-7.07519224158537,-15.002090267281599,-47.930772863503265
-27.739278754462806,0.09203695946254839,-33.73150681829182,-34.82890352852456,-39.30274255359687,-32.77617034596824,-28.570122237149526,-17.806590651742873,-45.43918567456927,-66.47087424749745
-33.15565881317485,-21.73230169275584,-55.343836058137605,-29.343292178444546,-41.6205167101393,-23.31770388531489,-53.02723030500819,-19.01404172597339,-34.59842386611433,-42.73745213279371
-20.12637182599321,-1.239796555246842,-52.420617474051895,-29.3323172888988,-40.9766579234668,-41.501879361138904,-32.7288674796521,-39.52352948249025,-39.28756535680448,-61.32275872358414
-34.568509326098685,-20.641262797047293,-30.40458630739586,-43.93309428790785,-40.48098923453168,-34.317222255737114,-31.201885073551022,-21.590400976672473,-45.142139501064065,-45.946035783198056
-23.270906683351416,-24.691534737891608,-42.08556186548199,-29.674514663796728,-42.3415704297107,-34.97488204351201,-23.687366015609946,-42.88782659082827,-23.60293854864963,-41.1075295965187
-41.91918770802503,-24.87323954612473,-31.80665586053179,-16.68494843189569,-31.125731107542624,-42.961045452840025,-23.620723943202776,-33.043680133334185,-25.046966569927175,-34.23584233559814
-46.65879728737306,-35.65422815773759,-33.0768379107068,-31.91927575288927,-39.39009181873289,-32.47606163086062,-54.92617729530074,-44.56796153692756,-35.113168795861746,-15.465607087919352
-35.56522023810283,-43.950192057555725,-39.61123909402253,-27.907425064460558,-39.677736644239715,-23.137433181742843,-18.799278190555587,-32.17028728466581,-75.62404791274052,-14.593348320455112
-29.611339388260348,-41.996596934723904,-33.12843408011761,-12.331496235779762,-38.80200374158483,-44.67974706382062,9.178334409523336,-17.98661635801261,-34.61937403193339,-24.66560390145122
-36.50222445348309,-63.243778690212196,-51.96020584439721,-29.971907036464746,-51.43307788559171,-39.70887747522148,-15.702206471176485,-31.876442065060893,-45.820901456035,-59.88661074521925
-28.846995107682766,-39.647789088168636,-38.67909904124233,-20.669626230327687,-58.2749167958609,-19.874500503862492,-49.45146064462226,-44.29514057255175,-58.19126418485545,-21.261047741134597
-55.38405719187091,-9.108915688477618,-52.46821332232645,-14.367214325973329,-44.08272262912061,14.33220923213619,-43.03417433920635,-23.66272360586249,-32.861312206539225,-26.691902397756905
-13.504449145512131,-53.140035866228246,-6.42644933023104,-31.109462047191265,-52.21054315360827,-29.06873369055002,-29.307421981158303,-62.3873954407729,-11.829931027968772,-12.53093255711459
-5.893409872244528,-25.496357352938,-38.40253281385764,-52.11784103320972,-56.80362588009103,-28.894527108954776,2.765108108746356,-23.17796121078847,-22.705423500730753,6.659052709482575
-38.628435006718135,-48.83787751554455,-21.03057302888829,-33.06255169011369,-45.28992121065825,-37.70056115343213,-18.26929651741853,-33.66559838142175,-32.99412719844168,-25.131307185072064
-21.502539191394135,-29.851330453287233,-24.399901082028848,-46.443522720566236,-39.95909877155243,5.130309157421043,-23.37832775251848,-40.607344566411726,-18.18669773479518,-12.195526833537139
-20.612552799375084,-32.41818130718239,-20.490793460425607,-17.17020121840683,-41.81400357071067,-23.989520693454324,-13.27490695597797,-20.47466132111414,-30.36278401348378,-19.310898000065425
-68.22851438474564,-14.656067663739003,-42.570032554872384,-20.99773704744278,-39.473478671182676,-41.52830174455073,-37.64892237905607,-19.91220538230459,-32.81425936710442,-30.69551849531328
-22.20922106018622,-37.08152101403764,-30.23794525366974,-31.89493632492592,-39.738554869161064,-34.6384971365518,-82.70740850326186,-12.25925513022462,-22.639049406272107,-20.95939584615308
-34.3258833145964,-45.54108788348039,-18.872302384826405,-42.86705307982042,-19.145176473466215,-29.245224867818354,-16.08354291007297,-26.123118335536095,-54.743507536982996,-22.60115467096771
-28.90472357720486,-41.53064936311579,-28.764438826534782,-22.70684321517182,-63.20676087975073,-31.396988443241238,0.9932820286470061,-13.70242367265521,-26.394359873246945,1.6384869654618832
-21.875495470275887,-43.537193664499085,-42.89286043315741,-35.74262616560105,-38.96901367959039,-27.562728203051684,-21.248755109926755,-27.307598256705433,-21.019994899251934,-17.11850889955776
-34.58597492313136,-29.74148453395972,-56.70352479336234,-31.070811533046985,-42.82243227834465,-31.092871879974645,-30.041091989940895,-10.272308214147264,-52.94542855748638,-28.386246730304144
-28.41897554688868,-35.56539970574785,-33.56670996823191,15.628553144076069,-30.922075982518223,-32.12260665103843,-14.298676413300809,-19.604852166860297,-56.25259279713,-50.79437727427849
-55.111737937865236,-36.074041888326086,-40.16428321633764,-16.847485963928747,-42.93621383914742,-37.21830575716172,-9.316148727957577,-25.979597120538433,-25.94991077025031,-14.74184375772379
-33.98670416964711,-31.638864687787844,-39.67586537525547,-34.62825501895425,-18.871387416897363,-30.380448912199796,-43.25845913803729,-16.01666787792536,-27.99221675892876,14.286063738132565
-21.54633887528342,-10.866058712908536,-41.432169669992405,-23.25284990385134,-23.82344954224223,-42.07910650311114,-16.10839030206619,-50.592220745031874,-39.78283003955565,-57.2572726533817
-48.76109603594543,-25.71080969925732,-53.814320016179465,-32.03163690914046,-31.180630605336965,-22.014969398437813,-19.583522433042436,-24.50188866713524,-22.442595896314472,-17.91872183422639
-57.28832817193067,-22.71617749622892,-31.058240403794468,-17.267708229693273,-17.87446488279915,-30.144965354458076,-19.971665778332806,-27.239568975573217,-31.11540771399284,-7.81991016784234
-44.03561130000021,-79.748679705977,-54.69553698001314,-46.88212596369176,-29.367212586948575,-29.08326582983093,-42.71587993996584,-60.46514795620645,8.741309890507969,-55.93797821053799
-52.613689897579626,-23.44005325454558,-29.014578520405244,-22.62112496166626,-29.873963834965963,-40.07913047148095,2.2415797191310682,7.7505163085340625,-31.808009110038196,-21.300026572647063
-32.27927652602697,-8.680819946284057,-43.87978225734176,-42.46304250328758,-38.62452354535655,-41.61023156382987,-14.699020373116694,-35.98136085368885,-1.3217660213354947,-40.007081781134566
-41.55060618361257,-42.26789742228228,-25.72861779270137,-21.208755501663404,-53.97452537643335,-44.612810172324274,1.3261637371980002,-18.91023572804282,-32.27383223247687,-31.569505260635243
-41.40033505940729,-46.22618456685716,-34.55499806472694,-18.947807523871894,-28.358146127315273,-28.84753508084134,-7.281476771878988,-57.964264398799536,-52.410563305548195,-52.42130045219633
-46.91714423916074,-24.468032094518115,-47.22660256720657,-17.22866336718774,-34.12050670716924,-52.55546545605084,-14.907587834676148,-32.10600766170891,-35.41303463863942,-23.239733056745187
-46.42488480478856,-16.767139131652307,-41.279959928123226,-20.41876953577372,-40.6139554687115,-49.30158030643126,-53.034823719298096,-36.71383661712027,-5.702122173922296,-25.145451940262614
-36.67630675736265,-33.012701309543544,-51.666723297895395,,-34.626886985771534,-52.763898359207175,-43.142737124953854,-17.437332392185546,-36.94542748717467,-8.347665015806953
16.341582719522073,-18.351362683601355,-36.11446065927434,,-52.9823861536068,-17.986837066311494,-42.85433076267881,-3.9199557624246095,1.6792670547014539,-41.12268693441088
-51.68934244588695,-17.606724020986753,-29.565035517762443,,-31.478244444542337,-53.11767130448776,-48.637424696467825,-13.575121298231394,-19.58903912508375,-27.213179648437507
-43.15702612839474,-20.36022216287371,-42.283849986827825,,-42.10055784982993,,-55.4438680691723,-32.31529825623944,-30.6358550652606,-20.96034682114918
-36.56154056904407,-51.733443899985424,-51.79769465591342,,-36.54058868726504,,-54.61441734286125,-21.252710384428372,-30.852637055397526,-56.66747393309905
-40.35241523301765,-64.35355914262118,-39.82882077506766,,-40.96409873362594,,-39.45157594629281,-30.06266506019092,-54.20393382304653,-43.154582037912995
-25.823672650171986,-35.54194066113454,-41.46131042155904,,-22.770667237686872,,-40.09893377685194,-41.17500729126748,,-21.433423665840373
-7.9992377557765195,-16.936755078218887,-42.151555500533085,,-29.349518175727006,,-42.230955462991936,-27.12563202446868,,
-30.125740521943747,-27.362048227855944,,,-30.36304990242963,,-29.417501609146456,-44.29715391078592,,
-27.43843949379439,,,,-43.777097005456596,,,-56.04733907096103,,
-19.6692388675098,,,,-21.771669221829853,,,,,
-51.139989382395676,,,,-21.47100375317349,,,,,
-10.315709519516341,,,,-21.850750188150997,,,,,
-30.689199587779896,,,,-10.09974061772148,,,,,
-14.250252524229435,,,,-52.36523117391177,,,,,
-23.730484553923695,,,,,,,,,
-24.100746154775607,,,,,,,,,
-36.80374333924808,,,,,,,,,
