varianceSvrg3,varianceSvrg4,varianceSvrg5,varianceSvrg6,varianceSvrg7,varianceSvrg8,varianceSvrg9
91547.67332139991,218863.752791579,580134.4326219525,483302.7074872815,245229.01204906023,409807.7451207334,351045.1135960433
92317.16389701476,84156.38295446205,228559.0747140994,104760.85057507265,162757.71930882015,340633.1200970378,256970.07710347872
179809.95875615443,351330.4345385885,238629.58342012492,98572.62451583282,262597.8183706788,203686.82917710725,181807.36037340522
108235.98859540264,145866.30596145146,-119892.71839565587,203291.89955424535,366568.71630723786,1021014.1859541623,506464.44548961194
143503.5629067793,10390526.449946906,598514.8991705182,264223.9088473624,446868.67258271854,290169.1088407531,117857.39853278699
163542.41464547144,417191.5543064204,48634.204798210645,162612.433798776,261733.2503669629,312990.5621155795,251287.733252006
90383.4949816736,247056.1305663638,221234.4297592086,102887.83208055748,170690.54894304732,166744.54611222952,422303.9104201967
168490.72657425754,350751.1394821596,563766.2771037299,296353.8637114981,178511.8988661645,184171.72004801902,250387.56774688358
237625.04141296635,619565.1709891283,215067.48375352245,111935.23427339992,328760.0065612993,255082.18287930972,189989.11994420883
110851.97761533738,340813.427348954,139894.22885554447,296653.69837510015,134307.32143851265,139946.94697769266,300040.3196225964
88003.60069213767,420562.7027239778,229626.97050063522,212883.5829050158,246954.73777370303,244127.7239624014,412357.3185587665
369919.5777146936,535830.0148478602,152935.10048108344,269041.76832704403,213004.68732418003,264327.0494382451,319056.1307060933
422140.11910249235,486102.4435158538,161173.68594444197,352057.0981137906,451176.27087075985,259984.09428126234,538828.4276463705
270376.8695094737,623503.4638551315,183145.17021478908,314395.93609016546,237180.43994417327,191430.85511264755,277560.6105153094
186590.69980593136,384737.608118299,227059.23256275448,455256.80886040744,347618.6448841955,196642.85296064295,921903.0745529273
510404.22666310647,271362.9691646325,244087.24785325883,361312.956477775,250268.10281858075,296467.2877419286,270289.9131249795
1796993.9676449634,376145.9407298454,510349.47206802457,420107.4270699858,276121.69005183614,161594.4034807822,424906.746659145
962185.4421719036,501489.7976789073,164551.24078681454,569808.4765410614,254505.6301853073,340240.81721550995,100824.19973919653
509030.68273607286,439608.464038004,373176.11907636607,622191.2139951999,276106.8284447732,499615.95474643976,520814.9298286316
188504.9848136871,266131.80794159125,382011.1743736468,404479.4973529115,289212.7475714837,221852.00749648217,154835.52824101853
550618.921033993,524362.3574977755,375769.97032987047,636632.0337203154,497743.91281672544,238152.75203829393,244565.7654396504
490518.1771518206,394468.3267757979,412529.94384649943,507750.0550090289,598503.3389607986,231393.29231523408,88864.5401118465
404638.6694023422,509474.019482663,545866.0515089562,239106.38112006476,162670.4620358277,378915.0275615565,256289.6074793368
478524.74655987625,790333.808889627,607208.5010228743,488570.63416597364,394257.96278794983,193688.42286828993,266026.5882851585
288787.85292929754,703706.867188247,332296.128190784,266926.0117489851,574995.4421942506,728184.6500631627,242024.9335252097
256015.23190437752,622837.6964920801,336248.10093775485,317178.2163445979,241177.46032132354,190102.054713435,182374.98949790947
388997.08203412994,693468.4448208185,490359.96513480524,336120.16259653337,260860.81598871446,505256.66196768323,123402.0540253876
106917.81296270466,476472.71834704163,509495.75220448367,317741.44735381845,416094.0207616979,252014.33668462618,250474.83057079103
114046.71714178062,211303.23418922868,552323.497729524,428782.3486915361,616888.77261794,208130.3309676252,390413.97328439157
218953.00447811326,538545.4562652373,668892.4469226652,222574.56218512496,291166.87769375317,246291.77288102554,283919.0324988003
192199.37491588932,597663.5782926691,401163.0510422441,440235.7761654057,462241.62962143973,470872.4918149675,201203.88508212607
222261.59361951053,320228.65253534983,354508.43321664265,449825.8009512212,541813.5960775933,372422.86145862564,207882.09611604933
143384.05850397592,499992.3234755817,558440.6873278308,621012.807168605,459532.53232395224,211554.26531772126,457336.0227015434
228547.7953613166,359688.68459086353,465576.85805020086,555567.4950114067,519696.3104919957,444691.17761005566,265518.2102883177
202478.2935252809,201700.01472901128,528333.1948798909,599741.4349492056,599579.4255773157,586395.6687198769,213066.01085203508
203448.0348926445,328889.70735280425,589650.9788874711,457575.99130998563,663312.0177148082,427814.06899975834,437183.58644179086
125635.43515469908,529989.7573586826,611818.2082865863,514698.4814991248,450568.1333367293,416627.34168404806,340439.27162750985
104198.42734267977,325383.52508295665,499945.5595591881,421470.1734816834,536285.8769888185,439598.15425936104,348114.3381030831
385078.0169721211,319960.9932948769,382169.66768981615,794871.3746510847,460866.36804802046,262647.8488061027,255893.08274792257
141070.18333111954,170297.32756859303,695061.1117854542,571928.9245468703,628576.4955763875,348973.02340398496,238513.00827632644
171799.99200886345,263273.8504394891,635741.9990021725,355034.6513589042,591340.6544708268,368177.70755541057,424891.0797447567
166046.46196626173,411834.19583024166,477867.94501368643,769343.1117698313,668012.8494244564,385332.42906716675,503331.94232147204
178331.90416405207,475966.61716371484,584983.0151762865,703087.4852633361,590698.1290360256,392976.8544253497,473422.2390197465
138585.227953408,333416.9598555092,859229.0100245781,462371.50622861827,594221.6777179778,397778.72441361257,321417.3817796997
177992.60756825336,542735.9713235054,631702.9313945607,268542.236655137,663767.7368951872,804673.163762995,577977.8380794576
202694.49318138833,432643.9789200178,744519.2248826246,391555.0359957879,712469.756351316,449289.333958024,413560.6397290126
180931.94857006613,560055.758004922,816059.9169307449,345633.04713352746,914328.0852385154,797237.2285874326,242029.03390672183
229545.6695542902,530616.7487690878,325848.2332028508,385482.28240625997,628166.8515753518,419001.3518522702,349318.220562013
191695.27283598864,638494.0332283928,674426.1421586893,582717.7816828027,783948.8813516437,392165.23399612005,606602.0002033776
303766.48102446995,1102468.227841156,388770.8952449135,218875.23099695114,678172.6193200577,309314.8739427772,225771.29984628316
256843.19417990505,628597.3339138285,560836.4679970796,313170.0541313349,686173.3743800397,536642.4496620288,516488.4499411538
267591.4508267883,678915.7361263583,491277.8123416927,403767.34150566114,807343.868422664,381699.1153059731,431397.07653046877
109115.5326331202,427875.8458829781,766595.9685708391,358997.2284221811,360423.41376782913,482943.4346239372,1007459.5778956398
191186.43286044235,535818.4162539265,569064.8271722455,782924.8965515875,718726.9717830096,358240.9153405888,557195.6894457664
112413.69172672553,792042.8871636544,1094951.9480570122,632428.3711013509,1015855.0309187435,370356.2657740732,372938.5608419161
45875.17487412134,980235.4745137144,950848.6096792379,587177.8475402042,914626.2322652075,285340.23953785084,635589.8031162233
120650.57736323637,594833.5040494369,1763968.011831215,497660.4029038293,778367.5488876111,315971.2958520628,583960.5501842841
266360.18942982546,498059.34085859935,784267.9594212,375802.1998821912,1067244.3295019767,214273.91433628614,600334.2141441104
187917.49353805932,338141.3019618937,873339.4923908056,453833.6176031596,925867.8977877205,516046.24471174856,558370.109512246
174409.0842742002,795714.784585604,1576667.3678988777,427409.1418101884,680609.4950362686,561075.0724556813,380606.138174476
66839.01074085986,593805.7157798836,1655142.6282580788,624491.3522456822,645034.4385857714,335730.0677039133,564776.4269125881
62786.85183217208,575876.1911291077,1103469.3981748335,412622.8716068396,888342.4745253557,368842.94772217644,540052.4744327641
147455.77505296672,549521.6829937594,688974.4695040085,355403.32175114856,777701.29683524,466154.07892343804,749106.9787461534
196439.94255709037,539341.6047365364,976770.2214313404,403909.5777422443,537039.1443896539,543860.2190378117,473977.2776688012
324536.2511488607,1207627.0085381505,1186295.2674343763,442405.1683783956,1025183.469136465,304591.2341345658,1304713.448093854
177534.82566251175,444257.8817087679,1421834.652448343,420832.32868213847,838571.6147813638,347040.4825997015,943809.3882538021
164208.20327419706,703002.3292894427,756908.9094100347,610420.3293850634,445744.4888119119,492253.6914060073,657560.8609599951
116213.65582860379,969107.8823800258,1623071.1305919439,454215.4340443243,995626.6580434665,205518.96251920186,819686.6776788441
303213.4329833924,587829.6184698873,875817.7392809378,358538.4144058532,874770.8592727209,212319.54183091363,635854.9149981467
276348.04282891506,814169.5185873504,1386919.5724160587,471844.5551739879,851371.3853894994,820679.3572210816,805476.9254541456
216773.37557824326,467044.1084075417,1482146.1808391311,449569.97861148266,609849.6519339563,779966.6643342876,728756.3656742182
253326.81259168056,1112820.4489632857,1010094.6884785624,352017.92426065437,588527.5657449098,366377.82996919274,424875.53176400193
272572.44914063695,835884.9345458678,1410202.3956196888,495127.100267306,1409212.0352082932,432594.188830727,1110243.4460583767
243671.13929710764,514636.2140957466,1499611.1702857767,488849.4368272983,9167864.377527043,624615.955167216,773998.7741879828
366097.5463488711,614520.4116756249,1891824.046076244,309538.464124922,1135953.0398013906,523628.400784601,615930.2724088349
253295.60051523877,1016733.6554251275,813651.0875260064,495497.9543717435,960478.9561381097,527499.7898668444,810221.9428578719
368600.7490185702,626407.5244923505,1601309.6779084133,305835.3152353685,727062.3421956988,431123.4235519238,548469.6572239064
328944.0405899952,495403.2230208051,1196239.4567590507,619158.7317438115,786862.5048526347,506465.74624604685,476323.67710421106
316192.8497543306,708842.0708300042,1622104.0054478887,659801.8098629161,704639.8050882255,403378.7444621957,512470.9172909546
351166.3415216325,284236.39467368636,1533055.0561240232,243576.16006061615,982712.1267265487,645822.94759366,697631.217066927
260579.90075798752,492314.68604358303,1364516.4317227998,144577.19660296003,658640.2238623425,538031.095891587,707555.9519397758
126460.35602912439,573089.7216501815,1290290.4781353713,696117.3947384357,864861.8212857668,363180.41909272084,707039.5814971634
703335.3901735849,586474.2158923293,1152802.0837362797,641078.8063413718,850365.9812493224,460097.31017163064,1102233.5002207607
260975.8166506876,577401.5776129295,1446936.0121829738,320627.2403319812,773681.2575980008,461766.82611690956,663975.1307411157
759789.6998237746,522531.4766719102,1427567.3159219518,488681.3297291779,974293.3845580951,445445.7306403797,631143.6309973708
150526.67732172416,732079.2079679515,1149013.4928422673,272573.0901183883,792517.3575460238,408123.5906068111,674196.9064482831
382992.9999829758,589673.5861785857,1269546.7666339993,614015.1577902025,803353.8327690945,543445.9307829224,753829.6274106975
478915.7890410064,822611.455939475,1329821.7125192755,544691.4707178231,1183655.7453850603,583696.7609378264,596578.2887259901
181428.22116725656,860792.1423004214,963826.804313195,597781.4726510032,975467.1869274961,710776.2219886597,623496.4281335908
543974.8660488762,739538.8511275945,1325708.8797940155,542625.0243126499,769939.3081548746,476596.89025585656,643704.7265769392
179928.09180919884,591104.8106452363,1727545.8127493465,649111.1947080379,793302.4266921945,480673.25310874684,760202.7912456988
249853.4826473465,913069.3767524664,1223610.552883976,350461.3274136918,1115335.4973776406,394632.7151663456,795457.7265762815
377553.7680034053,1186399.6767057348,1733462.31086729,854050.578778563,501743.3328039821,313610.3171277763,1114682.4439584322
361630.8787299339,717447.9041822747,1831356.43895208,1188817.7938883123,590613.6563449656,282496.40954273543,656526.1622510005
658835.9120715663,1125343.6314655128,1155189.0846854174,755045.7149285262,982746.9794421899,626701.9438048836,706825.2716806538
380841.8424022906,626677.6743466883,1868509.2039381946,1263323.245966413,605905.664751176,634709.8158652503,832913.4357787922
232876.0378600164,696031.8222008835,1976878.1315997764,382272.3050474804,804717.1044145774,398166.8599880765,522358.4681003224
290742.3522122775,628848.7072444616,1206034.5986697185,690365.8639796989,1042547.3973036985,357875.00052993465,959041.3927020791
1466068.0007725316,683468.2618038965,2115128.1330522657,613772.5748500874,687150.1227693356,458725.7573833012,775911.2651315574
390818.13544139644,714023.1020811864,1650299.5945868306,684257.6723710406,872400.7506850024,613166.6668254208,762061.2710910994
655922.049114217,687924.6851376358,1835733.9382152031,664348.8140502443,680348.9816847334,838023.5144486523,747807.9828612994
672140.1372447544,1153299.4624626976,2617891.6076956224,592265.8150034451,397892.3572315488,462737.4442893391,421494.48101439956
612677.6942464011,992389.0920467109,3080345.4681615094,624816.719717412,912072.5694091145,670945.3293627357,663475.4543732153
764591.6868548972,1230736.6597562376,2441745.3567216573,684328.784787772,695402.0770787299,711654.5867585163,849930.0677525296
620157.2769389555,1352983.0072434864,2587253.654086975,929797.1738942921,1041729.7331101021,546430.844828519,925702.8922155171
566532.0666801017,1297467.9241119726,2891913.707654237,1631111.1390137002,488572.08307629987,604962.4212861174,1469944.679893266
552216.7706649265,844778.8291319867,2903420.495586445,942222.3987542959,672527.9547865859,499873.5250158917,610432.9733554493
640743.9728060113,817468.8541337086,3184028.8019019514,621532.4490593062,677719.4105620418,981722.0382274411,865886.6075688233
467700.8890729963,930075.7919929009,2445926.2507966086,832714.1568227609,559357.1738897781,660950.4632147939,964958.3896069628
395215.4572702,909115.0630018766,3547821.693640657,882524.8171453504,440676.8769941244,562139.4850263805,1118902.2529996654
338272.17403862544,1085845.6594028585,1786623.9783913142,1110446.6816927441,1100001.5280131474,789075.145145005,1193740.8764256714
427907.21733351605,697877.4716063939,1917011.3942078105,1049793.3881318853,888632.6770570693,507494.0074541339,763742.1620984576
215403.893001232,761802.5427546224,2948873.906530454,1209939.9523077535,981568.5537599635,574282.440783797,802173.3981286343
448259.96512193664,658181.3181530641,2543541.4642067538,1044086.5774384285,619505.5030636119,603873.231081342,1186324.1529961398
686246.9126784808,939179.1157173768,2792343.975992987,1003459.1740631671,985907.658721445,749651.3395006428,500559.97598153906
403567.49418656155,1636626.5059657057,3060345.163362458,1080214.0887553222,796490.8298262865,454011.1725415059,513009.45025733893
439413.050102027,801407.4836449892,1971822.0237719703,723215.1428551616,1111978.2790788098,588748.9248713597,622480.4421363506
538257.2962908108,901083.5733723004,1883846.0444151245,797880.5572549754,1075260.2546360828,675774.0204003983,718858.8051866267
497561.11709316197,433516.5290696642,3046972.654011746,1117086.0774368232,959494.1760339587,609633.1790512708,860925.0988199692
375964.39393229794,862161.5637944923,1652850.5802714406,631927.6155761651,823297.7075869674,535894.276243913,1608120.2105539003
482822.0191974907,631072.9482085028,1996812.844484882,850874.3751340084,896960.1132642102,710162.386661751,1094330.4460483084
414101.270206334,791459.9481464776,2190993.9650692833,634311.0491276497,891630.5511283032,704041.7698559908,512376.38756218366
506575.5794403682,874806.3245271007,3168149.6944419257,847947.686545951,815070.0159199208,1490160.341921186,1116498.0715856752
355883.8578399989,775277.9802205476,2819108.4729397483,1011547.6304508799,952267.7683438307,955305.6439667474,661165.8724374732
551642.8354467591,934780.4475786479,2379871.061875173,634396.6154147607,1510477.471183063,518771.63431473816,1065679.1669227383
546194.164377889,1043315.1974020215,2206149.001549433,631152.5504715383,1795743.1198152609,924406.2044422947,1444708.0452087338
544740.7891953781,977737.4385775938,2739154.1590724736,908266.7751954682,1324139.653874686,586367.1986719733,1299287.812553599
467895.67517656717,514409.8143747377,1669328.0519380188,1080521.9801568934,773784.0709407567,973645.0742471868,1580576.08786547
523101.3553296602,620159.2713361159,2961394.4444455192,1406597.1397819659,2012063.5359417056,925110.5653909603,985981.7750595824
786320.6320906335,1351217.7584188185,3186195.5073763924,953051.6851261461,1363467.6095906994,946699.7867458023,922927.2201488008
515656.81707857485,467215.692233042,2314529.541586888,982314.9078125209,915648.2606750065,570692.921351855,1003205.7911417288
798067.184785076,819323.8650141261,2601432.848683048,671923.2172031323,1619763.2068161154,977807.9754756883,832737.7717743437
686409.5587336654,858719.1999429578,2812530.13331018,751817.9250637689,1117080.731727505,1091211.5405415464,847963.2031706322
693638.499956849,753184.5778402141,3237571.978499176,544660.3577935203,1432939.5775190922,339518.6177648159,1088520.544186308
718923.6268060016,501829.6751281073,3279514.442002246,1205731.8610731242,1423358.549502852,726410.7229541711,1089758.266726042
786038.7441115964,960208.4863463442,2768981.428316839,1000196.7788583612,1470341.9027118827,505264.8799986271,937134.0943076839
644313.0129817335,910587.6091631697,3094151.7872886113,975464.7722749724,1543064.889621085,478136.7167835382,1116786.539527311
751595.3584612283,1008147.2166787052,3258933.801640407,938461.5033324483,783603.6602200028,714008.0491088745,1311294.859706104
789287.926885731,813397.5689678346,2970837.0522316233,634077.5267555652,1323465.5018319325,899200.7192433372,1280089.961488093
958961.0838306549,421825.3671764268,4693189.453737492,701350.2729337364,2201856.2344447225,762237.4078323725,1221675.8839226998
1265692.113203858,821458.9872398744,2627892.8539807503,970575.8452104129,2728016.768114629,763885.5585941821,1422937.6211859041
682667.6393262715,1392976.13542749,3652656.2230467703,1001830.1733036423,1404706.8442938374,997576.4251736432,1615927.7734343403
1103578.5448345072,1380516.2312885488,2807289.461040098,1002243.3644966446,1932033.5755851404,473348.44005484,1396432.9345709998
463479.65399403486,1006557.13994316,4406253.9373901095,860296.7139816051,1093533.5493164377,825721.3310244163,1414181.5444001467
1050692.593097781,798493.431937982,4812851.656130409,875269.3468463522,2293001.164326726,620753.1626506107,1284013.3494027238
957820.3172360105,755482.2112828962,3483385.940763933,1021928.4670888463,1355355.021119284,661351.9801325185,1062005.141635576
1030354.7304630667,484701.6149141261,3887358.5617115167,491386.7648799423,1321495.506374718,776667.5126252073,1430245.1099932967
1145022.9253308843,837281.3606322319,3644370.5927873575,1285329.8772865036,1543957.770085925,1349879.7429880658,854747.1518596179
782942.713585087,776061.5295036256,3935209.3900661306,978993.3030432416,1435610.657354481,1060780.1998514072,774403.4851815683
624633.6977718216,762116.4187179746,5400279.992173492,736958.9882208516,1512269.1253569857,1113505.85778422,1455481.025167021
944226.3330265458,1150335.0777860733,3943968.0092777824,825117.3703126854,2090321.7367923688,685051.6646656009,1444574.8860253962
910486.9392426754,824731.4794297647,3497655.4614620702,621969.3460356414,1738746.1610047733,749627.935212991,1376189.9200411309
623341.3809824798,731731.5434064751,4466681.608003709,1275203.3196026545,1343422.665230057,779367.3351741838,915731.0222221797
291666.3618176217,1005892.7444317425,4743430.368950661,1009987.0398496866,2095215.2010300562,915209.4465190152,1627973.4702989594
497132.82673414965,1026583.1003540666,2848485.555125776,1369798.9061627074,916179.4865058357,779213.9444923124,1474684.7424549765
318796.3174649767,868989.0317176267,3004053.395373663,1319023.4277630742,850598.4318747015,708544.1282039555,1263448.8985366106
270088.0104362124,1147134.6329951922,4127201.8460817356,2015641.9961741336,1310082.5696366369,595439.2127368677,1760655.6581058172
781708.1432604676,6128469.628998396,3205535.266568104,737144.6037751933,1236285.6836892262,1014352.4141638854,1106051.881377449
750567.1034316814,2176496.261314261,3526298.9314135187,1945718.6051240037,1381913.0219359077,947993.9469479402,1761511.681834581
515207.9326729459,1304288.2355136347,3362483.5760502513,1350737.2218145363,3100571.1140336236,712023.3352361426,1457241.0848618448
742615.8462780777,1357435.5848512861,3395403.2294520866,1199746.332068848,1400763.7892222828,601970.4819122925,1635676.8028966067
714323.0307140315,898367.7250346811,3347156.937007186,971588.4242163913,1941106.3895449128,1042015.5359934526,1344583.2572260522
417937.1754328359,1192124.8698599366,3037620.452606951,916586.0224029843,1165418.632056769,784574.9043375072,1697560.5908881454
1212247.77166719,1486966.031839458,4563165.430399701,540246.9967635307,1776627.5059850202,875457.2637169079,1440509.762831851
600110.5416156653,1300779.3872464686,1957949.245065447,1376672.6246501256,1716062.1675361884,871356.5945442629,1349566.473060818
582126.4730488841,1559424.8752983338,4398763.45555919,955525.3279372357,1098706.3401407213,928191.770940708,1923155.4456072366
873561.5746577595,1675129.9306333927,2752718.3845159253,1236866.3224308568,2742316.143174642,1036182.9192358378,1457741.5172800797
781595.7963593053,1302921.5090300108,3668446.3087237473,521436.7150134077,1563623.0473898351,683531.0453595666,1381665.4460649416
593079.4818437614,1448953.857155596,3238988.394888544,1030474.1431988532,1932967.016097664,1117030.1797843315,1289017.342243473
554497.8326278725,2278538.751396938,3010271.1183859752,832577.3294260402,2193902.550354263,1053578.693688013,1291621.9589883755
459179.7047273353,1337541.888271377,3795835.7807725635,1419637.6766309657,1303140.7406978183,709682.6310509448,1277314.6025738185
547289.1654734351,1151172.5637434893,2196363.075411034,945018.5442419299,1139302.167575302,817206.9525733027,2110589.51537739
453467.547895675,679589.9268381046,2913379.598185336,824210.0037728858,1447301.3804120542,1332677.05805105,1433773.4994600017
703865.8258766223,1540801.474247966,3678473.4076588843,761394.4581505426,1693070.6454128744,691752.6114966081,902095.2596086136
-144121.52117636282,638819.9002906734,2930416.255173713,1403977.154995193,1677284.8751185434,963418.4041296793,1025120.6871562462
679572.4218064214,1472220.5378287993,3182395.27481959,687551.2499539624,1163762.7461644143,595388.8762151179,1556996.3631568798
559564.1278985678,1635104.6727281436,3600588.5388333984,929284.0468999536,2011230.151819805,836500.4529537593,1515195.696897667
695486.8136079711,1162834.229433892,3676866.619835511,834097.029011897,1315149.7072323584,590901.0008370681,1224298.1741302288
685081.5241518063,1790511.1762939508,3356519.7906829347,1068101.1986548451,1675713.7524940297,769830.8197978502,1045791.5379803483
542004.6834018008,1432229.3198226667,4700013.448147927,886480.4750757013,2579952.224285419,774694.5509693596,1806203.0234792589
613783.470609823,1679546.1641173402,4030261.252051174,1051598.5484115272,1522235.7066437386,746051.7813804045,1263476.70071543
557392.9836735368,1787297.5832514404,3567168.148694281,1355631.618112532,2178639.721947804,660760.8917840673,1430629.0756168212
366844.57054145285,1075680.9703108657,3008920.6113053747,1193499.617628907,1630492.4230001192,791872.850107545,1578600.6345234117
215356.77792822436,1717891.7241841834,3551470.7463536896,1361839.8697862055,2819008.5641823383,386503.5316557464,1535956.112242247
800146.5666695078,1492062.500656399,4212353.568347342,983930.8253342216,2068899.5989360318,844234.9651076766,1568597.577578391
464429.79480748146,1553852.5535343508,4771720.543001729,860998.3794987698,2130958.2717731,552221.7301514118,1335329.0871681473
477439.63697459915,1229912.30807446,2891734.9429873535,1358173.3183920002,1538983.7859224752,910249.4119404948,1835801.4273626045
1094522.828247342,1619006.7506075916,3348524.45756351,1177785.28988943,2321927.964854369,1179684.2177452645,1897593.4284831043
756772.97968749,1814887.243539023,2729454.7062364984,1022153.5845744368,1646958.3692202205,644835.2518816683,1153813.2919759308
570742.0089958364,1935559.517930932,5591606.133247065,1118643.4606056279,1670946.0261429686,781409.036870108,1084704.0358476609
565785.7452598219,1664520.5363773094,3958950.1982491394,1614493.216963117,1868444.5194652227,587053.152004794,1625188.7609706237
705442.0050370008,929425.2387231662,3178362.0444687614,1185042.8827833873,1364146.2559847932,557347.2411223652,1903340.9692251459
1104733.13205062,1750847.8438207088,4457120.675126609,1281483.2764664362,2145703.5847017867,863344.9971693286,1386820.9093618798
1510237.2731287486,1660696.9659606188,4641534.915842049,920766.9671574475,1510479.96260129,933063.0107291291,1566866.8287918905
1692400.2571802265,1251097.9397232165,5233867.139384506,801280.5699049274,1718250.3467810643,738503.7534064956,1198635.018556335
2302221.906890231,1255596.99359222,2928868.7388592707,795256.1222628185,1411918.2097884915,458784.2311522743,1875708.1169164823
910096.9737350859,796012.908933798,2555012.1344447252,836556.0684551279,2329705.1665901234,573099.2846522251,2466116.1297260737
1646373.1789492385,1470054.7683448736,4281421.993332688,1013742.3810955539,1518383.400291307,669462.2798277548,1961060.1927133736
2065067.3655329489,1316459.0979504993,3909804.5745784706,1259663.6322906706,1838847.2058118116,310801.33426587685,2006293.9327723868
2602793.346759619,1364708.3321078713,4917565.490561586,1034871.3714260398,1418959.9605705673,625725.9479335763,2259359.8051382373
1266672.3042562106,1738816.4178930153,4154507.514435623,754081.9786955086,1369177.598380885,613642.8871980016,2718998.4140133187
1904168.0819211057,2276463.995232674,4180320.4685165873,1045257.8678161816,1876254.2143281167,406877.36778872064,1413649.9902142766
1818001.2852176644,1811244.859820713,4105486.66531905,983476.7603907518,2224983.8385304715,527096.3399953174,1607883.6632681831
1020557.2043720554,2186990.259592821,3768882.3824645914,913867.5234715617,2133171.6436676886,467196.43577936664,1562300.853239633
1547974.6289227046,1621959.0687396717,3210549.2610764448,994100.3574139726,1491948.3645403655,679082.196207686,1366258.4701387282
1669882.3254463635,2280249.0765189407,2876853.5775296884,1400837.0969042336,2079943.4399218583,505813.858527413,1388444.5129092636
1608393.2350983853,1913529.0605349438,3123604.3001479506,991471.946401964,2234818.729949167,659744.7284295377,1638071.5676120184
2103036.727170378,2198739.5969999772,4669032.458947599,853259.4920347305,2060436.378076944,716014.9186020949,1153298.5777740171
2040747.5641446395,2103234.4528537258,4820474.833187978,1518788.399579311,2926111.5040304232,830886.858484984,1250283.4703892968
1729728.1384079454,1216951.727245573,3369965.2059607776,1240807.0463640015,2723783.9226554553,496270.85546709487,1224566.150613817
1368039.4413109827,927364.3482439584,3424966.776422157,688340.2747780158,3609028.7690212447,721116.1883090896,1325309.262557663
1236342.225261223,2480748.180208148,3621434.487474126,703499.1170071969,2684990.234433175,1081502.9099579132,1489811.4005877054
1857318.689529858,14938325.173169944,3399124.2863957305,978588.4660112786,2838129.049413761,594298.9766266868,1781008.125845572
1390809.846835117,2035935.1973864206,6371311.914487116,799494.3980194206,2610248.8801278872,823459.4221677047,2960249.453716308
1273900.58311402,2305378.9179873066,3356124.7489106283,927860.1756140332,1101483.7943305934,1469072.231647853,2491982.580033892
2046608.8494087658,1537668.288001418,4161255.128548049,987863.2831643305,2347665.1629249193,675059.6833958268,2183116.8337599495
1129334.7324192657,3686762.7784562428,6041527.579990237,974879.8988051246,2772799.2161717704,894886.0043348924,1156931.4223828842
2816998.2331519537,3378771.0513792355,5415489.659557759,1598262.613922095,1622392.3638858753,673378.0718088893,1954195.3798609586
2375989.2180498987,1131996.564013712,5953880.765591729,592597.7790565671,1804470.2675657207,827503.5811258969,2159064.8875932614
1785642.3681574399,3589259.1274663955,5259093.558863509,972223.9411546502,2897628.4252728866,929102.4608375669,1819547.6117828167
1276072.2175574172,3484819.3816641406,5829636.897311097,992461.340616363,4320865.070974901,575682.865056793,1025244.0991941638
4123488.776391311,3065256.3868731624,4718053.7861634735,1149591.4630594184,2468611.4274017047,1138520.9262766815,1237704.4727490237
2853871.8174457545,2398692.249673789,4478968.54125238,938558.0132763078,2542299.8901663087,636890.3994972508,1753311.347778061
2632041.3911149055,12450465.352353428,3739627.0148908584,1021126.8598570025,1876893.039101861,741039.184038851,2156512.749596545
3091163.3266347405,1679530.2845095522,4502739.032043451,1016933.8056671856,2608801.135667565,588888.1956280106,1911683.831626905
4133592.0051603913,2828330.9480323466,3355971.0730257747,1079325.6518773467,3072811.6497137193,1031080.9034935762,2033009.1070354534
2671431.626300565,1867975.5882142466,6214202.929751096,573076.6844481695,2845791.9350812538,1100876.6879843273,1453882.6495898077
2308599.840184685,2757269.374198474,3210733.6069850326,1296952.1722094086,3303597.3538123798,1469043.6690518262,2216938.115520518
1885643.6529134659,2404663.8845949997,3619174.422835372,1647854.892240583,1887367.709516654,1072936.8930422482,2683579.8214404015
2115197.0142630013,2032423.5838416095,4805721.216203176,998200.4929392294,2116037.8311688635,1184911.9818079001,2058312.1487679123
2212295.8877481874,1278936.7259206206,4706723.347369027,1222389.8806341197,2544006.3167712814,1163249.0866619805,1954097.990964146
3971093.3448312283,2062117.6716408522,3550046.0863373396,797717.4187903848,3542192.026335161,1432289.4297597478,1544912.498865499
4111354.3658976173,2763623.5083403266,5065010.359244109,955050.4210934206,2395495.361930581,788749.9524262745,2505864.8356325566
2272296.4167377492,1277432.3328605213,5623211.401058854,1814767.227448733,2255487.381032845,878025.4987009724,2341115.186415408
3158458.9608567758,1942885.5037654645,6357175.018824806,1658529.4176149818,1742800.0861445614,1010002.9608724123,1630990.0778337019
2373360.8907736586,2328133.2651829617,6093521.316255918,1898851.6590585173,3077218.45183558,824951.904504397,1895677.0540939556
4395337.4460494965,2959964.4120953684,4437461.687987677,1326455.5344611523,3053940.544170678,940838.0976989886,2243590.4092487115
2838724.225248566,3367265.759185176,5777271.522004456,1680300.4827755804,1629542.6036583753,1429443.9446341149,2018098.5442687455
2006591.2158903347,2088431.3751747499,5846469.432875085,1395113.4314202052,2897131.427715047,1181952.1389987594,2297979.4028534545
1897142.35353688,2231163.369012162,6326006.363236647,2408664.1275069276,3344845.8440718655,1240025.1949513867,2865076.6608505975
3040054.764854322,3448772.7415735363,7696118.238281519,1249926.8561536164,1354626.3851052618,1056566.6343537841,2982610.7407205133
2927600.055072424,1872316.5833550817,7108426.636631235,1904202.3748795772,1821158.7054169672,1297438.8172958603,2116579.032217372
2788638.467448595,2262193.4111425,6594646.187948542,1275105.6802985813,2984600.822703351,859198.5939908586,2682339.689300868
2555592.398529238,1677585.773668829,4560858.186306953,2789085.414774199,1799862.1454671153,2186456.953783729,2638073.4902950693
4228444.394358367,2765997.3647377426,6747516.768771424,2194349.5982087003,2356029.54799888,990584.0549484928,3008776.5896265944
3135483.631832385,2980642.7300777007,4965516.641171472,1643325.862203443,2736854.901296051,1207258.3493408316,2350615.030909001
5243187.271498772,3345772.5747138076,7208216.58924043,2002414.8074858172,2657776.14875252,1408504.8089707727,3456442.6587282936
5050907.991504502,1967845.6255301463,4188900.227536325,863400.937681281,3047555.709161869,747705.4524174172,1189341.6349776324
2051474.3921562387,2256904.756865125,4445951.732581023,1369790.5796405473,1755880.8090316253,821147.235531494,1526642.4997594722
3721616.0245334264,2012849.1896900772,5324838.541495938,1322092.1113491794,2460218.449638273,1126831.6111479965,1780469.558570317
4010369.450422759,2753851.590388126,5129905.500861665,1305451.63602224,1169145.283478504,1478254.525849069,2028628.8914521157
3014179.6527716443,2821755.0670534214,5859330.869326154,1899432.8989558648,2863344.66262303,1487834.0780004258,2085357.7868793178
2980588.8484019595,3110871.396766101,3705893.7976771365,2967707.078733716,2327669.5128002097,1919011.8520211258,1366354.7702944325
1849835.327414249,4064344.3803186375,4239126.358615798,1330444.4558460857,2491624.952717553,1873581.7677101716,2835132.0786857763
3733606.3928944757,2814669.3903740086,6836397.947985443,1588485.4411747684,3592130.3115432994,1517078.882856715,1794254.8843435876
4590846.082849775,2866013.561303677,5377316.969397709,1622155.9294215753,3517734.7331133643,2065210.1409996112,1464281.9026868348
4951325.577304906,3912416.567444914,3787784.529505857,2264378.0751214633,2733250.53009299,1374014.2586949384,1868644.8601649522
3417615.1218502168,2109468.9928927184,6110234.666836357,1772839.5155176376,1775517.1304964887,1744510.4281978728,1605790.8472914537
4079222.883659832,2948183.086352997,4207732.339529706,2398264.8085075654,3011454.519879169,1335937.0345472065,1497173.8261729418
3474827.7063031006,2834746.3967239726,4951024.801187066,3278215.4983310094,4004777.307785073,1456415.0488313083,2463974.9040549775
6246134.874864304,2884841.2414574753,4705388.36596839,1081025.7520651533,2525285.2591625685,2013939.7776859652,1701096.9320260314
2919231.9758695145,2963474.10615623,6856443.77095409,2651268.333858141,3411296.608200127,1161220.5788535727,1680869.7956293388
2200200.706305053,2092328.3469087812,4258856.243432271,1210449.106186431,2362886.562659461,1829043.3293183898,2080956.015274037
2688640.72078945,3206618.5801004735,2967562.4668819797,1749596.527354479,3194624.970206596,1777629.850804485,2759931.2449188093
2667988.160944713,3580018.76562359,3779138.547752919,2066823.940174345,2670465.5102606155,2112742.2338583358,2206465.01431749
2655619.6650376474,3395672.4922229555,3273143.2953883447,1943861.3405305282,2316063.393086306,2001116.5580102443,1867099.9225116367
4618775.447195664,2662734.1779921553,4521812.498833679,1595661.132457315,1796572.9561037757,751193.2110515635,1780011.219623093
4490271.3463735245,2487800.993509592,4965584.252272376,1703993.0377436373,3034833.3787421715,1255160.5565753002,1604388.8700248548
3556182.974672229,2685121.017590016,3141571.7435051426,2328405.2075460143,1605267.8253636314,2249528.636275716,1783840.6148944385
2854784.415049157,3209715.1926735835,4284608.885562178,2328161.7441882277,2213571.7820132393,2134745.5745538715,1924223.0861047346
2169462.7979127793,2679585.034604065,3326752.2100024265,1888625.0477230935,2924817.7154146126,2004229.293150848,1869745.5065156282
3553197.6289790706,2954346.453816003,4516544.078251768,2767537.7486998746,4054817.0310098883,1639257.1892005824,1705753.58564026
3079499.708756488,2219812.7803402403,5319877.48176872,1656379.864031103,2649254.2875557328,2259767.9592628437,1007848.76181264
3029621.0349689187,2911776.030628575,7193964.76604047,1709168.3629221786,3435139.997464028,2139612.0775897945,1503740.9636361292
1937062.2166092054,3589448.8660698165,5499407.482025633,1772865.8604479032,4107054.3675473384,2097786.38931395,1503096.6192405475
3156029.5475659026,3244761.482791382,6656992.682928082,1935029.914977203,2195598.086841701,1692483.867487922,1394139.0730587915
2076712.3075880075,3023230.480829197,3631865.9836421954,2525944.2802397027,2644166.0335703087,2450077.436028658,2764086.9442922166
2060439.450105087,1776589.4626390405,5439696.34780919,1333886.137545478,3148566.019210535,2237717.686978817,2475928.3243490625
1835986.2011502068,2694592.9106351854,4681481.752674542,2881682.370193029,2254267.5334767075,2430505.3358477275,2048919.9227597076
2953679.934988086,3452291.5083969315,6298338.288342897,2961111.3546436615,2620007.513574891,2528640.7019640645,2222109.4251461932
2174209.7280601487,3293342.6911367644,8037768.934822841,4134307.2770883664,3085183.048664054,2135949.6770959403,2279217.546735367
2538841.7385447146,4288628.1440884415,7492247.183238616,2529165.8597694896,3506579.966180345,4059105.540448746,1086513.9855407316
2205903.114293839,3273469.2482333467,4799617.547351511,4126134.899229225,2193167.761092998,3115201.8641190995,2077803.7160559956
1837666.0106136412,3614877.029841802,4071604.472022095,2628361.813637153,2806381.198111726,2013072.2676876346,2137194.127361241
2614094.3364594392,3450439.5467588976,6144870.401076774,3939732.557246806,2900197.5465309094,2620191.3287898297,1721077.1889233715
1558669.8726579035,2780851.6621944504,4673093.318072144,3479107.847654268,1839084.8800263046,1533049.2205601828,1367859.7184575605
1711323.6915727668,1901613.8425606687,4155662.963260309,1968001.110292294,1585265.2960870424,1741296.7404048797,1655838.9640368219
3814834.7603715807,2048426.6349325906,6519243.564279716,2009361.301429521,1969375.778578285,1657108.2987512818,1818857.4033625592
2020370.3141418176,2608576.4901939267,4819014.236886179,2739215.2051589573,3512025.8100976264,1789645.3709273865,1848635.554791861
959310.2152684456,3354998.392824685,4053647.074962818,4247431.25243321,1752496.5723621226,2393427.904793103,1921212.1861007088
1933852.998100402,2459819.4866522215,6037805.472527112,2997172.0772205386,2439970.0928721773,1843826.507358167,2669328.7610028526
2107740.2202454302,4152149.1569049936,3580186.2384044193,2076212.0825527497,1654833.2361384612,1611966.6341348276,2440105.0111310417
2449247.021470373,3052481.76234205,3411849.5184353804,2794409.7538405224,2552282.840124242,2296025.8954482246,1847394.828743454
1425997.3775942589,2395595.908671199,3757216.49807085,2609719.714475624,1708205.5209550103,2530869.1687601684,1163876.6301326524
3047815.1732606953,1534136.269975479,7216165.796369565,2329084.9211456254,2167825.2102613403,2241755.7105888394,2622842.622633612
2008936.2084368377,1727601.9303097297,6316554.239945006,4475627.701270978,1444251.9667827226,2420428.169030348,1622489.5834579056
2143153.22360899,2403506.285806962,6098308.077415319,3670707.7149194637,2064635.5411452737,2014202.973575689,2179819.820533176
1335014.603558606,3970267.2199099716,4399276.983022782,3026168.922671653,2076423.707334937,1872139.0049335128,1764418.4840484941
1828224.7293275062,3318159.5736073786,5855959.526072875,3294736.683532252,2155904.106917979,3212659.215101528,1782951.1228757803
1736481.404199302,2232180.979773015,3635469.543338584,4486124.3922508005,2249281.5574492794,2073513.5709844502,2141017.9429248516
2517331.1108742165,2134806.0517469975,6321799.881334716,4258931.938419891,1871869.8651353798,2916239.0583168184,3057406.8399350555
2500344.3220006847,1957676.456785312,5014599.634706624,4114756.80107383,2113987.403131343,1594035.3088019225,3035626.348606201
2707045.8127143406,2362353.9554352025,6568463.1817483585,1584295.8623029557,1697215.7492927164,3366005.8830657946,2863956.5600240673
4469780.290931556,1608335.5017382004,6309667.793269673,4014752.379449162,2461535.8740793536,2393558.85884996,2349325.8690219685
1808680.3061283403,1633382.017196566,4857433.290962836,3965953.255793551,1822653.5067002513,1450045.195123124,3238468.5228842357
1351765.606590548,1988295.5216532946,5507089.251733292,2962575.751196635,1507515.4891865274,2283836.026146593,2224818.6228099605
1267630.6495300091,2469662.5440576617,2991787.929359897,3567383.5486287572,2425213.0382723114,2231076.9530118587,1694046.6516648936
1852160.739420323,3244313.7198650287,5796184.347888902,3199507.8580394117,778853.7050554405,2222314.986869539,1148709.632989436
2441294.230752782,2265416.7346641216,7065699.027223256,4833507.119590957,1971391.368345248,1571171.4920011598,2223362.6109838975
1851537.5364403548,2521496.9227707656,3480442.2918823054,3867166.0291989213,2329536.218323814,1805712.5846693995,2004713.4823261136
1100003.2170043956,3253527.1037577996,4539488.305486063,4452328.707968454,1774158.472122837,1821022.6497055462,2195412.581076394
1488202.7959506796,2396687.4343898934,2976649.631608757,4217162.781930884,2107965.324241714,1056067.8349818357,2321895.036692435
1394367.4897922624,3155071.6297187563,3357298.294993746,3969593.2872117613,1700510.2132601817,2105032.578905081,2201220.9657063503
1324950.7731519858,2599935.5235752016,3095533.5722744204,2921835.2326010745,2062215.9191149673,1862095.6434194501,2249304.140031973
1884343.1335555655,4152843.0811889013,3468329.6194553245,5781995.719969293,2569325.3603896946,2001622.9728713157,2533560.1562283807
1038595.5704735904,3352880.8499316764,2608721.639973576,2849819.3426196123,2024690.981791963,2177163.360111572,2240453.2597047007
1279705.5253562815,3457115.7027404085,5337010.530609548,2858531.6272636866,1780864.0194912814,1723850.2174576276,1400899.5042116144
1414894.007789854,2856199.107043173,4846867.634847831,5413554.76880452,1641280.3869651319,2248492.0398331657,2890864.993153614
1509327.3644935633,1897597.7808192857,3761941.891744221,4347401.282882,1679401.6355504007,2410325.872990315,2636670.2559741205
2170483.2122008684,2719452.7123575867,2545134.5723590627,3453886.9860256966,1907934.3393149334,1587715.6164212474,3154420.397217023
2409764.502779145,3063645.390118233,4482485.443907723,3243677.3571154224,3351855.6319468683,1536643.5774263805,1307179.8784880135
1050710.7727627167,4330137.506337739,6360164.360024072,5545923.132253034,1558063.8199411673,1686854.4614393949,2775329.1601584414
1370075.5428091413,2805071.228805068,4253194.605601238,4313613.1465976965,2239610.635630863,2477238.322218644,2736132.658218325
2464198.0805968717,2640556.614681244,5924257.362834895,3223842.1407981906,1434893.7626590685,2253175.448090403,2452160.9949657917
3052147.836114977,3155604.716849858,2978306.983540181,3200285.9738371577,2064996.4626701176,1336805.48049898,2610189.5398758957
1266429.5554981248,2298640.4086459326,4856091.128136199,4492158.466538565,1435956.0866490672,1943789.065757532,3633740.3884358876
3448445.1091844197,3092810.7666817987,5462643.909860833,1971988.4336521404,2237393.7032126705,2090305.4280143904,2760890.0198156866
4276210.183049846,3022147.198984705,2833212.980720054,2759192.9202673943,887762.8108046101,1805040.9014368176,2116085.495197255
1950343.0479054255,3163005.541351047,3121096.9905700115,4373845.183653474,1676584.262995491,1915779.6131197168,3389942.0536234863
3230883.964456861,2908382.559180556,3600120.9566792026,3401153.9454866983,1506708.9515144285,1608350.5921591145,3846031.1397747966
2018537.6934988908,2729089.0834294623,4520961.74859082,3563893.353621271,1858775.004471839,2094285.314853172,2388403.3648210475
5595687.410615824,4022458.135305291,4602658.615531805,4017951.0886165192,1021784.8863743509,1528124.0429526495,2121705.905606687
3167277.6979437084,2432211.083614405,6995642.845605419,2858001.8622276946,2629362.2261402337,1187595.9791666106,2436760.407643626
3010245.4660502723,2320548.802063739,3955486.9554747487,2960837.4792530825,1564853.365096238,1485755.2116004631,3034789.7494946686
5387540.483304404,2626418.0824142057,6013680.131710333,3764861.6666009966,2837840.0252800956,1681956.4094252475,3208355.9735453636
4332295.373239441,2334604.406293042,4620746.996143013,4008092.816566018,1322438.7919234475,2040246.6917865977,3328573.820406217
3063102.4139631735,3544849.915418193,6545792.384722099,2013340.3405580772,2999946.4923499627,1533962.5824592488,2241524.13787322
3123501.701782975,1557475.669446785,8737866.96396257,3462157.471354193,2744641.886518551,1719970.1119922628,2671718.5350131188
4108436.1697967304,3815181.549488142,5208943.652354121,2081837.8932286156,1214962.9777007843,2201472.2173961583,2601171.0840619
4313879.184468508,2244885.9747081418,6963186.144921545,4335302.789520683,2859387.873560038,1534288.8788027512,1784651.8041331328
5907259.750500733,2491711.092156418,5336840.786066243,2962033.704529262,3852061.942927946,1602237.674172426,3122878.8475187756
2707307.830477327,3626335.1326561933,7482064.711331876,3615197.532904548,1509156.9686543292,1361666.2358559673,2160941.1616374874
1900362.1318258855,2086371.0280858497,7796995.7604129035,3654134.6093042633,2341169.379376254,1675360.2659701686,2609771.256807035
2344207.081771988,3244888.991504645,5822141.251719687,3282816.7228058944,2897499.1603919403,2071578.7522444231,1964112.224119155
3733612.3353729183,3839599.5662393044,5585528.229053624,4124179.78401872,2502706.707037529,2189662.797148376,2900415.3487233436
5140585.501343962,4184357.9834254305,6418861.561847204,3624277.136211465,2386016.539121884,1289671.4808668853,1666758.6370446132
4673558.481039129,3754426.4094529664,5521127.972659694,3720296.3521812684,1913640.1003039717,1393937.4677525659,2424245.705950205
3858765.4751835666,3281470.1065075323,8727752.321463065,3050924.2030308554,2844138.6064021084,1236928.7531108912,2711800.377782291
5078394.299843183,4758053.925162803,4194661.262096755,5462811.4620204065,1665578.1610641184,2190403.812751906,2444045.2327315346
4326712.654953946,2926118.9699051976,8895046.30485455,5110941.768002205,3538519.8767498974,1468693.0101226354,2228893.3417881206
3719140.0073477724,2495245.3983689384,7867253.029528415,5781508.756382617,4238940.891158896,2025053.6217225029,2398953.8156867893
3054043.575263134,4297948.229865015,7010055.602785552,3716687.288276959,2655510.895427901,2503168.5458978713,2000737.8175318441
4490452.503676082,4365240.413448855,6251052.742503786,6457540.653913757,4334209.962876408,2036764.312090657,2972007.0888446104
3502778.101713362,3602711.7491622306,9437844.594346797,2827332.102528791,3925117.8348291786,1836644.8791493347,2101410.417937905
7442894.332873338,2703565.399248591,6542552.327878143,2654190.556451484,2837491.6727448488,1958189.712006895,2484494.993604141
4634717.496273617,3945291.9386346154,6633567.93817373,4213070.146557571,2407095.1662530224,2110919.6178292,2319518.375588568
7440119.036297323,3276419.9192891065,4250865.780455183,4440958.5498684645,3979551.699389239,2274311.089662254,1697664.154026587
4340652.8213852905,4169192.0453480748,7294460.61619002,4552151.80661606,4508613.261743469,2318590.116456375,2922048.723935623
5972776.105425305,2460028.4828028027,6806719.042639529,5641230.766426671,2262261.8187039564,1348577.4134689514,3075123.3940018965
2934770.910359999,3060222.90693901,6016035.921588026,2934129.1286232937,2375147.4437173577,2381181.1376932156,2314598.118922811
4266648.488767019,2711472.415539855,8801536.169653274,4592468.418863045,3493163.1286193645,1551767.0926151625,1721190.7971723469
2650845.7984372396,2751379.23104627,8855842.41552033,4751025.0184701625,3841524.9015429285,3298441.068879829,2186164.770602785
3341689.9699853873,1886539.5928016133,6344521.699019304,3249080.805773215,3112343.5511710523,2699643.267811478,1534087.2946560418
2670808.6801425256,3106603.501813528,6983432.059670113,4136202.0813046033,4983741.178961839,2356637.2864869596,2640631.5320710326
3587828.607488076,2767823.4680019575,9865608.00441645,4326145.285857065,2760305.334550836,1697458.793165225,2250918.1920916922
1572382.4535768728,3197228.1031754124,5919436.303879166,4303388.952670854,3715641.959146508,1913341.4223218386,3154796.9437267995
1869533.815302664,2558014.4173380146,9850049.691853125,4324442.575042542,4054923.838934493,2660831.1895377734,1864832.4406287773
1890956.506254258,2363824.214255081,12356065.839744981,2804693.2255693413,3121806.5913208816,2595664.853598056,2208803.5405924553
2112540.316475377,2794353.238788314,6911545.6402521115,3833164.415302745,2599395.0787060875,2678423.7244393276,2946481.520305072
1215367.0529818807,1741708.2220407233,7124976.140852405,4912718.56862211,3090518.557231391,1877525.982073521,2230728.3826905573
1737531.019617946,2826468.106332861,10011387.801553207,3180866.17825503,2767632.991858989,3443007.629163108,2804402.948471495
2209970.443005451,3121880.4166138554,8637589.409135632,6527849.15255214,2865081.4854461956,2726028.4772845404,2786674.03951162
4447883.229635513,2103078.186114044,6834213.210111815,3575975.286696967,3220778.2752980404,3435228.6645669835,3080282.192730963
2065394.0430382793,2799187.3047382906,7184607.425361009,4674445.580909653,3527200.134483629,2029891.488784968,3787536.062560783
2085604.485979393,2134836.526364618,7337931.44083323,4656411.792399431,2054296.894353531,2799027.3985948963,5359539.921440296
1751966.9722305373,2819965.172584866,6554242.341948075,5336933.018980573,1901293.54245792,2342173.2646480794,3402166.873293426
1745096.6755470925,3634672.9498839183,9239604.971422488,3396462.8187204762,3213664.485449832,2653969.907571529,2804748.9082086906
2185720.241469487,2391207.9278458357,9735598.268762631,3372552.7639342803,3060131.575752514,2868732.9104339126,3481421.746523884
2663914.662484478,1628065.3152820393,9333002.567845734,6908664.316436404,3909259.8753620493,2078643.174817923,2110346.5865015127
1675530.9752322477,3720706.7627131063,11694708.442529473,5287682.094629868,3913720.260668111,3727363.1830081586,2694691.4170725597
1208293.5454850965,2781619.68129769,8657354.313262237,3736457.123620031,1936337.2870369686,2821143.1500743628,2798293.73543984
1364347.2470214362,2451866.4941592775,7437106.475656027,3650430.2031508395,3082307.5082102623,3948106.5613123607,3580680.2154803732
3955533.722166392,2486954.7787807724,8104263.889784798,4712277.964665813,1812867.5187510066,2949753.706995709,3310724.4687709496
3455169.4630734534,2257893.685325781,7174751.120760411,6162896.23882422,3141538.8282436347,3715703.839960056,3601438.075258491
2577316.0565970554,3154154.0329841324,10598345.361326447,3626230.889166751,2504220.927021211,3878446.1349207847,3487326.1757940706
1357242.3002895343,2947524.991207015,6456866.828251951,4260839.882446317,2010021.7120166258,3195838.6911846483,2760940.0114781954
3878599.29931368,3153824.4734821115,8469484.694195304,2869105.6666418184,5732460.857879033,2767054.7580783074,2243695.670474044
1661656.592313383,2133489.472297854,7867637.433522414,5977400.275785556,3607618.2662290586,5495213.769710484,2699419.9287108863
3325446.409019688,4021914.8360737874,9669472.317918012,4234902.582318766,5440534.784275213,3810312.483624059,3273412.042121432
1819484.9320423533,2743525.5778413173,5471833.406243782,3239614.195363197,3122695.3306337534,2848294.686067069,2916624.2559108636
6167073.192805881,2405706.176562314,9342971.34984658,4807031.931774855,2819416.208952395,3541935.910173542,3743986.0711560007
3685259.976408042,3214093.9380398532,6243281.573073978,5517719.154005591,2227038.325222443,3206831.7863474223,3117565.603190628
4409062.617978173,3365448.8197437837,9191781.761277452,5084801.465840177,3664632.5810481673,3214911.8575362274,2519295.6570605678
3499916.0450477907,2599036.9709811015,7558813.056012267,5661610.429503712,2614575.1723620435,3121578.338107301,3444141.86787826
3861975.3186439574,2726592.9438365856,8774878.175908968,3682690.0697569437,3899269.0278507387,4077618.597610739,2562267.0591165377
2917174.126679906,4728997.204899337,9206350.717415474,4754459.322895021,4258469.140532695,3911354.385161191,4032112.8414739715
1744269.3723995495,4330638.935844315,7027386.822143536,3564890.3896783264,2851936.498079199,3645636.997505869,2084557.6081997657
6579919.867269544,4602771.265415543,7198543.511073513,2842026.6071156915,3517463.090128206,3361624.805389109,4051612.353089923
3183635.8174532442,5513500.524380591,8134411.919219084,4300304.473751944,4371617.491147781,4508155.364992393,4975163.889332313
3269426.4943388137,3458985.8546541166,7830535.783071799,2300011.506961968,1942249.8938278654,4295218.319479644,3297846.5282432125
1814656.17116549,2599639.0495391535,7752581.657300536,5344906.821363419,2507084.599266833,3382210.403173131,2448551.7707166844
2372106.174143262,4158773.912688363,6762051.335476501,3893284.151915093,4698414.086836314,4357059.558940526,4962087.300872672
1888894.01842973,3421457.124503577,6175754.756500969,3861332.7503110864,3854276.7584467195,3931759.030477359,4538722.139049544
3286384.377179671,3414986.6096504726,6969929.3407132495,5107446.325612558,3577312.8162889876,4012494.4474556283,2722251.7150455355
2412871.2231065994,2471076.691278898,9029455.99787204,2502620.7411453757,3475671.594469186,3711093.792733689,3339522.2046270203
2186477.3325653207,4148322.9753568834,8492845.509174127,2835359.2244461617,2966285.5454338184,4310801.784327716,3384515.685693937
2758917.2918284256,2636446.1238608425,6663066.699945525,4206077.705845221,4912969.368616436,3747990.5003980417,3093475.886707077
2928727.46329469,3893470.851445088,6253919.322176654,3292190.4762387243,4945829.104308354,4021095.292794545,3923162.452449525
2040852.6440216484,3295998.7048360473,6715256.7322900975,4769305.968666575,4081338.934183238,4231527.210855345,3553207.9459504653
3286733.2237108005,3615961.4025287395,6222670.365849241,5161114.641410404,5063964.380175162,2972688.3399485624,4186485.0866870247
3657615.0475832596,3850580.9441141584,5426242.551021722,4148233.8338677078,1717454.955385903,3554393.5969403004,3485610.9570496576
4676032.575553173,2793417.4182714215,6689161.02277234,3895088.0787604395,3857794.5281644063,3220039.9300831202,3238664.4171289084
2924962.620682577,3752726.933003675,8422549.622302573,2721115.8183901394,3407959.2252256647,2438574.578237698,4335166.246152643
2023867.709599744,5139338.309611515,8408910.52457634,3502072.354093447,2760761.8408359187,3103086.2604797906,3189486.9425454997
2761128.987561104,3002123.3800616795,9304119.382309204,3146867.49888358,2379107.4512115084,2583678.605999856,3704316.2646369915
3620883.8687117803,4074067.7300065295,7966118.829098446,4702162.322672227,4924970.1894816365,3069880.7645693785,3479145.3502342184
4017258.404616325,3087372.5868297406,6519327.816011924,3474896.988412261,3435619.575759367,4789553.293768056,5144664.24278946
3950433.4662603806,3638322.326026771,8166784.625815958,5532597.677140957,4347901.519516973,3003644.662172946,3010268.643990341
3768295.8281591046,3444864.7132640667,6798617.006967835,4655130.6968524465,2237957.2703876803,3088500.164409185,2161319.2421824015
1379309.2979061357,1630565.9768580315,5884576.163453168,1953037.0203231059,2832107.6220300933,2144017.8933890583,3401429.4241195824
4624882.17567526,1969570.3527832674,7736008.211303714,3533895.561098567,3670564.1080073854,2740291.6019460885,4253188.318564415
2354591.7210361157,2985463.4664523313,7058667.599623382,3118194.142309514,2360714.8279520166,3077435.3536848547,2608874.2156365486
4562391.168422297,3544833.2495065453,9841383.903712451,3692105.3919502683,4582049.164244226,3181035.804039543,2208173.848555403
6632150.833601557,2494995.5699289925,7706383.8082433585,5309674.348844504,2911984.7242951207,2452976.0023022494,3756384.3785079475
4280194.47111278,3417087.0434944043,7708884.506424776,2595683.6468585134,3809678.7366965846,2940734.9954416724,2985330.942002326
4475945.459094838,2129626.506373194,7583975.6601261655,4221824.96323827,4469555.020191731,2912513.950726115,4054115.443152761
3937394.6044728826,2848267.8678277535,11142945.335566398,2683408.107189532,3099050.297847544,2533697.3958210037,2807485.2827350264
2592577.2780036917,1964941.5551278351,7666423.47777556,2952893.3650856246,4574163.244946044,2742306.887084601,4243060.391977522
3874334.875473149,3539963.1646302617,9024909.276488038,3668072.629567995,5192100.466648033,1982890.6921729457,3661595.8541637785
4448597.326820447,2807532.6048121583,8243026.163973107,2570087.2094784155,4912120.294774253,2414670.1521501094,2912071.2052139286
2479081.9156324277,2981228.278383714,10006830.198629119,2996198.253370437,3704376.3620673767,2799879.181174629,16991876.698527645
4543982.084972179,2713044.7760057086,7952176.388856798,3275849.873990804,4694249.0256392,3199306.7435757183,4021547.0640602037
2931787.349242119,2729105.0340047535,7801920.953263937,2126315.3831973136,3829904.287547275,3165153.459243575,4809887.565046589
3799817.5054391534,2781578.0058243186,8725346.608935932,3770260.806472976,4056797.8278004983,3547402.5847630342,4286031.399494991
2794201.777620543,3365129.257974672,7310484.528941299,3472000.530767264,4579514.161483342,3924009.315317232,3499030.747988619
4828802.857294574,3223721.179687447,10102600.936529126,3538237.8015385787,2616836.3128750892,3800945.3440648457,1859174.38779545
4433242.694984879,3091408.557552229,7140179.908598963,3435561.8660144554,4406261.983907667,4020473.580271878,2650294.841417619
4899990.770339866,2187783.044277908,6942665.996096008,3917858.602461829,1786710.3000481953,4047830.739842685,2409652.424110402
3059116.933276574,1577855.3130897116,6953795.730203891,4001996.9790234035,3413348.056932592,4025097.413318401,3552992.998378739
3680655.330737208,2083851.718284768,7147750.213990647,3563200.333056797,3436905.4666826446,3757459.923796579,5375065.671840848
3507111.823486847,1784960.9451772482,6529273.93249445,3258444.889335973,2729159.3347345428,3498211.127201711,2903261.5042602858
3753601.3162234784,2518255.076191503,7711393.670450345,4091921.0847590365,3859178.554016968,5158573.360970931,1734158.2821078855
6759032.575813768,2817532.2034031777,6521619.719711771,3626657.200436295,4007361.834593919,3354989.587137471,3046513.7825457426
4730112.611430047,2093747.5907538524,5329913.302901642,4029641.994141744,4905529.049980103,4661310.749955788,4389163.031185122
4758652.2546999855,2821759.2212601025,7229602.547236833,5101259.357690332,3724775.0044538914,4695913.127746507,3246353.711901661
5258361.723776247,1507196.5595493317,5837533.349718357,3957445.2730008904,3435910.7276963918,4906598.585968857,3123719.366803891
2312646.5662780874,3213646.635678045,5407063.650822928,4197391.809263206,4433187.4954838995,5946929.255445683,2966859.8634818625
3738453.178985512,3355082.3784014257,6416698.782467848,4014230.9241916398,2989303.286229823,5457567.093334736,2705606.0161711415
2850720.161639042,3301399.2464492274,4761972.719817879,3685491.1334235673,4104463.1060832213,5996404.485291518,3918928.477509191
1462908.9096182482,4197017.603112681,7214035.941941556,4348829.308999251,4764676.953569254,4343520.962552188,2698742.777192846
2553169.0107442616,3611798.198866009,5196704.259232869,2923298.6445079995,3141459.7373954603,4506634.913629718,2509717.781321846
3364074.469075395,4040400.8953063036,5309731.735748405,5447591.709510381,3127295.919088752,4785797.659763541,4067161.473878783
4350594.788666207,2805309.7102676993,5392953.929582628,3554271.6249418375,4386653.24683918,5294127.861045832,1989551.2297634524
2112920.1408843854,2776110.6727789296,5280554.054289678,4418851.3236991,4086539.38492265,5621908.731367958,2367739.6980432295
5201893.544002103,2743357.0988902645,4982598.28354227,2802936.0970231732,3476714.2834543074,4233596.106829478,2900186.864934817
2509619.827472578,1896598.8495198393,3694607.5142191676,4046489.4577000127,4229253.362179373,5059551.433526486,4002408.479773879
5148783.597991258,4831981.170104723,2646533.053675227,3547341.3104524505,3849433.5112427194,5221217.1916064,2853230.8351908084
4770615.453671291,2272347.558246242,4075901.2952944827,2112424.9118722007,1565892.4807435232,4163853.230214119,2195705.588011654
3798790.7731715753,3273622.7057427014,3553580.272311808,4390743.260042189,3081040.5675076107,4535281.046841848,1849418.9918840765
2542842.025539492,2202453.08057498,3758239.1119293105,3924383.2758200187,4320701.73067359,5150325.232782502,2288873.718786368
5719417.743803865,3688570.3222520775,2508597.3338075234,4788850.451675201,4168525.278172507,5185245.696741819,1885810.8770319559
3542828.179498582,2509327.3339947984,5214034.588494783,4721456.021024043,5062612.351197283,3957771.69543203,2300128.446496289
4605330.474725823,2619478.340350691,4768213.118830917,4028866.9809286557,3049069.486331976,4494035.556611156,2663757.7312248037
6037328.2385415025,2418079.1645306703,4858088.552387982,2646058.130167213,5187104.889332406,4824674.296103803,1485407.430017175
8721701.332603574,1704057.3637505344,7017115.399034906,5259830.0789602315,3755061.645465492,5846085.662092689,2468455.441956277
3871014.7739548357,3138665.3655246478,5475476.816275517,5025700.005112087,3964941.2302345335,3967742.683991014,1664654.1309278328
3396469.9920307547,3863657.8729769206,5768369.603466462,3459086.9215218946,3532628.495191984,3696082.9483755073,2533450.416209122
6286401.918602567,3015327.243009096,3461481.1749048233,3627285.7758150166,3882617.780268045,4452740.08545832,4301864.247748674
6120144.633270319,2764266.499829098,2699724.625941823,3501296.290043841,2990405.5260247737,5031159.646851981,1889510.5644145324
5139164.374722316,4129225.032092399,4166361.489822505,2122528.9780576173,4125925.0873734877,4707159.4672879875,2714261.652418558
5846609.186579875,2874262.6671796213,2619001.976033622,3968232.4094251534,2046787.632768202,2834291.438872681,2931587.9489119127
5003517.263767609,3019816.663384256,2729713.0886952644,4088907.823383572,2844961.4020530498,3767597.028309094,2046730.6855294341
3824116.9933543326,4376673.6779826535,5671962.943188362,4314252.846309459,3030063.522755308,3828825.5216217036,2037643.2626432222
7440060.780828882,3167412.8120095707,3592629.6049259915,4670176.515848739,3387482.1087993486,5048491.068880335,3650026.831516864
4313749.998636605,4038160.2162131546,3222976.6423678566,2752461.157926625,5083974.859194679,5132511.255410411,3067369.4906764235
2601638.89140957,3036032.5014876947,4072270.9504995523,4036431.6557744094,4276492.926142746,4280059.957303787,2524019.6600942295
4308955.418742161,2672718.7223930988,3027649.514525855,2382459.060096613,6050410.127612855,3214065.546501167,2793207.277809877
3685851.215711828,2182117.7688291017,4215930.133695931,3121526.4187070206,2828921.2686816086,3084535.009327386,2097295.7570414823
3105749.2692917483,3800241.0648988583,2788839.6562795835,4010143.5299285473,4040470.7174788406,1984142.5634747879,3320140.4624332055
4709075.178375609,2453754.8001108733,3460065.5800662567,3298804.019326981,2474843.515280569,5286884.774966093,2239917.6303783273
2570547.405293716,3199868.502990733,5476238.772955054,5278378.223527271,3661038.8720271722,6199832.0129973255,2862695.6283265855
4076456.1893254346,4329777.655845095,4535773.399913024,5588111.609744699,3189546.999224643,3128553.441595177,3360912.791161537
2950579.8715517935,3293078.8775434415,3823358.6593908896,4245126.298933671,5302146.284217271,3624836.0597374197,4075684.7332493095
3710925.9082710277,3069131.795669088,3943359.3421724117,3122544.043710571,4821026.275674047,3577385.676314011,2528295.632651269
3909111.978846863,2083917.2656412425,2981591.307743425,4348608.000581762,4903250.715087159,3593900.7679199986,4095836.88352306
5561954.532326629,2632885.0456200456,3517283.8695747163,2804390.762803024,4027992.5061933002,3669555.6754846345,3475946.339023753
5669323.262422625,2841563.9217521865,3896218.2730166754,4738830.038151785,3362650.141034452,2925762.3023187686,2293899.4509127503
5256848.500241734,2453107.363159362,3238300.9198174006,4301077.826837385,5495017.997528335,5079764.968609283,4174402.812985734
4235730.164803143,3821308.1045805328,4490360.106300365,4743519.292255844,7329229.849981951,3716880.2755621686,2886852.124804537
4938050.19408768,1079108.9670876835,4058018.873031223,2802900.2503867173,5131384.32585809,3185723.4290388864,3661263.4291243646
5156364.239741107,2599754.5189128146,4425463.766854017,3880849.9957935237,2831007.978029743,3287401.781699976,2355339.832029235
3115640.4069758547,1859464.4078089064,3497609.399964865,2733734.4925806485,3106002.7222923134,5448639.9983885335,2300919.0460777404
4617858.507815814,1818599.920969925,3893868.925758797,3737390.3942113915,4011422.287527876,4379276.43317016,3874977.160436369
4577707.354913916,2569284.5398488706,3726292.720303124,2687897.878866311,3986763.61368173,3431147.831223068,2430514.129106538
5069207.995205772,1456852.3715537894,3478697.4556891588,5133959.918663393,3198945.3998382855,2537447.955305462,2528672.5860603303
4942863.542724369,1553883.7371869024,4854867.996818367,5276951.168824679,4199011.390370095,4421459.34721455,2166144.1574858823
2820485.9673450473,2995199.6335837864,4321876.408031163,4364605.89585919,3357885.3562452127,3661164.259047535,2595414.687989992
4453139.826100395,2408051.790122152,3417952.7455981886,4060940.1986975493,2429927.766530065,4313457.039687028,2989032.390054308
3295984.6823474215,2617209.647223348,3653448.14049688,3276566.1098772697,3783671.857340306,3476108.1471068515,3067449.449741984
2281493.4553052913,2561948.4024819257,3950678.5230190083,3402234.566650508,4222430.252039131,5391733.206624903,3254121.0620522993
4049796.6008992763,4248281.509871032,3417632.6544506755,3838373.0222851997,3435933.2334900633,4596423.741225453,3616853.341743393
2854847.365935618,3858044.3491819687,3007807.647183746,4008836.3660992393,3463229.596616653,4905967.636815557,1483582.4085445327
4610742.290891633,1454667.5799276896,2423033.9281260315,3315402.4179147324,4658885.347422291,3872617.570455468,3325212.2926444025
4319263.3882429665,2765722.0565388883,4019090.6518409722,5133044.107547903,3319417.0041240472,6746362.413177314,2852891.8147762017
6515540.898153709,2718681.0798406075,4894780.70914141,4001125.6607240792,4071945.340971054,3677076.035448787,4871583.246257877
5915437.425635807,1932962.6976746877,3948369.4692384778,6247814.585929188,4223215.619487466,3222908.579413713,2709552.432421706
3097569.561343318,3167549.104540432,4202831.929628333,4479087.68643971,4343868.726171158,5372345.837305579,3177187.9880409306
2920529.2053034375,3006859.4789386466,4625968.3602452,5297204.04182428,3206222.932927378,4477021.405612953,3961580.369374926
2224404.843684708,3139850.0578505564,5439565.7695995215,2787875.803690619,2719051.5622900594,3465305.330857153,3673038.5984343104
1581323.5728963886,4096886.4430940184,3826066.423627203,5282988.425077295,3496699.781377432,4530871.622003,2236955.3386780405
4062900.1335061854,2885770.662783598,3636389.8701273953,2961021.461504518,2324717.05102697,3994490.945521731,4101446.156989471
3400225.0843285113,1890300.09123973,4151078.7044912325,6208639.668624391,2691997.4708953844,3785219.1474522087,3273114.74735632
4946565.635481429,3646214.4678950133,4103813.2310904167,4143371.3334732903,3643513.860744398,3355960.4471105975,3204691.343062943
3242215.772909911,1630114.293067192,4553483.032926563,3800156.488470126,4715917.1720076185,4369185.200448018,2413832.0502937175
4247561.887220906,1296472.4707769258,2837720.6865542377,5435796.225491728,3406514.6654994963,5421108.4773284,2379790.7318925923
4803894.593581095,2768326.715879645,4620025.537252322,2688910.564846919,3917637.3876761924,4727100.119450735,3327643.5265941247
2449209.4992894214,1786223.748751172,4483179.246277075,5616342.557569128,5233433.852570647,4580414.650080339,3542022.817270625
3975088.4674252607,2448657.9658371345,2442909.394792372,5710558.797377595,3818546.9276071787,4867792.767625935,2948828.713060363
3760618.2363580726,3508633.1326660276,5384437.077801248,3383818.853501207,3672618.6349581517,4365690.681621463,2267092.389310292
4130359.434851612,2670403.4879961545,2825960.8271730104,3716283.5910160053,2200809.0663659126,7095643.268385217,2497360.189838739
2745613.839128388,3542682.0466218954,5563683.692318539,4525896.853767286,3578538.286336221,7170732.456947475,2374000.2209004373
3020322.33918,3366190.7478292976,7711191.575308764,3858902.1260795523,2453635.464678487,6657546.795436305,3141520.702389732
2884187.919978463,2637475.90234581,6217770.611388091,4549156.865044927,21987115.411773305,6847365.9383402765,4427122.108913883
3226637.6719808746,2454138.0722840913,3429159.9372668173,4164863.3348319726,4440804.519660056,4049575.4227312095,2379532.146306823
3299730.61366688,2234098.5232769595,4525197.212921172,5432994.015502873,4552039.901900086,4434304.009495681,3574110.271627974
4055029.0112195704,1654374.0159779498,4738499.060828837,5087899.8429467,5064111.287711292,5046595.766120616,4585727.14000815
4488127.231246669,2155616.482285279,4216183.960356915,5094312.857560363,3547174.1677797944,5471337.847087011,3806577.7007615035
3103395.8555900566,1610060.0387265699,5208098.918009407,2690023.1346475985,3748847.191237714,9039828.384415414,3719947.1995220077
6561467.04107279,3741053.1098419437,5958574.9643184375,5147965.563334214,2568325.8122102288,3908504.4263163926,3608386.2796218456
5545940.51631016,3099958.908764095,4503992.214464715,4245595.7706660805,3973262.8743100073,7614950.490780569,4219792.234668983
5233978.029787708,2845445.5037034703,6489991.014227469,4041340.3814840764,3085354.433921319,5434382.172698114,3744954.300014332
7656699.212487936,1840997.0956930867,5376293.403222967,4772842.402591935,4263178.131769836,5083615.861570364,2580577.0471382895
6594545.558181432,1680435.3081311765,5475083.085741007,4534386.189288857,3852933.0473812157,7076181.444472921,2976683.515017678
5275097.254887025,1267967.6624252545,5502888.140562353,4110958.562122507,3917031.4037181656,6774729.970380213,2341629.3195990263
5847928.091255025,1322763.2971006073,5112384.085968243,3714446.1868682243,3653380.3501537824,8002326.14777772,1696436.7591866297
3736062.786053241,1921941.8100558945,4167337.7705366723,4633561.804901071,3106910.5038774507,4025424.991929048,1777769.4463630484
7892039.468213079,1907806.868667266,5825933.577816168,3947848.7757696104,19976519.576143473,4751749.006957848,2889085.2828672836
5979294.171027156,1741726.898044682,5089209.387644522,5146262.580838327,4325768.607467184,5558933.534885427,2895335.7213742463
4586679.634146657,1687969.1143212346,5782253.812076585,4348526.988898974,3923587.730315145,4451590.031942606,2724730.28867217
5920134.652660671,1275889.0603384566,4183563.926398721,3779564.229530124,3806351.0758771827,8679937.983111624,2876751.676407934
7490581.462787742,1588724.8012103022,6622768.68666891,4760181.088551589,3572025.2306990214,5832560.159018289,3967100.0625246367
6107224.197665518,1828166.1002314598,8314797.323606281,3761820.0111558177,3385772.151011304,9541787.219380688,2903443.020902235
3848933.9377256166,1497841.5031501278,6209568.641892431,4623897.744010346,4504263.331986032,7312970.073229205,3333961.3044218076
6902218.753213887,1302593.5835123835,6639298.691997834,5368000.171701592,4172310.2010109955,8494397.419352848,2014144.10115356
5592507.390062392,2231155.783297981,6728109.3433940075,4603340.732932047,3355765.190673167,7350095.889846452,3590125.945746717
6298966.001317178,1334343.4476246086,8542761.44559579,6229905.127158277,3924368.632652177,10180251.477564337,3705420.0758822793
5161854.346929006,1035619.9674810779,4956936.227604885,3766263.095125979,4671808.333407072,11360876.040070035,4393722.839570738
4709363.987225314,1192328.0439824664,5676660.52481512,4164730.440078579,3842667.755955835,9294490.968483321,2693099.800169106
6019197.464911168,2090442.943840454,5926917.340575563,5007559.331468303,4374089.614155687,8852610.598567596,3747379.970352521
7234304.312576693,1627026.0675772408,7747704.614647081,4155018.9245641637,4584610.351905296,8535355.87197721,3413112.580176319
4625159.961160088,1180246.4359119846,7653002.286285725,4752517.04061491,5799832.143437869,9261968.469108999,2645349.576213609
6579620.4019013,1359245.1772352434,5461768.130824914,4322709.842593262,3895286.378112399,8711090.927657306,4065537.343105942
6058593.736912318,1919487.7997221914,6182552.233360607,4100571.1476658243,4776468.341590866,6753116.121602403,2208079.4206890934
5401189.055567741,1068114.5270870854,9528251.109299514,4880480.500379238,3187097.018816805,6456560.004922221,3295050.9490898848
5810135.658631811,1294989.427719054,7289450.774373395,4336652.008767432,4957753.553774748,7418100.966573581,2271461.398089082
6701721.9025762025,1209499.0589669715,7617495.881207047,3226930.578320586,3977008.035421308,6944475.149329031,2394194.1147762462
4593132.242336694,1052384.964825069,7309926.014191272,3597950.884123157,3430311.0466433777,11550683.598008757,2301471.9026109325
2516268.9537526043,1403951.9621702614,6477230.135719471,5033083.163663043,3939496.4953613174,9059058.478735778,2497556.038239223
2130286.719601819,943874.3879703771,6910526.115704436,3367883.17125882,6750392.451918971,9988490.646517558,3219574.01193011
6168161.569002086,1991801.6565681784,6743033.237563617,4404513.294737568,2929712.942213042,8521578.8315466,3892495.0972935855
5031126.485024363,1595707.6539238957,7292276.62384885,4757826.729218725,8792341.638011992,8584576.397164457,3181428.368170003
5181015.054045007,2010006.442354295,5951940.072118934,4612560.117295379,5322794.302511616,10273952.904343814,2625602.2038406823
5256930.245802599,1845881.7670795203,5677910.486930088,4445380.814537549,5441903.4440589845,8140006.801191961,4084788.657978979
3202651.375478956,978401.6192032219,7158322.823848927,5180426.5348732695,4239770.369054353,12449428.030176276,2825573.482984866
1745885.853978516,1245126.7353877227,7659957.278660267,4404430.576599985,4087032.2161243334,10261057.424425807,2197676.165208013
4467234.5381411575,2112531.6281595146,5903701.004824074,5439047.614898384,4472056.150022541,9788028.189363189,3471400.894534531
5711470.406261297,1222475.2344770343,9431855.175349288,4023324.052319553,4656218.928041713,10089728.786443733,3583100.8790476313
4630724.947156562,1524825.0507477692,5518063.563269462,4304956.534335231,4426298.53673053,7976507.574788615,2847587.4771861676
7038143.400375173,1276217.310841653,6860791.571402837,5213659.289536969,6896878.922385946,11204375.213858543,3245616.381785266
3250355.665940487,1849743.8368381448,4730619.389758472,4428765.332285717,5386474.927505946,9219245.75699772,2934433.5119379386
5444468.727644019,1212902.8002789041,6556108.850819765,3812488.7274335646,4078612.5771930134,8715730.0692118,2251492.766733221
3385779.815826784,1083554.548581148,7203295.604686575,4406466.391610921,3825209.8578173127,5886560.616245255,4554538.477859726
3647128.1702519385,1677318.932458355,8788378.787744097,4284488.984310105,5127762.881612733,10369124.905154986,3712460.893495159
3859182.055995251,1882889.8137755194,6072402.473386062,3339864.474654544,5214294.147803196,10147120.575105097,3702196.3124104203
5609607.565161102,1508582.1014136495,6125857.175097756,3780267.0736710667,6420884.450272907,14377247.262277324,3693307.4903464327
4219535.053096906,1370092.600536324,5280396.58457221,4270524.411087322,6586647.7478158455,8840587.017974623,5624604.608923751
3978432.726937869,1587990.0902093784,6905423.181585496,5389935.55374467,4800881.698122909,9191855.067751229,3377998.5023448793
6524812.819120428,2248070.3663026835,5537553.021119099,3161439.1845150576,4309103.432808702,7816333.414377756,3152402.4623293336
5162837.220358705,1537458.048808429,4557433.571505168,3636056.191340079,4923790.46245666,11812265.951504016,3069728.141708561
6044218.724707469,2337529.8867765153,6553038.264105178,2574631.3221336454,6236379.165946858,11597955.68002505,4911331.600357289
4318827.423008507,1944097.6600569529,7406175.994443368,3705398.856602079,6424028.554386126,9733182.437691756,3093144.153999474
4015986.4706837046,726831.831517282,6648700.84897769,4570815.183071345,5337610.525851017,11070243.701074045,3679490.354363517
4976483.075884727,2170118.3176198974,7496965.830148872,4012694.0218892554,6491343.4481618665,9597046.920832751,3665788.8308463157
3068986.4204033082,1588031.4807478017,7097688.45952527,3515888.079852205,5570143.313818159,8804963.379495133,3490482.187038758
3556233.035276055,1931694.3008589488,4541113.104280647,3798234.8164019994,2636904.876415126,11653892.26147314,3334094.240960119
3547827.6212839666,2177808.779984044,3694379.9700104166,5163530.3823723085,3998235.920700465,9621547.60304553,6261266.522634195
4459928.713812955,1448705.3023259006,6659503.558394068,2908186.856637622,3494272.634711963,12980675.676985428,2607412.5255669733
3847202.3443942126,1610237.2199881093,5914410.1631373735,3139126.085152828,4277728.783774228,10661848.621573772,2672613.277385704
4681663.35156215,1565960.7911129277,4062719.8774977415,5326608.974744188,4853403.276283996,10444355.138904456,3184918.140952596
3693371.6610109163,2480984.817440862,5574476.889560942,3294213.6516002603,3567691.486529578,8455155.37387564,3343840.4889897406
4345328.44245619,1977252.1292702805,3641808.504776601,1730696.8128255676,3009153.477763676,11010369.206836466,2620177.618468671
2788354.8054103535,2404457.415070285,6499146.305432753,2236866.2315703547,4856262.881226189,8961784.16458369,3321584.2255080603
5794322.275563615,1183236.3241437273,5417587.591085671,5594592.490172632,5167326.719596628,9055197.582819697,4117082.7996119037
3788164.892668871,2265734.161884602,4315673.8435633695,3830878.595319582,3441634.5506873964,11849643.7976588,3365295.3276378787
5459496.568955475,1133926.4395688958,4659605.659036229,3309100.878153614,3829993.764263205,7710218.785260054,3408761.799913227
4178803.3036855655,1973193.1913095526,7530036.387907699,3841259.4227287117,5888941.302380889,8178403.338025186,3618357.5158335045
6959434.0694708675,1593147.0114848358,7757657.006582634,3770988.6340153683,3573648.574072354,9272067.48581047,3411571.7271404495
7584014.864634768,1065666.5674333856,10311052.53602812,4720011.039613617,4161592.6259428724,9097780.626686597,2559159.7400951856
4056401.812316089,2177569.7950116294,5886170.644561689,4353722.9862541575,4833535.8944266485,7248284.942697132,3521705.4359386144
6308012.267970275,999273.7842171881,4290227.402649561,6092604.636097331,3260964.4543321803,10898150.799727589,4943656.01624101
4161725.393306753,1509011.5113116628,6073447.96312999,3622190.1817219164,5099055.040003931,9088856.60424406,2730220.2541172393
7099216.076090617,1673288.498227966,5612964.461437695,3326101.3245799467,4976018.9856813885,7681645.348373724,2542570.170142459
4188371.18552823,1558413.635084367,3209356.4518660167,3457770.370348107,4362021.240119232,9004676.343042541,4293931.215336047
4839785.713123825,1881631.815449202,3631705.112027038,5746965.958438203,4425522.124010686,8883165.242759788,2199156.3686681315
7360566.887572536,1314528.7895421814,7566316.720714034,4361644.942300955,3523816.213536233,7467146.260048037,2945280.8097580224
5201477.684966294,2199516.8547827806,4497558.28868182,4629989.415109288,3778484.746333428,8806753.549272668,3117536.637650155
5146683.192238895,1735678.0541841805,2777862.052965005,5193346.429287979,5272141.27498276,7829359.969284546,4272169.676454576
4718713.910860445,1393314.4339443122,4311026.137293629,4170000.0780321606,4852025.549308569,8837744.74190177,4644855.834805943
6381028.682106802,959261.8160360297,4136651.051852486,4376355.17575103,3168674.521421817,7544545.926851833,3083415.7124566217
6170952.289656156,1428155.2429515987,5307486.599628044,2830156.9052054863,5067367.138049735,9342125.51792764,2664865.4073842005
6408646.545273878,1793965.6543101403,6402771.097796988,4401499.983334558,3815080.6826681066,6469388.544087669,4595019.156021928
7456996.676372016,1480443.8346737963,5307308.551536125,4315792.213159743,4038182.7525475756,9964713.847841024,4285294.612210776
8247111.265234761,1438870.778167123,6372546.309523182,2626224.555459636,4347788.828901213,7945682.069844149,2883476.6304551605
4668304.712075302,2776327.176600848,7039381.981040895,3488041.5327236596,4466809.32081509,8624286.484170388,5227725.495270386
6874454.883218294,1801387.1812548626,6637112.050635533,2371240.975010545,4097290.8234902294,8694536.446996573,4323782.345688285
6098635.562338719,2226572.389444665,4741223.883851137,4647373.437718775,4614102.311256458,8537206.797371645,3055327.0685938597
8512570.228524402,1721445.7609590718,5747868.225460952,3446714.4783653338,4492408.431326733,11207051.148060776,4986739.6946219895
3701044.9270070083,2189644.154622555,3795574.3346745875,4573361.585513942,3927003.4070867216,9902974.841565117,4874500.882851226
6843914.713238753,2065066.762318866,2697405.154347142,4084464.132929935,2796081.450552243,11075307.927158877,3891808.865014138
5752266.299256388,1868554.0541116642,6185349.280585736,4917247.534616051,3848193.8688719734,10109022.531078681,5249420.611401286
5788876.642139824,1148641.9739309375,3984187.7004811075,4022705.3945504427,3809466.5419176873,8511678.847144695,5175743.213765704
4334911.094190009,1844845.9467224928,5613024.868434355,4023409.4407219756,3819019.857980789,9389808.144520247,4072477.3464095425
3983268.0792706627,1569085.5373870134,6982290.893422022,4290970.133109601,3153749.3991641654,9241287.326230695,4546434.749887034
4875658.507942564,1881243.282435418,4633506.811800426,4149863.7592440774,3689340.5332376743,9471743.542252865,4394251.631831965
6611470.797692804,1257367.4981688412,3345435.8013983183,3069226.3970821397,3647323.9640676817,8782466.28136507,3158894.5805483167
3692530.2198044243,2464685.0891815564,7613089.67441606,3252978.2220876478,3387996.6975924727,9543810.77990079,3475575.3877319107
4883946.861652959,2277923.829906084,5533006.907927182,3479353.5431173807,5902213.590886968,10537160.027551908,4292724.184048368
6348749.155070197,1429250.4464541161,5948759.11935592,3151690.7302261973,3594165.5793563807,8953105.225766601,4081033.618643896
5508273.042092724,1696281.7108057009,4441139.253320834,2551209.9082034645,3951734.2941268547,7528752.866018704,3899838.1885798667
5112569.384281213,2100329.115594861,7408898.456337677,3038797.862386248,3081557.697512823,7510325.509058542,3584676.3884209627
7786828.212428093,2550631.0341503425,6762707.306723187,3389953.4617233817,3879334.938764043,12445739.682356324,3352997.7244388578
4721258.951571452,1478028.6587160332,4809148.40592973,3297267.4813314886,2745685.2706194352,8123694.7135342425,3475883.4079480316
3562809.9982112776,3788619.304871376,5057880.641655471,5817570.710130266,2682149.7146894094,10356210.575240318,3845178.918749357
4853468.29444758,1819795.3850164665,6354014.829906495,2399583.3924399745,2614090.625651545,9825190.427728713,3160007.8874105294
4288493.52707661,3226315.1273689773,6071164.891037373,3459818.7260400625,3453635.0438160747,9844063.411935603,4394428.119725153
4521864.40497892,2572146.970056255,4735999.441411171,4130231.4982123724,4558964.609004134,7547244.199729378,3185814.7486788505
7355376.722895289,1584513.4616097012,6651768.715127323,3226492.8946131114,2817021.6529043363,10338313.805882521,3105564.5331098465
4895983.605004177,2804148.795455118,7520240.276380535,4652683.414867833,3758974.1749290815,7293211.567366367,3826708.919752942
4453865.942241654,2936781.626740638,6904585.846762665,3464957.20869716,3138331.2715210645,9865173.927873276,3340463.751341656
4897323.8763370225,2872227.834959513,5164339.850183794,2543376.140362288,3530077.6648602076,7461864.543977485,5557971.293013046
5749922.432998527,2367509.3926426107,5628936.154403497,2847594.604286346,2348116.534508768,8554371.66034764,5456711.7973624915
6788946.566018945,2323136.3068688205,5337022.928686565,2779223.3205316276,2657001.2452156553,8257539.755580755,4312228.184406757
7661888.259638443,1882758.9056670726,6053556.063653156,2850227.585616439,2602993.844043223,9023913.560392134,3737726.1599670537
4792919.201349709,3145728.7748568607,4382903.477264262,3129023.6014100797,2734009.2875627857,11459841.074547019,7151558.610248845
6341824.063517668,1819120.9790223865,4919287.461170756,4464306.289301441,3135205.7901385077,10471651.847298417,2751540.353487275
7991154.654668071,1797267.404896857,6701652.947455529,2810204.8170283902,3348266.046562832,7145007.256297525,2495975.100825167
4784934.629421174,1691484.392021945,5519938.696126493,3035201.9742470663,2948355.7803259618,10253624.577073796,4267258.2933107745
5660134.838676373,1830022.8876698792,4935161.067761242,2906857.1124271224,1978324.1197198576,7272111.07968458,3364566.367692211
5764173.634737142,1270093.9216241231,3722139.76847266,3805869.791833792,1409571.8201239253,7498633.064953513,4855094.319168402
