importanceWeights3,importanceWeights4,importanceWeights5,importanceWeights6,importanceWeights7,importanceWeights8,importanceWeights9
4.520176741084798,0.19309712466573603,0.1915216155863516,0.3371608183481844,0.9555939404043354,1.1236692149203125,1.2422179384192087
0.31385410778950584,0.43278061566321063,0.4668920343779863,0.34192691142957055,0.7431441841975249,1.0046228643007684,1.4310869777221042
0.5110301837815496,0.1753545611882703,0.19432696045004644,0.1398307887638906,0.1655851506481304,0.24223384285466038,0.4055490966373647
0.28640004742122144,0.14129625901689932,2.8810562538816327,0.46183810348437554,3.369045484058679,0.6553623753022814,1.8134254481259815
0.062051619126026476,0.1843435205360384,0.32934716832393723,0.08301212623066656,0.7764813146210091,0.2545240521515445,4.360540672036909
3.3786621752877304,0.04043389202336645,0.1727261935614555,0.1390443614032764,0.1818088389707889,0.5382863510425296,0.5318173957667461
0.06805116398420882,0.431250497956298,0.45764304371874065,0.30294120010225856,0.10438591179416018,0.23118473016847896,0.5478956584457141
0.6212042760917357,0.06641003694318515,9.513998176851782,1.5152960561145483,0.09523673867634472,0.4770088650667988,0.5987018454365153
0.07870926467751886,0.012645554281069421,4.082883932339532,0.9919882790674981,1.15672323668403,98.65434377729335,15.037419958393189
0.17493290880169707,0.023646065188845593,3.5033158082992104,1.1534937689170315,0.062473528403630206,0.03854637193976645,8.09124141433719
0.31012402453972115,0.07966776036511805,0.14445747303244338,3.7590517075536867,0.01673253071539132,0.040171519074058165,0.07141057333336691
0.023857514978541924,0.07747122266620757,0.16544239235445202,1.3411443710567141,0.07650988029551858,0.13546954349894855,0.36449103819706385
0.307138925292739,0.17588354409326218,0.015564015681800021,0.10154857710457474,0.10696050126219091,0.08495100118445538,0.04861969060531579
0.01574409778985109,0.07197968122610918,0.0453551344516922,0.0066731419564978476,0.04769957861299355,0.2406637901143476,0.37063303624883304
0.012852396434018353,0.029156406691242323,0.07932022402177506,0.06785776001446756,0.006758811827223613,0.02303472685650301,0.043197170934029444
0.5425297941472925,0.045422662397811515,0.32163544870503924,0.07875210865012808,0.029462469089678634,0.0598038772325833,4.731988590157362
0.016576633817851877,0.017530360284944303,0.019179794913567638,0.0363802693406434,0.1302892822861525,0.03496939947303913,0.03251005711808551
0.031043751614739417,0.03151517643223977,0.006087008671713689,0.05870845804349775,0.23683389908260277,0.055617005473680745,0.04445848241202081
0.08192091581951343,0.039873795924780776,0.06356015318292275,0.002939293857086382,0.2260877556594416,0.058018521453842904,0.08551337152749645
0.5214176339496573,0.08891627147204795,6.021949468815521,1.0327632370290876,1.5419211830000796,0.3327735310593662,0.23933245775280274
0.39725548178631015,0.22336501031380035,0.34369187560246334,1.0093057556100589,0.9543346328829502,0.2816551065409944,1.3134595143692362
0.08578661795131039,0.06779173815776755,0.15530746808668272,0.5010615263947772,0.7953072569557729,0.43295589891534075,0.65086872347972
4.866929004967366,0.12922239887448414,0.6978199242784134,1.0171305164130173,0.19762133758844427,0.3393289309355424,0.6665000247956762
0.09705506783232244,0.15533810553627686,6.791954369928877,0.07085710306665484,0.041211018951276226,20.71128126852507,0.0684528913139323
0.055093507634960744,0.12351038034631087,0.168091222741627,0.054659103022825846,0.0357050407743012,0.4017805622945134,0.10715337259020766
0.07908524084539179,0.05180546776449317,0.05978606288314272,0.01613162102460747,0.16009918763952194,0.03542511314027726,0.05882213518444857
0.04926861342187846,0.17220558347304396,0.0641307664692282,0.2578040013419628,0.02698481948795973,0.4412510005230643,0.1479865190444838
0.09573626624988937,0.43519963954659874,0.25638495038590603,0.022702004059158495,0.11443812813627803,4.750360172721677,9.009357255184662
0.02729174764019962,0.22283278589089284,0.12649992396383916,0.07512913537978022,0.06274855264657618,0.07216416842021212,0.026114982471388104
0.3488429126168183,0.05085304545670162,0.05220445891226109,0.04193524530972715,0.060149631693141296,0.6521048120003867,0.029643828431620802
0.7054620669722622,0.3823951472958236,0.028882705069231136,0.38709366114924454,0.05848037567659958,0.1724908752643177,0.0176166099580359
0.4704282228395313,0.035603805025969146,0.028466032524361307,0.09092342202843175,0.13758254389328475,0.02732839716818648,0.051529776420578516
0.015228744647566963,0.04084360235431139,0.09161053182735204,0.0773063330628111,0.020494258603419326,3.1693246952607113,0.004644480938017831
0.026864468888713935,0.0967449198443162,0.05189779383519576,1.2943396229340856,0.008682867515089088,0.19005356055824468,0.019133881269327854
0.04873116204840899,0.17803301580280426,0.061841515424800084,0.033049568284772304,0.12477607218452112,0.10152890134772717,0.015238127760943406
0.3541760984887024,0.021798953065849204,0.19128736109629121,0.03190943616959527,0.013932394950835855,0.005268904262101852,0.007077768004318901
0.058304739768821875,0.04838608961319711,0.04722090424944168,0.01469929159906247,0.07046737119745743,0.026228655419067805,0.04062867793512408
0.07661063997308282,0.035062374448035186,0.008561867169450654,0.023334952241933035,0.010533557639989753,0.022673105060662543,0.08412393785751444
1.430956992863944,0.3373678253296931,0.17656020212310938,0.14909559929001132,0.43285536101128164,0.9324780618635657,0.719348649505333
0.3520790751444986,0.3133676521814853,0.3453817058311205,0.19277989934080214,1.6459445011062355,0.311107362058889,1.827222647814378
0.1702831514536883,0.3024479392020026,0.14082102211328557,1.7172021655495775,0.18369187398414746,0.14242572102164341,0.25831595347343456
0.1576282847498186,0.140100969924665,0.07259248435166987,0.30529146709593863,0.2130059090169154,0.11992875594423173,0.13955121576275908
0.11915831947471185,11.366496754270875,0.1553618454616159,0.08375401601562994,0.08123404803822783,0.24369488381798823,0.0354910099639533
0.22913449128403096,8.882756233017608,0.04482587876168853,0.21417309829991052,0.0292161567818584,0.1757604277037537,0.8651471155503668
0.4734946360661453,0.24847135297275794,0.026885711565285873,0.11406677841569819,5.454604165624172,0.11963237306281886,0.06675345744312472
0.7682678358328607,0.045481985777556355,0.2204698255587537,0.07984744806541771,0.060169909073224365,0.13095021876808657,0.07698130381593539
0.39960630304428985,0.1477111109531013,0.02631299589543101,1.0818037092038513,0.0730234770241199,0.07532921525857106,0.24310466851758486
0.41340875404853944,0.09542612172347929,0.11640135348817501,0.07870861084500433,0.10672109571708023,0.17488107586671633,0.37289508511843145
0.199732044218146,0.11522954767587341,0.25559111259645273,0.017366570499749923,1.1364116977489103,0.36614986445502234,0.061939682709396746
0.0978595111102884,0.020057432351418065,0.07742911763756287,0.018954721971313784,0.6507517779843056,0.02496577568197034,0.08789284605748347
0.042466477162551496,0.2331235528337696,0.0484575956774186,0.28740007219505603,0.051916331590487454,0.2996404064470603,0.0639071064899185
0.09112166902533021,0.010432563777102279,0.011630424060154097,0.06691460161905968,0.02172066765218281,0.01441029045218937,0.011012182538196476
0.10813691220541484,0.8368588692743567,0.007691636999990679,0.09434821007820171,0.09864034977844953,0.02514981437339837,0.11602987826803131
0.029017643014158132,0.008020257475348049,0.35524323025275756,0.24832968806246752,0.05764487455212381,0.05391498887056516,0.02920847201931707
0.09833798295712935,0.00794034827544886,0.07281402436644208,0.030481034553425834,0.012326567706349163,0.011299478227618311,0.023917608511802784
0.007105117646037854,0.3680117664977679,0.009580927774307971,0.12102495203731653,0.017851132362058663,0.010749503898780516,0.021106983381044248
0.026140275759621395,0.09007830312935768,0.010335717074974849,0.0076515449612306365,0.011248554418255126,0.025461083978788195,0.9820440402605999
1.48323514870558,0.2874189214302876,0.2097104800098629,0.2117501185071895,3.3917680367889913,0.4286534915858433,0.4860760314960372
0.6147993340591236,0.26094369997290523,0.3547192894553368,0.7077832279711814,0.4961769215265448,0.6224668736051187,0.23799358145178998
0.6679081968560172,0.14926789818756056,0.1553747936068321,1.7092528991659233,0.6738689118496551,0.6182838941595797,0.14723830814667863
1.462595764419745,0.0652773284669884,0.08764685095613259,0.16907998417137562,0.25458163954419444,0.24213645323888827,0.07064400466741011
1.33513098906407,0.17061111071271987,0.035492192285027126,0.14665770889209598,0.1228281207292308,0.02912934781136692,0.10149624944576914
0.13594234319977225,0.027721953520718403,0.12227357064893589,0.12302563525047448,0.48175091419317323,0.05891141882789228,3.794174335193082
0.12707506266081336,0.14291187357315233,0.05681245164880481,0.04141836192095556,0.5198799114458389,0.17945680615486034,0.12016320153231917
0.08004505773138872,0.04058309404966548,0.028597374946973373,0.018525161288677105,0.20033485662537992,0.10269231667012207,0.034475388676245645
0.04244036689526952,0.02640600921919743,0.052483349306066414,0.248640743904141,0.11502122482386687,0.4796111037839156,0.08714945530538365
1.2242736150206686,0.02241588063127988,0.4059598309050127,0.06950148116771813,0.058859583457394934,0.17235331519634126,0.1982273578590906
0.03367563303936054,0.0034549741942745903,0.09346003959729539,0.022176445302472193,0.02661568582950179,0.0799931970323881,0.061691785303889614
0.03117207136273162,0.013821906305367589,0.2071957829537146,0.04181675905857344,0.012394474277140416,0.022120112619372703,0.03175143978040606
0.008737863174676352,0.021735194713689933,0.02210768107445756,0.8206674261715255,0.042382426497392114,0.1274646495418552,0.09523894221067117
0.046038656517202445,0.10810720112990024,0.036850010885732,1.0579652957895345,14.983623684963673,0.040404534048655114,0.03888915612227893
0.029516953214367106,0.09854579337521178,0.22974198300486606,0.08530739035717681,0.08886277094586248,0.19852127028995237,0.019116926889616186
0.013431980558915561,0.031425738859902644,0.009368423168360602,0.018007632443972344,0.27188996773158375,0.045229820561121264,0.030306739493991198
0.022732279567135874,0.011652023698111419,0.011483243506579397,0.024517222414136303,0.2974747943707951,0.04543627429194084,0.027499000678811725
0.021701322739275743,0.010390183580344426,0.009852572996826684,0.006436944185672492,0.024416423382843798,0.01904615162583734,0.07719144355118357
0.09847463834012964,0.02636922618249101,0.44654876348360395,0.016978123555045233,0.06195115162511295,0.008931922415939363,0.031169196836134786
0.3433027925625537,0.6787570527675104,1.122119013274667,0.826867679489154,0.4621767797472089,1.4162221970243718,0.6928687852816962
0.13743654995893065,0.20442211772015945,4.120225294453897,0.6942866658979897,3.8722951225657103,0.27325404299932365,0.41027014269795303
0.3657700672123704,0.41258790155369535,0.08612914652742719,0.8336941773192401,0.03326781842266014,0.12281372113805512,0.5197751267494685
0.12053272381546051,0.11156667978652075,0.06466591651503448,2.175196895592892,0.16038995122886351,0.2962080004513835,0.5933053448954655
0.03199946110940445,0.13574053957956342,0.06237975001870158,0.16106629294945105,0.42807844378877735,0.7240481523377824,0.05642665051778155
0.05004026494693541,0.17895522138502123,0.05353628610956603,0.054908414668662725,0.28293665654396144,3.8800634630722226,0.16353539117303983
0.038176453546903015,0.042896687140600936,0.1560247796090617,0.04293381861364309,0.08896100815478841,0.11393373118068108,0.036624693159571856
0.015714776574408222,0.060137217499212005,0.026984066594545223,0.03913001529400706,0.14754040136725605,0.24260119230907484,0.0424054080182236
0.026094784212751167,2.720389121254751,0.14872671034613139,0.10564871375910775,0.0356632181531661,0.09301206735835545,0.03826368946536778
0.13196502674551963,0.05143340569567642,0.45957748899928524,0.19286720348799938,0.4816085610490947,0.04627383352671879,0.09593980137420527
0.0739860936899202,0.025475053870289276,0.023333412363327102,0.19291123248622283,0.326061173559793,0.030023423747602848,0.04302772936788077
0.02071954875078534,0.023716812650361786,0.319892105914901,0.6542013796591034,0.01725951956902768,0.03364136480619862,0.013737662726511977
0.012143596810352996,0.031156635242337482,0.05305307470347116,0.12696357186589444,0.013830874671731207,0.042952814390370235,4.170147223394769
0.017657848646590448,0.01033524377839357,0.012685352589291645,0.015981636557207187,0.12623571729142458,0.9277981457067505,0.11100614186111822
0.02178908481093698,0.00930740407410295,0.006894012014125449,1.242341349009722,0.05763568561833811,0.015751217611338353,0.010305438548084663
0.20685323006871098,0.008914337304943364,0.011732049344526556,0.12792138564467834,0.09373734086496137,0.05267395936358457,0.008929408306685887
0.025135660727573773,0.07316974699660173,0.05867171826911808,0.061434160927814334,0.0404123302730725,0.18315012935772135,0.10471935256684649
0.03753951310508118,0.009149032341821003,0.034259656101585885,0.025567903398683776,0.038922037211008766,0.009047589402341837,0.009890362996085303
0.0255046837356768,0.008448883480537494,0.0344279484383823,0.17088859213265264,0.011442039010076524,0.03416622233146801,0.025322583153155102
0.6510028808628185,1.2686372043801475,0.4549481937648933,0.7619091367874486,0.3506502128470089,0.5481375607197392,0.22987776967317786
0.5535580785733465,0.23798978150879727,0.6211095639723918,0.6498547046977586,0.7609671195823705,0.16102230011832785,0.40935141731186353
0.15423315960058187,0.14976491932498173,0.13112104637908215,3.7852588138669088,0.6076150255993621,8.563472746869596,0.1537506730785528
0.7080403273410127,0.56141865900047,0.20390681737885705,0.12482429352458897,0.3295879105375132,0.1830651562844497,0.08616136546379083
0.2261393596529368,0.036761001107483225,0.2294091490075294,0.06105249463528365,0.08680417166375808,0.22988787174880848,0.13611359814185228
0.17464535664877506,0.26241527438280604,0.10299242341457386,0.6235919619568538,0.16788570038910616,0.05231993148873648,0.46363684964425256
0.23610757947844688,0.08388967988214582,0.02914637357041154,2.1739410105432815,0.11439661555368189,0.15916960586365184,0.07257647972555674
0.0561583039657766,0.13926216282329523,0.03518418088800069,0.018671748407538113,0.08701383987364873,0.12499224024782159,0.05070602287933624
0.037824907200735544,0.01656609874538407,0.056471197720965365,0.1028895185887254,0.11647616326806347,0.08486472958231069,0.12573565332362358
0.04200057455826219,0.06019388184186929,0.0892017106210427,0.027199672517351458,0.03938740665714527,0.09432931325765304,0.03445939658665136
0.05935057763648428,0.06554109239770715,0.0479890484338643,0.029758290099117228,0.1676566473671685,0.02154334402824405,0.06449890548569998
0.17001499944585557,1.0975829354472177,0.06769849178771355,0.03132684869634155,0.011940044956811793,0.026834234502989444,0.012725885705556616
0.11843971894745775,0.00960280528073344,1.0375766271647557,0.12395603370500878,0.02610428806367589,0.09603292886383118,0.024562538415591563
0.04393624849303546,0.020539220721862254,0.013598756318229755,0.023011130882102045,0.02370626247627631,0.15421909154889749,0.014957201782668704
0.06027824615435945,0.010863010099373611,0.04100300659129181,0.009886312285877387,0.016934173276837588,0.2404014751541057,0.051231213949513174
0.021838235545510745,0.02552961424979017,0.025933399881438095,0.061226197125374054,0.007548492438296277,0.01732530422721254,0.06328775988555534
0.03017827775712228,0.007747172777674287,0.04263511247471868,0.012272167894594717,0.025259868144810484,0.009685689511249294,0.08245749015479181
0.38379969766297617,0.03444438825698338,0.011635169629489487,0.019519121449052896,0.09853230813522786,0.02924734323493492,0.022569621701753907
0.15938354480682798,0.005572495693142493,0.0038100853198182886,0.07974813295583287,0.03010998396190304,0.9257016539420715,0.03907568634199019
0.092156630028383,0.2866118187665405,0.27201179334742037,0.11858447156052426,0.2079235026509804,0.5125252928267797,0.447744067784903
0.3240965923043186,0.08173922562111006,0.12953662438627128,0.05765774128658557,0.1543787353264508,0.0666242879064336,0.47309743219216055
0.27463264422391903,0.10649667874703878,0.4702116016326946,0.12136606646045976,0.23205485746905094,1.7198877224798617,0.05630376446957808
0.21213834710552737,0.045551316534335216,0.496042382453556,0.678317447004587,0.05083519833659973,0.10286112396637,5.276149015345242
0.18239245968012377,0.118873608267689,0.05254201153470556,0.4510884633303534,0.13105283272953827,0.1651890951505771,0.10515204348915638
0.06405444672244368,0.04528184306786864,0.2314910080645786,0.0454092094326831,0.06116213409862254,0.08258447113241808,0.16255253441152487
0.1668159017961204,0.042127634849559656,0.022797315735323592,0.00974046359851952,0.14329356138692304,0.12989598608710703,0.0428202786676295
0.09634776494056628,0.018378362772996676,0.033960468708752516,0.06368408471273955,1.4805151867582331,0.03918670954564293,12.77600138027969
0.0677021717928621,0.11572535860811492,0.045311374837135314,0.021402930252023472,0.1994859358973669,0.021848026588712963,0.12895291127679387
0.12531128089305668,0.03494494299716771,0.07257047225716569,0.07616969794569878,0.06449960252813815,0.049737421730044556,0.07657834302256909
0.011726266152693095,0.08921404127755606,0.017433131861232954,0.04773712433282534,0.05564884167110676,0.0185182783961637,0.034659669457165365
0.021338866395246618,0.022013816337160094,0.052517069151513954,0.021931973798810296,0.04814201770354476,0.011538350383293667,0.13145911505949676
0.02217137640090598,0.04848911678583204,0.01048560386912124,0.040572928293603004,0.060381329395405865,0.02541038780888887,0.26307967616804107
0.10101632777280907,0.023127703525464588,0.021190782162658434,0.02363259558933479,0.042712953644250005,0.01817762137975874,0.029496399132639347
0.02297161485650784,0.02838703527427178,0.022290168293210906,0.035151859215226004,0.026424074303308433,0.05429367935625986,0.03626887170327141
0.007075699602031062,0.14787565418813062,0.043867475575259995,0.4778130106138512,0.02779660534585339,0.03272559770958911,0.042516492417410845
0.046200313522561036,0.07600045320176958,0.4709944445165084,0.08717724656867679,0.11584516492983704,0.025164804059615183,0.16699736803839438
0.022909760127300473,0.011518138055643267,0.007254597560127489,0.027420156047994398,0.1762374405436214,0.013850977799783197,0.008106388111315019
0.03394260374003243,0.06535128573472514,0.028408600866692234,0.004435014309499618,2.987688662049337,0.018855954023211254,0.023971074404747397
0.2123648524205261,1.0762100985119616,0.27283028636060336,2.063454261120657,0.24357193625536516,1.4890533385869076,1.5168176749736828
0.12696116262414273,0.6399016972961626,0.24353246663050218,0.2730876250385905,0.08736999749532894,0.19671857514136112,0.4639943225658087
0.0412543856624678,0.6249930198344634,0.1410635781075828,3.644737799967624,0.47015416893414874,0.10714055766444183,0.40038762652885895
0.17411960398296808,0.6176368771436165,0.08102260650569858,0.19799709610542723,0.028149387197219464,3.6338196833642615,2.046959961483929
0.025646625926158767,0.3415378518203883,0.2304332522414639,0.8968407135594708,6.037719081812118,0.5066313746741916,0.07921212421982393
0.04555962059601011,0.5846147745286215,0.12881155288931725,0.04081369630102117,0.9418864540302468,3.8453573916361705,0.08612790169822143
0.07196294070258856,0.15308136540492565,0.15987789430062918,0.22438768398758696,0.04889191192257611,0.14804890527104494,0.05559573669859857
0.01544937536798217,0.05801374515234891,0.10833285724486881,0.26848566329098983,0.09564312144892614,0.1751431488291531,0.11513203712028319
0.021799398392079016,0.031626591123448726,0.08100651494162965,1.0749845428166256,0.06999104241418681,0.19428372454893242,0.12205604084198489
0.0874296375882136,0.03214801690458792,0.02812260837394666,0.09097936313124456,0.05097014431787089,0.1003376085629268,0.0776704895361916
0.03566882449100803,10.318237182653382,0.06003335210919559,0.6931725910431549,0.03386215996806054,0.26271558527321326,0.18433159330343174
0.0976585384715564,0.053638339640101576,0.054788626097376905,0.10323521708163404,0.01169756720204181,0.06349561261733476,0.023514975840006683
0.044174198687935005,0.012860960966332208,0.010307789352866553,0.30572192962765465,0.05564733851263187,0.21700177651978347,0.032861811571526976
0.008698003644568734,0.04826812995754755,0.029139131391878598,0.01077306052252104,0.04503843607546659,0.21924128869809523,0.4309398629989381
0.035021531815093834,0.03264361032814781,0.021450383169055655,0.0429787893241572,0.03159323498361363,0.02461343968532101,0.06937306604429563
0.021095372121437923,0.0042886708657719095,0.17324387192334204,0.3864437280796834,0.043291615013871,0.035129698929805456,0.981722086782259
0.01886304993388794,0.015019303843588296,0.013455677083724464,0.14865333800410757,0.00994370280853584,0.09438934340308358,0.03198731882603634
0.004679948067831193,0.11427215585316298,0.009097486283049419,0.014401283279483977,0.0160005047134082,0.03484837890766757,0.04415093570922211
0.017403860052474133,0.011713057544053095,0.00967911694078069,0.028571071969238897,7.18820094193869,0.05543197545117062,0.06980970686601239
0.32305409358073134,0.2379368185076015,0.2346685253265058,0.9173542751673042,0.213127772167554,0.5364327271324782,0.8869750804850596
0.24226903153403184,0.06156268997444626,0.30611259589190193,0.29804564560956576,0.33419634996532444,1.7474282127808747,0.6322518235380351
0.0357702014562136,0.09367261876195661,0.5237654977609347,0.0676970269078372,0.06369314544197287,0.35607525342577523,0.20280394878836167
0.06963693339703185,0.0929574899536534,0.0295107076337282,0.21878756256315676,13.589537297760636,0.28149085636825677,0.45074738509396806
0.15392396233250366,0.09576025918407818,0.05854291931759262,0.18113822667546584,0.15351921875631908,0.673759072476863,0.07083199276141501
0.7667656078793633,0.2547229625607501,0.04504617093000159,0.04053145419894297,0.6455231707890159,0.03331322272606066,0.2057514663883581
0.04255030733026302,0.12182288816292046,0.021348129647754087,0.020556884505294592,0.17786715770358053,1.7095714859284723,0.07156712544207976
0.04500656992148847,0.04125468474418405,0.08418124149912021,0.036502654091185194,0.011509925057235493,0.05489116302125692,0.05668869675755278
0.06222135528058135,0.02890474428463645,0.11971266582262408,0.05490770579033065,0.14519682412065357,0.02966377297753762,0.07548099866522484
0.033826290431668724,0.11211094855229325,0.016203340220759126,0.04813107579917459,0.3229640414181802,0.2634978886862399,0.05018104828548111
0.02181400484363843,0.0181543130131886,0.0830528399421508,0.016327116230067964,0.05274146467472797,0.029379467133244703,0.024873513889360974
0.050347148142552416,0.0143762334647944,0.04753672503152668,0.03454244078487724,0.02403818627042096,0.05315210518371467,0.014645234978602142
0.16916402391547744,0.15372892364554844,0.03907738692600428,0.34471056500443154,0.18235694248397938,0.2776843787600193,0.0804190219766346
0.014515654415442303,0.6911397828040332,0.09467539331308189,0.026689631179927616,0.07125957850892589,0.02539879873242281,0.024107589785147578
0.02377974017556108,0.012531561047959295,0.060420862806750075,0.03380889746715494,0.3038736348307195,0.057652536224888466,0.006259622762894933
0.009510827402069584,0.01341798146165267,0.023984861168745007,0.043266691138829666,0.005641952611491703,0.04916606882710191,0.005495586818585119
0.017807065062232112,0.012336000399626615,0.04475870574052538,0.011332361984404677,0.013341784007696662,0.01287950456000695,0.01840947708835572
0.014215441933329036,0.6553162281064903,0.01814351658943608,0.04908407042915333,0.20045749167526847,0.07304408964904967,0.01674459516677384
0.019201009633366184,0.03529277390841295,0.040060595766160854,0.02634330712125136,0.4128779036509737,0.04154919132129417,0.02076028579391439
0.08079538842834219,0.55734281516855,0.25722646294229085,0.270138062795015,0.3129391598212709,0.3230569611484176,0.1117653171833699
0.1899857094678819,0.1336246095377151,2.7137897571189753,0.09725711324790522,0.10933118541884157,0.05138431342518132,0.10517687366520687
0.10452309972448157,0.20800462208858858,0.5298802678039516,0.30089756108650095,0.2592455603030983,0.014931844040509784,0.5050496292507084
0.1291480319942175,0.08419968296399521,0.10348953342066408,0.06761028845653361,0.0916521906746461,0.17019240276529476,0.10713020255555386
0.42276244097077137,0.08600855434165797,0.17834180158291868,0.026663919111452168,0.10549346721420601,0.10282336979395457,0.08954965490131318
0.059545455727423056,0.07685666244751156,0.025425485284360505,0.745459770001338,0.1810000489152119,0.1172390565100246,0.07836981208811977
0.0371488028483051,0.07244852309121838,0.14040887391079448,0.05316988013692102,0.052488103730321936,0.06003947174198443,0.14861083869154823
0.09833669074895841,0.05855666508362697,0.11722629619287936,0.042920838610839535,0.031640609794342245,0.008715096267637784,0.2572654614040655
0.05964126686832887,0.08678305673019089,0.024822763990935224,0.03148491078108081,0.022678050226484267,0.2534155449249372,0.17025019791556
0.09820886579561065,0.020242587276668427,0.04084120675287683,0.2185316377166926,0.02559281900960874,0.10847955410736526,0.3252504248280376
0.01830419056712629,0.17378609142970236,0.09912367750100151,0.005893165896798082,0.06291685554589603,0.33328574990892673,0.03908968958757242
0.024299864282311526,0.6077337751974299,0.0796926455229032,0.026100720656215395,0.05493902004969191,0.12216084377773545,0.05257767075654502
0.02059867305189448,0.04378054247744631,0.05237016173488248,0.010389646634515609,0.03886341730212778,0.5566993033438138,0.2410544051500664
0.1958468219413259,0.022774300225434564,0.046627681162824564,0.005741589531490332,0.011990153669455085,0.006093180191069608,0.031356004045380095
0.062227788876864865,0.02986676905749855,0.008300947939134185,0.04636149521180129,0.008531366851063368,0.06814085829921068,0.0212702563267921
0.07731534045289798,0.01626930065692368,0.022396427510142838,0.024692285209266876,0.016374531148933093,0.22977909755276213,0.011788474689958497
0.016983880864868586,0.16295939062514747,0.0570413102496957,0.054872002012900385,0.007411883253032369,0.013574471683415645,0.21520511779435206
0.02465492830156386,0.006153225287869599,0.011025158246009954,0.10353624005010868,0.04247519950528695,0.012293403066528801,0.04186628596603938
0.05857006608106493,0.021565327601573214,0.005849437165546058,0.006512894579682651,0.005803030016063653,0.014966801096351281,0.08576466028908722
5.030174128684028,0.3834903621075207,1.1299112893248622,0.41553991746731417,0.28871006214788203,0.62785750684412,0.19446496393400792
0.048750829365419315,2.8107789105065066,0.1576954011019949,0.4304502212918809,0.1587608179941317,0.0938014806306972,0.8412521219427198
0.03817668536135015,0.2602624584108687,0.12510999864099392,0.054587114043694325,1.0265037970041164,0.13895526032891742,0.1125174257646374
0.026965759114447065,0.6610534585842645,0.1804547841625654,0.24628888794731102,3.1918076256607133,0.13596712141048223,0.06377908018866293
0.031025432546982853,0.2355091944950162,1.135003587596288,0.13144333973129435,0.09741225343571994,0.06395919767504865,0.06638084733587349
0.017213383523805137,0.156764140900667,0.28737051294752525,0.8167470812897923,7.973800031752708,0.07010041232768587,0.012932102023873385
0.020349318209274683,0.051243277478472515,0.014728577056621873,0.1334659438993583,0.08531652732106368,0.12236379648634212,0.05919284624681678
0.05334748316232154,1.018786720711283,0.08987329853731732,0.015732126274263583,1.1909226220294984,0.10792148811829493,0.08470551027475628
0.8408850112878016,0.26100468913133174,0.05189250014742952,0.9810107137692451,0.035787157678096725,0.08879479496043437,0.039589153180691956
0.010067225677105295,0.17167842836797306,0.03230591303647735,0.04143322650386666,0.6347888095816796,0.9704128984684028,0.053984337437213654
0.051984097181493695,0.012135187180700514,0.07073944258859576,0.015963244817726152,0.08713801268692715,0.11344804603391216,0.12096375710707367
0.004234951112756868,0.05502821105711605,0.03815381067000307,0.02373721982424171,0.1579072407557977,0.05194520291656751,0.02020374902971149
0.009155920760606806,0.00999112893334257,0.049552613078265965,0.04315348173681949,0.03460476532530953,0.050350717670405866,0.017934955088597344
0.10181866163813402,0.2712431168699009,0.07542009373130219,0.007204844838058489,0.07761663111229508,0.014099928475162305,0.01750935738928898
0.007998720434892507,0.054216883943681314,0.02203454189161937,0.007339959001557363,0.017701304377956393,0.016366897076823067,0.027611381985393483
0.004799520183438005,0.14309236624873703,0.013152883587300185,0.0298445254067544,0.18564275170394137,0.01727679022388542,0.01352821160640173
0.002875359730150078,0.02199583454858873,0.04248437535106993,0.026360459196164344,0.00772191974819905,0.05797072513247527,0.004190401850701837
0.013698609714513048,0.12224108430407046,0.02289763497158501,0.01675059160278322,0.024725558258648268,0.01823142749803135,0.01112106745865361
0.011367659433497978,0.08532362007156803,0.023123467565753637,0.010474512968568437,0.02864843462456464,0.0733286490301887,0.010207406505855004
0.8023057645216398,0.289547925444917,4.181494431628065,0.6239134885119003,0.43887607227198727,0.35571522072416484,0.3881749492137156
0.16220805581343437,0.3013022779622652,1.2361528712183194,0.08979018679440517,0.533472536808432,0.4597961653073118,0.49062305501804493
0.07008076904396429,0.11072537014812951,0.15201659349703442,0.2567280221515374,1.1766794334778066,0.08544463548081455,0.14229127810040482
0.16360439306021593,0.023775855054427013,0.04055413505120436,0.20625548410012717,0.22220245884247636,0.39272932186638504,0.13396941065718948
0.0878356091230344,0.1394207024787933,0.10256273577130588,0.056010693713060035,0.11027293408539261,0.10991271281169973,0.08437244293762919
0.12306784074933559,0.05581905801783045,0.22196295743467515,0.4785872891317416,0.18190662815667377,0.05719461379419141,0.32242732600212265
0.1502796553667052,0.016575368662824545,0.20247736364100585,1.830495327273626,0.06653091389064507,0.4103941778890269,0.06846224299961048
0.07694976339683662,0.06184383845087518,0.29145279916183847,0.1548161199639696,0.7564427847070476,0.31624911087478097,0.027686896633801816
0.043036477301058515,0.030045403605969308,0.06514582210429772,0.9823330066693475,0.10139150228080615,0.039939830013356395,0.1600853400026116
0.32113732546813967,0.04824772333442117,0.0537655754522349,0.061557412751695836,0.037099163928552475,0.04458821139309239,0.015569170571986776
0.07764678837606492,0.11097108494955464,0.0274425619336044,0.06909030491941806,0.0311126753097568,0.10148527690958764,0.15092360346684788
0.016454959559049753,0.11022889373357433,0.02320946247769582,0.23543009109847432,0.06052572001606867,0.17349400599065998,0.199002476855316
0.011944498121029384,0.01574860934260859,0.10753515689278417,0.05303041716564537,0.08733631699045269,0.17901291848483203,0.0275677828786909
0.014867049419438729,0.009918350200239465,0.15129861404601727,0.03519830906204823,0.05734396796826729,0.08008934003967041,0.10995689154283364
0.18030638564052054,0.011045598364951805,0.07227727005977305,0.036553606997658486,0.027646081839283153,0.05063492197069453,0.24731786710669496
0.10053672389572352,0.20595971770821875,0.007612958141341213,0.05693505829319646,0.27131128272362737,0.02823252970782466,0.31533552169936696
0.011920618766024939,0.02408142953295109,4.178750073269498,0.0262904269954349,0.6647047503015331,0.027064523427856386,0.05607924468110463
0.025591948708252932,0.01292919747341029,0.024171184338441214,0.058560494176211196,0.019810565043806502,0.03044568766167439,0.1275059160902717
0.022327745633242274,0.08148387552587778,0.010232707550516695,0.028411967724657143,0.016465696681247397,0.02802102303784766,0.010922261273468958
0.7527057583181772,3.77006580589964,0.5146181706088944,2.1715153666858438,0.349963000457892,1.1425545409472087,0.1980199036955869
0.14841100969345822,0.20150139385201726,0.09000141772292417,0.2953866038422139,0.1496085915775386,0.3198482810162361,1.3101633830028458
5.1593362299388446,0.15208916154542623,0.5922861151762377,0.21966036239517836,0.49452911293792745,1.9975959474054739,1.0114080049797927
0.08175292742091864,0.107741914868275,0.15310251380889348,0.18324395434746016,1.0169891996645355,0.2348500185164121,0.14649410983952163
0.06584119248099764,0.23016895203313142,0.0659445897446299,0.09755697454414401,0.4547498061895804,24.510309810049844,0.07905100891237093
0.01617504770514154,0.951577088637286,0.07252548067275495,0.10391201979691153,0.1324937728825864,0.11174071012341652,2.1250321309140294
16.56315198948683,1.6725850034570466,0.19996140231374626,0.07044323364169953,0.07623710965074018,0.36164466806076134,0.058918759149792915
0.017722784074717272,0.09607395696439021,0.08798071840838884,0.04032953731180347,0.05741299828007561,0.38087467795714564,0.04405967649569813
0.010748132429068915,0.27934590151707234,0.021764839226803577,0.12185005174327218,0.05484050720433514,0.07782923893414471,0.016543372557231994
0.008703863971692621,0.054055065472012866,0.01640913899626075,0.0516955333495521,0.07144943848875197,0.11079066005721577,0.017408638786983892
0.04738875115938686,0.02938046196378538,0.01277991526652052,0.03868594819260791,0.03852829054643203,0.022585590518340887,0.11698200900688195
0.03467449799540324,0.008956640601758539,0.03428030014910484,0.1072126510890056,1.9200750253436558,2.16644610554775,0.025043628500361615
0.05118652576123752,0.009987423430588224,0.046834521638065424,0.038420268243474456,0.03468783999503711,0.032087176750661674,0.01936936829332709
0.05424705399142255,0.013276521856740487,0.04679660664033542,0.03470260217769769,0.0189129951148397,0.5599232318303476,0.02564904217607486
0.010097810380541847,0.011375451270202017,0.009844985065751238,0.04784137123151439,0.011902564579135933,0.03158273324788568,0.26942623978613467
0.08029171001446284,0.008571702175804276,0.00969411524732369,0.08330732433669286,0.014456962936344856,0.026429564390297935,0.008415124764332807
0.12428835180982518,0.006422948361083079,0.042896405311520974,0.019501438424693825,0.019221706997351498,0.01924050143296192,0.1930793935678798
0.044529092154020795,0.02107348029538745,0.011795688710037331,0.01760249296658282,0.007147038648587773,0.03826457424233326,0.008032354907391917
0.08258462165178389,0.017968201665157155,0.009237743658416744,0.009765628133741442,6.479946895969479,0.05746615233514209,0.004545108699479862
0.25516972803725685,0.2986532752187535,1.0018798265285567,0.7819843315414986,0.22007108766202158,0.5290556304721905,0.4127989702123866
0.25641081353385,0.1098524767397664,0.08784319311573889,0.4755897748024347,0.07673218098744262,0.2763554828304664,0.34522243638891886
0.4086408221991441,0.5154225278497846,0.10281109212764945,0.20716167021856421,0.2953194944945573,0.36952013629309355,0.08458176424862149
0.12157265389196183,0.1308493459197662,0.1009736457514179,0.12773241792877732,0.07850728163304034,0.2941023079899552,0.08230878958096721
0.058206384351134684,0.16376315509846515,0.22798839113716382,1.4108133754188124,0.15682200276383798,0.23022382688023846,0.16127551293930947
0.038055464369072235,0.05895663105046822,0.10720751410704989,0.1323083999278358,0.07796455955648063,0.023911420618575402,0.23557337132393977
0.027206078974817766,0.1030161345306075,0.11106218867008104,0.06630245403827595,0.03331641117210824,0.06840438105959566,0.3252793295991177
0.014864282943018337,0.030123765880766852,0.1577084247426879,0.8733701963135955,0.044998398562900506,0.01247410282713132,0.07126575907701628
0.03362837414123345,0.09960012015737692,0.060255209163960564,0.1452355869838203,0.019487059375116883,0.15284375884174087,0.11365465327799064
0.01328513522861148,0.01981758742632431,0.027632037378414024,0.05475471988334951,0.009739153161171677,0.12482892547602754,0.07967772129341139
0.007523008215291875,0.0964959448048193,0.03108888810049997,0.028563723067044664,0.3202440949057854,0.028423594449175197,0.0582754900352034
0.019945900320946747,0.12015816707092328,0.02062302077611337,3.029591808256357,0.01750223864905159,0.013841951359363065,0.02475577886445261
0.04329338958352786,0.01316864611793868,0.11572720447773993,0.06023702744245342,0.024844784018778272,0.09509149459142649,0.0891296401792881
0.1439285472930533,0.6019277754606558,0.05993844833225724,0.0643133006717361,0.027128047643584226,0.0060318847692512395,0.026447354454106703
0.015958340528386232,0.039474962156575616,0.6898601269639744,0.006472721455107895,0.007279656671780998,0.13610821598604045,0.04893313461670065
0.32612497444386745,0.029516612151448896,0.3138151745728602,0.17821620910393168,0.03589971851449882,0.06118558811371841,0.01083239922597905
0.023722402852628593,0.10508412800648446,0.39300329050151206,0.2884890808011612,0.01493834839099255,0.07580433931892307,0.09350606292986857
0.002849717907444899,0.03018570210100541,1.1235352520882371,0.007720681114236061,0.03224765187759687,0.03663658517715673,0.021974007039359034
0.018546124340705645,0.016841505820819905,0.015527331646687513,0.02052952830046577,0.004584454460771122,0.03080618473047944,0.18953238039487597
0.4557319906448953,0.20822514013261378,0.802890916417733,0.5453843165305153,0.39008184933435086,1.5154228455672096,2.5262688453016087
0.06743240468413302,0.46951781307379664,0.13203640585649196,0.13787305372576003,0.2398311504011358,0.14751218591120488,0.14543930822215792
0.0450230766130955,0.1263827630384211,0.12956102579631895,0.6447965607389858,0.2133889178071979,0.5668661161874518,0.3451033292309703
0.10961645407642583,0.2734584891562068,0.6439379340656856,0.04177744497813749,0.32500009115807493,0.046454172528757484,0.10442920787259476
0.09495118994177083,0.052496870162752195,0.042012935609790844,0.14854855927471086,0.45478004878772293,0.01809370237666561,0.04158143285940532
0.019600249111248937,0.01853699154478885,0.3915509062998653,0.1512691812839334,0.07290242286822057,0.13590493346712118,0.05136020226149414
0.1563217283867927,0.19131375791604477,0.3056354560776437,0.7045169564490668,0.6316325787895756,0.21397145185991032,0.06464833938434415
0.056917815423085535,0.01484869408203375,0.021804773938634146,0.008339636197998308,0.10368407992113064,0.057119829017404665,0.05923878636096011
0.08397325499791372,0.08817409486644202,0.07724531802472291,0.26710037124963304,0.049455058176441975,0.1922302020803347,0.05938989936048006
0.020568380945611073,0.00901982993569711,0.0414601502655071,0.022870852387040307,0.05326629764889719,0.04644933020711617,0.03514236452405724
0.013417515217784245,0.28214971540698086,0.021020410326394425,0.01717308536815166,0.06678614516489494,0.0439017660562963,0.0425823424768824
0.003664315044657287,1.2428686359281023,0.15530767736128825,0.017604461186453355,0.0871176177595028,0.049289605197524976,0.0182238390885114
0.08058024480439756,0.019735828909311318,0.13158685197600992,0.09702967530000016,0.07392636932024928,0.016592069662873354,0.72152593372843
0.03527023024065381,0.02372366378834002,0.05798452723770333,0.0758728934099994,0.18546000340475655,0.00698859018929563,0.013492169996753647
0.02069111787734261,0.016844240673664766,0.1113865527341323,0.014150649873992496,0.14254199466578552,0.01890683127173095,0.10925686576928938
0.007821818403357682,0.01409208996691695,0.037658464184594335,0.016648185789554706,0.031261736533649394,0.03619877904257618,0.01370332804117005
0.00781533131301133,0.047636894454120594,0.01617900811945664,0.010055820156801693,0.016412269042596794,0.02456924755939978,0.3300205725661579
0.02937044413079776,0.0052713745214150575,0.025517051721138,0.03764898445455479,0.007212994387512538,0.030644591471851595,0.05513118950393054
0.037799679479644466,0.01077381883993059,0.5261859470830704,0.12795405220575962,0.030612026384841114,0.0507112550762374,0.20629933855110077
0.14646589615953623,0.4902838252494304,0.37898047353482534,0.3809065359037837,1.3480884091302106,0.9099189871503957,0.9069354665254142
2.0813995550762905,1.0028196858799354,0.3571491869921092,0.26357537285057764,0.3343215310634512,0.09247812991339598,0.06776796478289265
0.610107273620027,0.2525158056401148,0.0819139600495083,0.33876935026576416,0.12180446273121852,0.12133274855003157,0.6367999728248414
0.1530620614262406,0.07652159832343396,0.09685528139725172,0.17261302750120647,0.047827427995861295,0.05468609715479647,0.2617503541431819
0.09871464511052881,0.6500485164840157,0.42714420420310295,0.04154306505028189,0.07192855942132548,0.5658394736689322,0.09822192342199278
0.2420817064672061,0.07950039904581499,0.022302370311637797,0.17488473152674064,0.6452335075672324,0.04496199933364328,0.19903574794630277
0.08221644783116473,0.12163389094325373,0.14489162026748728,0.03654761957161923,0.5670000977601255,1.1021932523170754,0.27323142356264124
0.011558396376211068,0.049531666186897666,0.1848976090087426,0.03763878590251849,0.03247198671731717,0.02096964647569842,0.3205660223591926
0.09858290342450776,6.059542992960237,0.10762173798755935,0.01991656298861194,0.6305082522497456,0.02832401747711497,0.035821952290799805
0.007491858629439026,0.04716236808289023,0.014202277609853344,0.0506737213875295,0.04642885407438763,0.0962776115305001,0.04897793787444955
0.0955817597840556,0.3981241297873093,0.050139418408395524,0.01180829019021472,0.009047930522314205,0.24927144963128975,0.2625282501421836
0.08066205454231687,0.06510210477586939,0.054071517097494096,0.007398372057905085,0.017563670117411036,0.009367784480833922,0.04943799859977775
0.035646878192140324,0.019504826299628193,0.024025115909732577,0.006869798761322472,0.055183519207978704,0.07273405987106245,0.0587421830023987
0.048375797161285726,0.009903443645613592,0.1412154450766407,0.17755068741031954,0.022735922619051916,0.025862690203348956,0.024486534728696
0.1904429871538666,0.023665113581396117,0.013305027397993278,0.016367688838881147,0.012155578287038914,0.015231924065276192,0.1787195695957549
0.017947737654100304,0.011880228820663679,1.7646777435565264,0.01405220327793282,0.059218168018903145,0.9117364470938472,0.054527306475359805
0.05339891157608721,0.02126402237963097,0.017545440349189145,0.014565223288648045,0.009035973470689556,0.011846364808965596,0.020696581053014952
0.020346477703530815,0.06463929389276774,0.02141502101888604,0.03474346483633552,0.009880431437634653,0.03337198556839702,0.017334780490629625
0.0256398283844086,0.016217504400487026,0.027352703211804302,0.005593775772065623,0.005087939279408513,0.011011948695758424,0.02209844151799922
0.2505523194557389,0.558900073717173,0.2757710638313336,0.1661210757726313,0.44602067540897367,0.3262762408517841,0.2941373104213527
0.12865316500373705,1.0552761434784546,0.5347226557865554,0.2130289296350218,0.34338801788932405,0.18903954049094673,0.14902871289599992
0.11256284399442651,0.7903828295079268,0.35900918789102726,0.20381803234266735,1.5711035287657487,0.2582047973279696,0.13764122271335144
0.05743525414672991,0.054177995783053386,0.27089096492416803,0.29755324239304204,0.16882578247277474,0.0535459822585039,2.023067213244415
0.05439635340638835,0.06547985880801323,0.09297099171023501,0.042601162420351786,0.03786494646055841,0.07270494494350288,0.07704430829546355
0.021730848407969263,0.026531135726842438,0.04826087748116795,0.07325531854941898,0.12986352738545592,0.035438264724482,1.0971536083663136
0.06186199410273272,0.02999106495375549,0.0188150509086075,0.14834279187168486,0.087264051153764,0.04063760795302,0.29505775344609586
3.248229537066851,0.01853320713055689,0.01920378637799301,0.28525303528987916,0.17283484060000312,0.01373394611154346,0.10892465679331133
0.0792262579903291,0.021567049615880723,0.027786777438440446,0.019939080502305497,0.018934510914122425,0.049506754096239246,0.5263714969573715
0.025782962243085496,0.270465590657187,0.026633452132982273,0.24288116499385454,0.0201004911581672,0.38161106010954343,0.05400634635214646
0.03879006386510164,0.8261318847543966,0.02787007060033893,0.022550641929377075,0.1645691738343373,0.010546921509867071,0.043981501488222385
0.023266209019320826,0.044770072693779486,0.013546158018289844,0.059316009481755465,0.18969851503681823,0.01627113582324499,0.05130761399371579
0.010511209944620655,0.02695774555353362,0.027434939649495328,0.05796042634337994,0.22975526432708485,0.0367479014283547,0.3180911283329213
0.051583311728240815,0.01998409930009386,0.028611902371755867,0.023594012486573265,0.08660644791405793,0.248177163007203,0.01698658575486417
0.5656901770355867,0.027697160380492695,0.13450247691284317,0.012079678102864469,0.14720638373598008,0.019804011207649665,0.15406928496610794
0.005527041289485902,0.025204441922505066,0.01299241918894484,0.06760936243948933,0.23613804819332027,0.14961827606704622,0.016775060816516568
0.02305749560622206,0.038635781656942876,0.012687388761342866,0.02839941826190025,0.18069317296183585,0.024338473436571494,0.021355904395538274
0.020186204328770777,0.013611349171311196,0.0095912353447571,0.009110843037392007,0.024588465321470427,0.1096397514621434,0.07470782741060929
0.003824628063972887,0.015979996908561476,0.02356485802108525,0.010931024001693938,0.010928426388638982,0.1306238775620758,0.015840471552773464
0.8112333703446777,1.895701262715746,0.17935389135748636,0.5582431217930233,0.9816101875144178,0.6537496928284834,0.1576292927369323
0.5374193630994089,0.1188235974427914,0.31398114710346653,1.9970328489840456,0.27138336250428874,1.3045407949971581,0.3169158657422915
0.20783207665678824,0.05269604591998262,0.43341207100082507,0.04672074047265056,0.4349749176717912,0.347371116907217,0.16273031732119045
0.5286989192521503,0.042375130398656535,0.06984182204317571,0.06159841699827271,0.1955579948121564,0.087733885226149,0.12768832944006298
0.014745441375309922,0.2406899920217319,0.2229457647026966,0.02892273211727618,0.3278305264163816,0.1265571474789505,0.19411071981959055
0.012531885899720548,0.0386434104336954,0.01676655294558191,0.07054812158493924,0.06453782335064434,0.10563229512464535,2.239878079440497
0.037008425855700286,0.045768027694369384,0.017946445003567266,0.035524085438245395,1.0470309049511393,0.20737685874065162,0.0750689964254612
9.273974297222225,0.04381934506980052,0.016858047725797035,0.020730776658524713,0.08025418419271785,0.021090887513451492,0.05767119090250892
0.02692667659483584,0.12474770395154415,0.03563147605545346,0.05584442307485807,0.06961249126958079,0.04637328735107324,0.027782873188136832
0.038954631618707575,0.03414592679442871,0.03747555581182445,0.01049089683636149,0.053482003252245,0.02614266228570709,0.04762141384712104
0.02017459600072739,0.04225014650607199,0.010225571138509023,0.009160889948175112,0.022270939632527735,0.07348139095664925,0.13063997131444566
0.03327878793528377,0.1288969281306827,0.05297846860619455,0.03153800850989584,0.03617008723975888,0.044345151248479535,0.05074953431380081
3.378095443295541,0.029291011721206395,0.009464541516350572,0.059559029982727225,0.02425607953835055,0.015934236927084663,0.07162383893543693
0.02428739872324185,0.016973354891634308,0.011114306464307836,0.007944846129597982,0.07166639085888198,0.6696883296190053,0.05738816704315445
0.09399656433586413,0.03364396124139003,0.01910465771227674,0.017517735493635087,0.30384687870858523,0.020355187359363366,0.030938935188335244
0.023427135194513386,0.005403682213343789,0.03728676381972835,0.008873228203023182,0.013246914651464296,0.009284784388438647,0.038294756899956046
0.3576429860967053,0.011364192986129354,0.006908462156994431,0.03432037305857961,0.03064994469631676,0.03590506865672296,0.012364872511944664
0.017019271754517253,0.00604038064879922,0.1023289043219591,0.06811437272020476,0.11589461583135592,0.01190136730568024,0.044725206159037
0.05330817059236956,0.012724633268450759,0.007313963812045278,0.005375492969135633,0.7101648197803073,0.2567781572626365,0.03963159044696489
0.19259980837124613,0.15980923425450697,1.1927639793888183,0.7484146552902261,0.6694838739330126,0.18900852611975022,0.6961388171619697
0.19228157748757396,0.17567695233941585,0.1625003503401825,0.6464422562757486,0.10362764806176156,0.1699183028827425,0.12764188069750418
0.024095430201407593,0.06559823986140284,1.4088896291078121,0.3249219418098836,0.27698197812701014,0.1524156271278348,0.46585688802317443
0.14546676685734522,0.3671187297830382,0.14777829286968827,0.5314616408029309,0.08970102294886864,0.09136694992635848,0.07407481204939757
0.13351817294903662,0.0689525383230983,0.23149847608786353,1.318166130268707,0.07591161386778016,0.06170508647799718,0.20475248205422464
0.0878962137213601,0.02782111576330544,0.039496128726639594,0.046470756692943434,0.09620756456120151,0.09728027508116364,0.14570724650505779
3.5680942909382636,0.009556919030377553,0.031669442615777595,0.13763268424577893,0.03234398633466738,0.09705045557540615,0.4148473496041079
0.025494519623201217,0.165102238238254,0.06729807120020584,0.10924269135344843,0.02517668866508441,0.04440762222906611,1.1771648142577138
0.047051769947360836,0.7360198790647532,0.049840961999225344,0.12388460699165568,0.02381079941818538,0.02884280711537426,0.02916489805653091
0.1542507071845706,0.03198993964577778,0.05635805540251878,0.02738770106038636,0.15083303767005926,0.8287438503888358,0.10369306872274657
0.29316163158537667,0.006583171064040804,0.009508748878233617,0.17586654975448457,0.11188574206036564,0.18780949972863228,0.013418142820358121
0.017319884944109597,0.030993276651888273,0.07866194357846128,0.039425846232227724,0.16467063790264003,0.026952447775986023,0.02805107338470741
0.014218561936766256,0.010555089095679274,0.08296867010055164,0.04606190895558815,0.013339889258148453,0.0792203757306773,0.0069803747918315276
0.007670121984313821,0.023721121009355892,0.11751281775787077,0.10146604078868594,0.01569085153515732,0.02215061679776832,0.018563467582069414
0.006221205451556957,0.024265617309546027,0.0318310061311439,0.10248966215475584,0.02842529392068871,0.03708526596970282,0.02181565667884892
0.006821359168628583,2.0047261804102017,0.01163361376747994,0.010602970642889195,0.012345922526820199,0.033220964377794204,0.01686451843145406
0.005289275338254806,0.008201426481334994,0.0200366466652767,0.043814754193578366,0.03785234000240298,0.1318986315375719,0.009124571337293075
0.0033177483563729565,5.124742618155044,0.004697338605486308,0.08085088845533758,0.030814916154455287,0.020779934691105655,0.017557397451756423
0.002180460980518109,0.006726769792786575,0.023758588297272575,0.005059714918918013,0.011840804566727474,0.008046653045197626,0.012538310820172885
0.20808553195250995,0.5964699853875314,0.3389251124596266,1.2734515215000257,0.30281151561257114,1.752891886642572,0.19954028793626208
0.4288631724751086,0.0812781202588772,0.6930287278167904,0.2028901504387466,0.730606185356771,0.08343077406356475,0.11282549428833344
0.11845425006709177,0.1024120962708355,0.4661446846607063,0.10102398570764289,0.17031434593650277,0.07223062028997529,1.0592609849793477
0.20580987515150093,0.043637619961488135,0.07830256075618211,2.3002086626479885,0.16604969113781481,0.1791418059768289,0.09956004162549473
0.12235162114968608,0.01771278718279714,0.04900875327338208,0.018666062545325143,0.2758661739109789,0.09465691528495489,0.02165608661250576
0.09583962950669339,0.01485558544038525,0.07257531677251038,0.018437499523206096,0.1553742158057463,0.07445479045475295,0.10047497876155784
0.10534062051641532,0.014592250094550112,0.10350531935803849,0.38769667264143176,0.3274523252005631,0.05997001173249483,0.07236663153857983
0.054717117272493815,0.025755877397298555,0.019883431366520668,0.3203459369090003,0.2447002637090401,0.34079229273982503,0.050495493108676646
0.03720744481778045,0.030682494714113582,0.00829057500895354,0.038059392870391597,0.11897263710840113,0.01611533523112145,0.04245536917002553
0.034722183108666045,0.22272263625481736,0.05981817423844605,0.04285718576020133,0.09113577196024435,0.03680121204417659,0.31520213482122855
0.01870148288082682,0.024549028209723597,0.010767792075301746,0.020108123035181457,0.0861933562790374,0.12076502870735208,0.10985742635198649
0.030735882362664474,0.01756211944245522,0.06104892932481292,0.8543398998729348,0.016137506013800894,0.08329158756081986,0.009571846010673745
0.0590517106943441,0.03233569559892303,0.01472925706418998,0.018234984876775773,0.010733528031489427,0.06171037424549229,0.12384979029747553
0.016691467889942833,0.09175983555289316,0.04756501970731709,0.04987501463636688,0.26303664349915196,0.0746735233408826,0.013067862179783266
0.020999544401063056,0.019124972987701147,0.02109405089603493,0.00892890206291906,0.1173861968238905,0.020457692020029086,0.03884601541692097
0.0501292547747323,0.011545790584752885,0.11779618751194552,0.1952442581475913,0.24048420810067678,0.28435729458499553,0.04494202222092916
0.0835954683746504,0.007782456025520402,0.019406433365452027,0.016108142832738214,0.04484576935175026,0.010999576396057411,0.030151324564134545
0.05808583118903841,0.010785254220768143,0.01016357929495392,0.05921431384001763,0.03284778790716085,0.03522898436157362,0.11543278784709393
0.016967390430214172,0.03511935258164092,0.005420655956214777,0.12449593211434473,0.042869829483649466,0.013969101311927521,0.1293411081160596
0.26722558879578917,0.649317802601058,0.11736838021139673,0.29287620819038823,0.2300821569635197,0.07533143238259346,0.5649076098324922
0.03594681316906821,0.1316152260042289,0.0741665196027493,0.1628087229592284,3.3359385088254014,0.3676861841657065,1.006101032125923
0.0178054738224635,0.0819690969221337,0.14892598774782556,0.11748146851141962,0.16871387852747002,0.13177115081020455,0.10551212489405234
0.045208240547433984,0.3074172220919928,0.011203311278912975,0.07539363996957267,0.8033341317238201,0.3826212896890196,0.4974331417887968
0.04566514693548195,0.022477511347497783,0.053396734021725976,0.11539104959014845,0.2571968456823324,0.04940099613462703,0.10959471016835982
0.0793710187331282,0.0848769072448029,0.04016815928962218,0.02582855944038037,0.02775947103402425,0.08881072598238827,0.021222781617945954
0.14175461584761534,0.006613654370313538,0.025230846503099556,0.029203383051195284,0.10080778607635095,0.34116337368345057,0.053171345101166195
0.046642842356360736,1.7080469301528283,0.005884158821898134,0.25418454775825017,0.02562765538650947,0.12046415208751987,0.022141540369296817
0.012894688954959498,0.03884868967412515,0.007471629398025894,0.01254069205815643,0.014510736844211553,0.07121687014364679,0.10330524558243175
0.15991955532812493,0.018088517074026915,0.06912434377745169,0.007461609276736922,0.19993973599693954,0.011868942867577607,0.056878395127371494
0.058426394580395904,0.05048796303835435,0.012317318786888715,0.043366372501027886,0.014026659386531965,0.026769914709992855,0.0753672275387611
0.01647087885704072,0.003075807083987481,0.03559716609666709,0.06335178002575163,1.53569479676523,0.053631037307122965,0.037504535284656824
0.011423869355994298,0.006749957468292533,0.00988413953158591,0.027053942758557315,0.0826524051067416,0.052281948311516696,0.012233645459194057
0.030657699595099955,0.022056837602139584,0.007739835358379083,0.01497246627762819,0.01822384940492288,0.015646333188351704,0.015201404802730521
0.007314854309906729,0.21777696898640847,0.016855270784755842,0.012741469025718296,0.04966383077272021,0.13603052584213782,0.00947618473336499
0.04599704152000981,0.11390830862528444,0.046349215252653474,0.020538666060349747,0.010003279281327656,0.017516177449720987,0.322201040097369
0.0048673169113749755,0.0057611691252868686,0.0035277348228115236,0.024843963330874602,0.007414200952662239,0.018651045357414766,0.01104732142879655
0.006796500703048752,0.005058172020077832,0.006048534622816828,0.012258688647043792,0.031248768140261864,0.09728690183212624,0.01105199950305747
0.02182530030830508,0.004433425600672105,0.0077842835649043155,0.01433653195726348,0.008559155262607513,0.009803173217621709,0.019737361208628103
0.2699538443887765,0.4865384829481766,0.07966007353450193,1.286588963636858,0.0854750292469835,0.578561137865167,0.6467342368075564
0.18095297933295312,0.06845519447488024,0.3772478288250148,0.22694871648814946,1.1126174030808762,0.12279605523176602,0.4573792230318829
0.07302232088180544,0.07189117039556488,0.04841899576962546,0.22163233127998924,0.08611622279818494,0.1886834255151634,0.07340522311375883
0.08153579799370513,0.16888558307647344,0.8567015423367301,0.032634818829066346,0.08521667377741712,1.419069055322081,0.17005024105672725
0.07805338531828244,0.04252092857569671,0.06490424201562106,0.027350576894022347,0.05786128053760729,0.04917251382575962,0.05313121190102733
0.04354396674471393,0.026772128692563298,0.07621064390014973,0.029054493962809493,0.08312032785906412,0.042347904108749126,0.03343629684170319
0.06540567904704933,0.10503502053059598,0.2728979778678309,0.021274074188651088,0.025835457365505323,0.06343804438674462,0.04825639221662204
0.014666355795494383,0.010430280178249271,0.13756788652884022,0.19970896950752398,0.08955112006864736,0.02616718663991292,0.13627237156615227
0.03459431239378573,0.03498409032793688,0.013773488269738366,0.08047057794601382,0.018212802178296645,0.05830700212236971,0.023376697911370842
0.012602069935908004,0.023370261730004845,0.023022697292680076,0.011928864392389547,0.03629687012697137,0.028210843527284365,0.03155161642433917
0.01742712556771608,0.014770194506522179,0.02872425568174168,0.009905535789262057,0.027897240875289435,0.013774681737940329,0.01486819913779207
0.028233629866355407,0.013893820219443853,0.016619625318228342,0.017361967656553946,0.008359294500165768,0.028500570759856233,0.013438931412172193
0.7144144495236404,0.026249633803871613,0.01312981380622036,0.00735760889068054,0.022587323450833887,0.06974992391661515,0.27500258206447137
0.011414110825624948,0.010405588956168393,0.16026648380289046,0.016548412560476747,0.05620459386556459,0.07084542146213099,0.02369783490151733
0.016969857256873614,0.010851736027497217,0.013323391320320925,0.07511377088657073,0.008699511058270387,0.03661054759083544,0.02856320872490586
0.011395534777636432,0.007722578135177385,0.03866821431859833,0.025708077699782617,0.00439848038497559,0.07540298335946996,0.43656542556792416
0.01186009874181338,0.00807071323425743,0.04662482079128629,0.3233384417579124,0.02253367131005554,0.04542866034869454,0.026421204870372708
0.017841458637981606,0.007634044014873108,0.010494991468593704,0.009121320366424011,0.007234871963546398,0.03205436650729997,0.08398712424801702
0.0068279643562035594,0.020521636864860138,0.01823169522469709,0.008873292553699662,0.026134430784315887,0.03390956650447533,0.015676173268616714
0.16732453809057213,0.17527548014592395,0.7597377982053094,0.3695914659112291,0.4880872454211001,0.4439592029563208,3.567151647360533
0.4470597480493841,0.09090914861220382,0.11094792448809467,0.40616359880023223,0.2798137155726813,11.291032895448945,0.7087985553263407
0.08255323327606505,0.5877919561332794,3.498480302797177,0.4430660457916313,0.20968523476906026,0.16876469154773655,0.25787578130608957
0.1925051409083063,0.05147244318917563,0.4654804015846105,0.08339982313932896,0.126504237701162,1.1840357745981962,0.11672199401668731
0.022149428196187454,0.08236504853691064,0.055365133137046586,0.03627419559307772,0.04947036717111729,0.13896458026712225,0.9951715413462999
0.01863378390807222,0.012006281151285221,0.5546719118295702,0.04776082339107172,0.09627332850182997,0.0956036615170178,0.24957130583362105
0.010855709203258903,0.03630129751584915,0.03946671936477855,0.7003829184579196,0.03777108169525687,0.05637175291559744,0.13736929477051485
0.03748920986501821,0.014476751050493843,0.058888633817392094,0.014728129062657323,0.06882427433935136,0.12233802467930165,0.27766249423047124
0.007448221586862605,0.06493766138130541,0.036470296086817296,0.014127839420911439,0.007539855193946564,0.015841330526331826,0.047800251521869466
0.01677831068636534,0.0330345981430524,0.07946883859625642,0.03066070415092505,0.011359478500102316,0.060550049025166544,0.4101676139240172
0.008862667970431644,0.0764439746797299,0.0768335359538849,0.009041140471652977,0.017437454557720732,0.07104649034409943,0.025505406846655927
0.002524017240447704,0.038154656091042766,1.967003351808589,0.0444705469262425,0.030949309638929248,0.05665391751582277,0.01786255995689484
0.007143245916896987,0.040168595065084245,0.041906199658439766,0.026483496780211693,0.048264882209345626,0.04317040007379778,0.17948762242219413
0.016705439065840606,0.01916766504709867,0.022094515165374362,0.027749974196216026,0.22194828484698756,0.01264697227940431,0.027307778727772437
0.01632179427248314,0.030672965154754612,0.020488390984345274,0.029399048304537535,0.008196350743594424,0.1911551168216649,0.018419493547977086
0.012312709318835461,0.006926959332568595,0.03519475870457748,0.010527590967778144,0.02184610743881172,0.011141266549084993,0.02716618898109694
0.008973775559325627,0.021864323547051905,0.007486203141531823,0.2038402357009746,0.11536112789158502,0.016981344436569394,0.018306260624614094
0.010044455199929227,0.01710688313234212,0.012057122381030573,0.03307225221653518,0.014330598741745328,0.014128292748235878,0.015565799837600694
0.00445637994943546,0.048990489054119304,0.5232316367141888,0.01348292023004059,0.004579743709158514,0.0861314385084917,0.0037352935239263006
0.9289354080696922,0.205496969450007,1.51736418751184,1.4816295306598406,4.8932657445712655,3.724907547840129,0.16857003568176318
0.5767262974830425,0.08905928618589212,1.2637053215374585,0.863572548639689,0.1871831262530983,0.11793955308444823,1.679166758238024
0.2875175798373851,0.05501241470958219,2.053869957553129,0.06189743761780495,0.10694038927825321,4.101691014051493,0.20705709478065445
0.12041977940228983,0.13770231561167903,0.1255153765814719,0.09930196684024581,0.03549569810356493,0.12440287390252827,0.3823839425233629
1.3846488548368001,0.04397019114330199,1.3667709298587938,0.10384861878860026,0.0320237198076085,0.2740642879890361,0.04351050592224424
0.06270575412688867,0.3952169899964395,0.31382560135706367,0.05300176137726315,0.058264236095487615,0.5126634685238528,0.07122416910871393
0.2446435414466777,0.09988750753387139,0.07743427777557832,0.7588432256850669,0.021794184498647496,0.015450505827488656,0.0317110431380511
0.050319942239448225,0.3111403078629268,0.3315598782019679,0.07451273104045734,0.05625592095791728,0.020157042205551295,0.02082443565872536
0.08508068488632506,0.05064366538104549,0.034880124844300135,0.07290927344403363,0.017264364875653092,0.07420129582083877,0.11556832647766661
0.0428826683052489,0.025215693609261406,0.08619100053845012,0.06553321346312373,0.024889344577086164,0.027712222582855654,0.0716163398488688
0.013987621187215278,0.12919695024627298,0.024133756136159517,0.024204156621343002,0.023165486956200163,0.01814137720560465,0.03468585313085348
0.3934272216283935,0.016248810099797898,0.0843183929480235,0.040193820319100335,0.017522785209364025,0.011816442017599849,0.016152828348326216
0.06223044130528285,0.018373898027634405,0.031149167181866833,0.0720412658836983,0.012490551371132485,0.06940680340959793,0.8037170243559673
0.05751739070353038,0.009541631898630464,0.16318506385262244,0.012996253850201148,0.03143381998644336,0.18737215338552865,0.03712698153884344
0.008721226034669512,0.011987011404815496,0.0161596009762599,0.017057646359030263,0.02431888278502765,0.17395874543444717,0.07946500194812205
0.022629902545246064,0.02156105641853162,1.7980478043929824,0.05980733023002994,0.04608828662707291,0.03500467118271584,0.01795254901568824
0.22570240488337093,0.016156776098261747,0.0955734319084832,0.02316175288730484,0.005716108084523518,0.020107607589610336,0.019337225087532585
0.11787118994340849,0.017157925753523685,0.08621625402609749,0.010482634100971507,0.005512605952269666,0.004852943016799892,0.05371412626925367
0.006233993914424042,0.015469422218013186,0.01835100102773337,0.01710564314442081,0.02054520941821424,0.02701330767230962,0.048973827866869754
0.6370530293754102,0.3071817776384847,0.452861457545791,0.5895616833288049,0.6869296718816796,0.3767117776387323,0.33445403167049786
0.07096836706667921,0.2968430995194371,0.1804432232677168,0.10822982634599103,0.281255602092197,0.4711772040796925,0.17520684228248232
0.10065298133191836,0.1613142039045523,0.1455398474961696,3.086451843885119,0.2731825723794702,0.730945628509152,0.07617403255598086
0.2462033480324444,2.2044220184799337,0.06004282530749213,0.30711799612264684,0.09548485577682418,0.30838877794932923,0.2652386577735997
0.08526437337792686,0.19378453022107997,0.09978669029978665,0.036655296795317385,0.050042077916427244,0.10994707690143704,1.3344548476230638
0.07525010389021523,0.05200382181623922,0.09066104616552045,8.525049471023827,0.061000309198706616,0.06543809413539509,0.28311856923271833
0.05998994480465625,0.23176648846953737,0.07879506077004346,0.0503237475670148,0.03259896113046277,0.07733574169695294,0.0959390450235232
0.014290349617293962,0.029334559343324674,0.017906550412921673,0.021302235309507755,0.03692166761339968,0.03567594505378143,0.06754243304561193
0.021880645701369196,0.009073917923939885,0.2690224185971763,0.03648055427856999,0.025247620683063795,0.02067411024026612,0.10864652667002062
0.019603702335663137,8.139566778980962,0.022843573249381816,0.017935576631883002,0.13519673841762136,0.042848864216756315,0.024272811306051918
0.028063981990928993,0.022364900535851006,0.0519621900387983,0.03804437063388981,0.02141930738438483,0.12072407550328938,0.04585080256216835
0.01886981397083793,0.013733748017997191,0.006892520596452946,0.03215395537845159,0.00993006481004275,0.048609307937846416,0.07887264821623892
0.013100092810133966,0.006556776602556836,0.005664347625635855,0.053850191978460756,0.022476338330496625,0.16977800394648948,0.07648053794330015
0.01887940084787548,0.055700562050994315,0.017744270058679595,0.011131023672660386,0.10605081801036663,0.022346268880268333,0.05115955613078004
0.0073841888388721305,0.10429893380148929,0.032538316949513056,0.2137631456822928,0.02549922760782262,0.05197954861210245,0.03437982298216136
0.01648581755926322,0.010191033736919064,0.01875028016927268,0.014518305785287955,0.007251120758469158,0.11254516404695397,0.05022319626334627
0.019454421691050133,0.007136613932791953,0.02374857096058171,0.010552303170862072,0.013587136026354323,0.013691414695071754,0.011900274656892498
0.007543069767791319,0.36491587805803266,0.015814814558673843,0.010210108043838343,0.033934922616498345,0.008060889699712973,0.05685104972563523
0.009959466859814445,0.005138141269765405,0.005511404583221781,0.00881678573486553,0.009446370355018377,0.03178354144003678,0.018305143896858205
0.12141160445762106,0.10405572090788077,0.6962732624796565,0.527334139439841,0.3922220142739322,0.16828473498015528,1.00809028068899
0.12991498735147183,0.1782687431364268,0.11713655212520648,0.09319344948328029,0.07822647755472166,0.11374547787550357,2.0140720466036814
0.5376788861835704,0.038583461117897594,0.039485436538972934,0.13554524090221762,2.4211326399717055,0.32984139241695987,0.08931490989719225
0.08029938136250644,0.43175104225095773,0.09116297782775001,0.09676042814176046,0.0263929628869161,0.2189552851601519,0.14800603133449308
0.0316124787398843,0.02661470949313539,0.24289425463994527,0.3823776242863406,0.1960315567923576,0.044090671842008856,0.4085691364713701
0.015631515639544458,0.029605062188317835,0.7953205272834739,0.05843579837649879,0.1633520216660977,0.12714635078735603,0.1599589308217042
0.10627912365970857,0.12265615587714987,0.07063550018971276,0.03919339161980667,0.04450227306663609,0.028383793545227267,0.01738309054458884
0.013205157802738463,0.06933470000910257,0.04071451561839302,0.04164105366696272,0.010698666034332395,0.09386841815130036,0.06618232650897542
0.0095836105607978,0.005815902611127182,0.014447049051405729,0.01820059969368025,1.1632251840111771,0.2911279783860583,0.02562390892496133
0.139266413484153,0.0078117237855119875,0.3200771848221446,0.05502334256638037,0.014607309740596324,0.06709064802346434,1.0894010236391618
0.009159256247485882,0.5167451211612192,0.02266892435121556,0.014534495763496805,0.015816964538376076,0.0310419706164364,0.015591598405283132
0.1622034998210755,0.007053337035577343,0.4959596954257241,0.04431616527504197,0.2161183194286887,0.02131895600718608,0.02323662976370308
0.08524912783473203,0.006788022015531947,0.026358860479526163,0.02755567271949564,0.007408789361153296,0.5900849701216729,0.006808274853589898
0.022367750140506407,0.014212685654505541,0.06793477436987615,0.06566872840263575,0.005858286251805588,0.011176126729542504,0.3453953573765995
0.019616930548187087,0.026403041698331985,0.03935067177271727,0.007653318081239887,0.005486335687903735,0.014428066007827638,0.008501719211351252
0.027697075610623484,0.005645402917191518,0.009689619230072638,0.056779579537184745,0.008511699654366009,0.04348324734549285,0.016603660325962617
0.026237127483323453,0.009232342831550257,0.011819697990337325,0.027384246060664006,0.005090548593105502,0.04822167756528964,0.16193433515414576
0.0034681548789666722,0.014456298554717762,0.07150869273380744,0.006807085582990561,0.010491391120609652,0.02526314602974243,0.010118140151027142
0.03442729634525792,0.005849904076731389,0.018917618009171057,0.09782217252973252,0.00956549181768385,0.020490490959595774,0.007100166992328181
0.26649593665264104,0.17437326109669588,0.5713847008910178,0.4869373736416836,0.3925983268612534,0.0979032949401517,0.4752198657837333
0.35276175900028023,0.3204322898266801,0.12789795628149217,0.9699474843704489,0.07999385053887566,0.7341134891623284,0.4146136884026429
0.09788063253099923,2.255573520378358,1.186492888137272,0.15803259996784272,0.014085582829073132,0.10926464796029918,0.698183144260258
4.391590021395057,0.3385921701193348,0.5029279711416528,0.03680221843952954,0.029881841134679607,0.03191304279298218,0.7541741151767002
0.04949342961199549,0.034379309239291146,0.07104701645129793,0.02631344610295185,0.032185104324100426,0.12780181872662114,0.10055606448177314
0.02629930153792994,0.05105960865708472,0.036806916948495916,0.03876325410939999,0.039651485008080294,0.05168511236750721,0.05707271662522825
0.056330275275407196,0.012638416321364478,0.16539964915403685,0.03762717795066271,0.0132248843225786,5.876575580797097,0.2176909314656257
0.03701375693813455,0.03404931279150656,0.0923328274383424,0.2397741243052671,0.016292126944981306,0.024230760991997145,0.06329638702186698
0.010800434087747257,0.02401961139981259,0.027109986219281082,0.04877906702718151,0.09995332959254957,0.027078542268763255,0.04796811247079415
0.02205455734357121,0.01750655368649568,0.6192082921780331,0.05720687278656483,0.027473587696913458,0.007465668221836069,0.022669513826374253
0.030068594884431487,0.013134456865983244,0.014562882334131605,0.14088462218585943,0.024812283489766607,0.2784871235258368,0.05538144302944568
0.0159939483964117,0.020444741102366087,0.6319970086357016,0.049967051033853294,0.008962305203652262,0.035217753959153365,0.25270600123006454
0.012527177134093887,0.01876392795538014,0.016904650274438444,0.008633352293575985,0.013711627806069687,0.009767520323072628,0.05651788533722313
0.05051771836551953,0.02234242630324161,0.018158282784078404,0.017558270533928298,2.6033569205726192,0.007705261785693015,0.044303478379002434
0.005434198908428655,0.018163394335103698,0.051659112985502006,0.007388344595169243,0.031807531333570165,0.008336769014228423,0.009836983502213613
0.03765788792490263,0.016122807125567944,0.053382444813506,0.008815021746428363,0.009067398557273653,0.007346048638530188,0.07039131412438222
0.004363758281177433,0.04867286253206334,0.012775694194869871,0.04147538826373865,0.05307952248815852,0.00426235366564191,17.11487441256862
0.0157444374408446,0.037757759464539034,0.033184825563920564,0.22803486543418572,0.006250478738473055,0.004155550954600687,0.00807147209018453
0.0026304182533550434,0.02340356197924686,0.021097101957239385,0.014740901759795639,0.006919777158168791,0.0038391112331058815,0.12728096950869602
0.1552041632514134,0.27573645468134544,0.14800276183018243,0.27146926357220685,0.560488390998475,9.340047767988349,0.47184372522280493
0.1183881543113732,11.353262260895532,1.2242224248520708,0.0738307940867967,0.15927051821288302,0.15270232201111578,0.14074824154175322
0.0632865371109998,0.08309865512112526,0.07923491001512638,0.17996128759336777,0.12934426144097916,0.0887502202652399,0.3892250021282054
0.14665211081484403,0.4868138174627626,0.437641955192622,0.03731541887222089,0.08512905879093856,0.08333965769906829,0.19516440857849665
0.4916871183833181,0.1132557346482707,0.02893570364451712,0.06170745431416006,0.08741514765687586,5.592800192155437,0.1626498202029171
0.1845924471454828,0.04852676196803139,0.034796240955917296,0.2392950793280687,0.1344221763184405,0.8477234837748159,2.865883597468118
2.1302418398394285,0.04379674915089501,0.022932892770349687,0.031890098505506725,0.1548472717069719,0.07218540359721919,0.06504575284882484
0.06926696574372156,0.10736590263091782,0.02492911649930513,0.028767551841531038,0.04920062121068224,0.039785228181351225,0.44469855513114126
0.03418149404264802,0.19019019059623876,0.026872226445111558,0.162369708842314,0.08999319568761198,0.01384982483831121,0.04708309866233206
0.02864505300890943,0.02375900786172704,0.12963914248088526,0.11929216657319096,0.030873522187655086,0.23627142314646818,0.021825599007154455
0.03436697973221904,0.025334842167147632,0.032308097132920995,0.006486033252330897,0.08620875727342393,0.011785777587186923,0.011852035701716687
0.02283529049962063,0.12165333702662695,0.38658193394481183,0.3331480062643668,0.12431472496050666,0.09457842861549046,0.011958384344628413
0.06406545864318672,0.09237530471589826,0.035922448503776565,0.008210725227642247,0.022698670691441023,0.028484944242000813,0.026964715922618853
0.026765871202467373,0.02461586412149692,0.050565400192596935,0.05147177153212071,0.009201666191627432,0.04975610506448307,0.12548752914675182
0.008568414467228499,0.08972570827451704,0.012063214137016826,0.02248773439261435,0.03836785800856115,0.034090332878192305,0.018495245601048798
0.02642736634563438,0.012737015367105066,0.01984977448503492,0.028797661070404414,0.11465543514447916,0.02829112237072186,0.16265875155345563
0.012309920515617261,0.0605069720149509,0.05030954324018778,0.011701885062560221,0.028982604912890567,0.009587829139626365,0.01638338092738156
0.03392000279972231,0.01026729092044783,0.006283979568163949,0.017477497094754893,0.017262246031754067,0.021698681514329392,0.01629690770781235
0.0064718057054904705,0.008883852339389379,0.025273080158006833,0.08353782914848401,0.024608681223012966,0.015019696252044553,0.07333921380958261
0.4086524294080027,0.19838618466234567,0.20002345289253626,0.6935802865595,1.948668667375585,1.2734293335334248,0.2904630147389293
7.250515934156916,0.07212228515781154,71.84937679286574,0.16542706992609227,0.18314074659403246,0.060018514410784346,0.08784892980646627
0.11859293102915001,0.09226285708431228,0.36271823609344667,0.3879793776095225,0.3801982314841592,0.16973901079712297,12.140780825437645
0.10664788116160313,0.24208561691369385,0.07997465741898066,6.736219801809912,0.09643914535876565,0.4958808670581202,0.38340337641145217
0.06347481996209614,165.60051060753068,0.017716660629427606,0.17223928319219506,0.08706680773591544,0.0468375258099065,0.41957486369778485
0.026969430587137595,0.04068341587261492,0.025870340762116563,1.0245246110258428,0.15333428389332274,0.03508495428257804,0.10285199741350264
0.13675735076438564,0.0604751597351875,0.10118260331291075,0.09360197251386151,0.09045615441663392,0.0425116918172642,0.02945128025976668
0.2599880483219222,0.07656275987590383,0.6038346658917898,0.09737857770051095,0.02450740317775866,0.07011299336043668,0.15589182625689685
0.020057103719372162,0.007941864627249932,0.06663008988699283,0.06829915512697828,0.023070199897643882,0.18497102666522608,0.011925021403834443
0.02192514797016178,0.04719989284130052,0.007522001144099528,0.14755408641948,0.02195869372944867,0.031815863096532025,0.4104075330265261
0.0300607774035022,0.01952540183744013,0.006450825790084622,0.09660989577287561,0.0688844530256032,0.1062435567260938,0.01195338789950146
0.050511738601455414,0.03068071491583128,0.008863632348525607,0.02019075026253808,0.028570406283600854,0.021517537366301336,0.031219766826574093
0.022587130434144134,0.004353832606414253,0.11323130346883625,0.03177349697910316,0.02300490171075595,1.8731615500259022,0.46125051580109233
0.03725392112405319,0.03185009171130404,0.012885942368737118,0.07045540064483095,0.05851770065360196,0.2812861731176918,0.04073694449766502
0.014756646345785076,0.04512819178926163,0.02043159300606041,0.012656504639352924,0.03327544833641832,0.013291432401767729,0.056468810910044444
0.030939841804985282,0.10714899739748666,0.0069719922056703095,0.19118760526006726,0.0922787742629798,0.03855382035232805,0.04124965395792403
0.02374943385008662,0.028379119813419788,0.021999896920593565,0.009702842257101336,0.03188206991309815,0.014720723298394522,0.048491860822866766
0.06368896855944449,0.029906633294510616,0.007263035209119346,0.5511147555687657,0.016880817007197194,0.021409137008189222,0.021218958196403286
0.013745842275821632,0.02688791306355185,0.014602993531501183,0.14464469633450425,0.013610275189596767,0.029064288339440456,0.09090077933740437
0.08253478357988712,1.2354946740870956,0.3812542195333965,0.47022143861472326,0.5856008709049969,0.2948014983120929,0.15949560295641782
0.33650643349228426,0.2359115237670208,1.3795289897766079,0.11582036648006977,0.272087290542396,0.19553371143926795,0.1285541676028243
0.1397386783328438,1.7931354936872388,0.06173042923015057,0.7748302076513334,0.1195998721149728,0.17051020136144296,0.07428231739925002
0.054867870552336315,0.052021001753951954,0.08655426930479025,0.323954166247626,0.04984580186972293,0.07535120218410064,0.12815018429584887
0.02198392824209466,0.02406239887713637,0.12642035364922907,0.2117455125346148,0.03175061375753128,0.1302631197557234,1.2078657276906335
0.027167194056500248,0.016850598432386295,5.8015016448921015,0.03758891936733711,0.02325167278747074,0.02755633935977144,0.052059365343392304
0.02039169246046759,0.012900731639951764,0.022031698007443295,0.12514661889417134,0.02306210218429789,0.03459104295421542,0.0721347321249788
0.12342863603445467,0.09198141604308147,0.1167512564333749,0.03321886814144409,0.16798726150210935,0.012815911036378096,0.019218099385924198
0.06045858812086538,0.0270458259987994,0.05138962626166779,0.05295097564710413,0.016502741757276142,0.1726521727307531,0.20168246362410822
0.008474994477938471,0.01880943494339035,0.031568651993066195,0.021939810037629577,0.04992023352123924,0.10661471919852872,0.08063359906098296
0.013715763613999558,0.03551432764513122,0.08648499170575508,0.039146607040412826,0.016394768679032674,0.020393117909346812,0.12848171401221692
0.012189090050181628,0.013862621700361137,0.032532237330613695,0.03324304061921784,0.02155228716094663,0.03276259429684991,0.020027285829969134
0.01900698220237289,0.01580800700810871,0.02127511651565366,0.06805589939979861,0.014638765385877708,0.06295723846331021,0.013812828631505148
0.02630004208707554,0.012296395057170109,0.05585266146007957,0.03408670469376725,0.004119074915296862,0.014509926234500365,0.08127167625394711
0.01023523936920309,0.018203339508210924,0.00851226559862372,0.037443088950051405,0.02880638035232115,0.14033906053199569,0.0038260370263336523
0.012499344676930625,0.061297967089561284,0.016106759874024802,0.04160313979494221,0.008686470150414674,0.0701452984897509,0.0070523522510974246
0.02630226255415233,0.010713091727369489,0.018032948557374605,0.022421593031913312,0.016040729281145256,0.0281041527832639,0.006342472910050554
0.010397144320737987,0.024879840864911833,0.012450116730718268,7.447034599103167,0.015200010562457731,0.014115922256325252,0.045844969406434115
0.009024477717391443,0.008145657368649705,0.0068819144764990185,0.02689018798708199,0.07086304271988164,0.032936308206263976,0.007667279778689239
0.1565270890320285,0.14011043817668842,0.7528955809466988,0.2896743514094811,0.46110235511457065,0.8071412306571993,2.0034753970225787
1.9952598417341827,0.45103026184859396,0.06712418651552327,0.5872781867871272,0.2775593901772345,1.1858887068866226,0.3449289194382648
0.02798467267989132,0.4350271222204043,0.14855558299005964,0.6777069971768177,0.45198827892382554,0.2514422072074304,0.06824008952327863
0.0929512871987315,0.07401882247619035,0.37130130781271947,0.7551739249947139,0.9458645509510311,0.1914395067885123,2.187686917455266
0.07150153511936554,0.10066314719358697,0.7744517869513371,0.22580009563477288,0.35024077228952033,0.036641068870286515,0.10069276076737581
0.383177132821142,0.0722740067665395,0.055108613859014985,0.22659147904401283,0.9234335369461542,0.02487159750573165,0.20907963001494131
0.02172264603878476,0.33824017588156985,0.03904779548366926,0.055568786032144143,0.020352166348937762,0.05615426632579875,0.17515946153407874
0.026087521262616445,0.056418411800571645,0.02571989671481104,0.07660841559366562,0.033741427167940166,0.031105744483032532,0.14872181950014532
0.03353249211966389,0.20833484736842764,0.023041668451578835,0.100114854809187,0.06677423142526931,0.03145202097231687,0.04537747167638985
0.008259225827338592,0.02816975292284934,1.320403528490113,0.02399672417872413,0.04654250992392575,0.057582064032800584,0.06144967058917182
0.053262459067252826,0.0365513327096034,0.06362672655251383,0.17702403774587966,0.08786658888312701,0.0328385526478859,0.02029059186648648
0.008550990026459893,0.05749614447324401,0.08684806369333772,0.016200022370121196,0.036010329093711914,0.031929983052372206,0.05567659491813741
0.019974694875927686,0.03419754184136467,0.051322565908000696,0.024206670037125764,0.2871803113388772,0.0072160837488109714,0.013254317053363183
0.00916706588208751,0.017884707773615647,0.041453840552978495,0.13514897939439094,0.028649877903398208,0.13247122307951487,0.04703332975687881
0.02814010563229185,0.06737548222930387,0.02715295500902302,0.6812122744006333,0.11930391327223365,0.013278510291629981,0.23037329109697716
0.018239221870724045,0.028849127314852736,0.0228865445501233,0.03655630222520158,0.1911689980855649,0.013644791089337643,0.019684034283967308
0.010601673139716723,0.11722800212300055,0.030102862207079573,0.014672566987898044,0.010375130198320962,0.003748867182813754,0.007566493008647594
0.012645746260271942,0.018294490673318137,0.029826905020836614,0.024743586817707115,0.03360146379967111,0.004851186203773077,0.027187504472564305
1.9374897096742514,0.0110124710071674,0.019800137268217322,0.04070244889106657,0.03610875292387188,0.007749995004181822,0.019763837592853814
0.15910655622472153,0.2018870318773871,0.6534183216092625,0.3992251767888667,0.26021313471520957,0.6430675472170632,0.22275928931292355
0.16680711981869248,0.34930489013544697,0.1572424504092197,0.10134652204924262,0.21029959137066032,0.16516898795230106,0.22497304420605213
0.6197987933653626,0.6692953241439814,0.13706998219036892,0.142320475488129,0.16881389536214703,0.33927979453084584,0.41662540554308986
0.03527940241864871,0.24454539347183202,0.44516860418489346,0.14505327572340987,0.48646768489101,0.04024435075052156,0.672406620742314
0.0445032776727837,0.13538211409904669,0.05025225275316406,0.1384053132241396,0.08429349071738676,1.6127894793693716,0.08926391198799376
0.08113380794065612,0.024224644289039202,0.0446351693241492,0.11911942732960236,0.11406998194148141,0.050468849620214896,0.025113674282827198
0.0759770313682841,0.09434363793711521,0.08459553047688513,0.047239418505787334,0.04543706675000125,0.06948279892697175,0.12182942570982828
0.04433392109567565,0.03766441569181785,0.04225701431789399,0.1423658454877704,0.026207868467684012,0.059068131940354415,0.14858168334113112
0.07126864210539825,0.02300679838013434,0.09009384444584509,0.075261885757216,0.09784364809558141,0.17591236782951125,0.032497023306053745
0.013584418381439742,0.012230071382555559,0.07292038934158912,0.08033271798591957,0.041235355889021136,0.033645804669067574,0.024347656874199326
0.1532995157003756,0.0117016446971699,0.007858316031091507,0.024472472582293046,0.06529217227266622,0.024857235369132258,0.08488429444865411
0.03366857197184801,0.009965529850484024,0.015456609505130753,0.03366610637551622,0.13854599513313304,1.6244563943434838,0.5258730985988397
0.1545067124614376,0.008232393104951613,0.04990414930413505,0.010643917528975784,0.36546543819885796,0.06365071047777823,0.028387647992244414
0.056128524820560854,0.006867158525793842,0.0037991982371423424,0.02596421809963814,0.01800247634621077,0.04178133630650778,0.041334050092697125
0.08866792088357803,0.010136614154790226,0.012157542885165027,0.013801769510594563,0.014539093001836886,0.025497546512012238,0.02746961808751283
0.005633935564291948,0.019842078991582683,0.014100804440144107,0.006407989704037745,0.10376128089447892,0.02518888820911949,0.02275678275684795
0.002674627004718716,0.0125973098166652,0.00572270701316199,0.012260620161215662,0.05713895983747218,0.016461996316980313,0.028630329305941716
0.009389608627142668,0.012017797780056074,0.008250778336848646,0.007685055950007282,0.029267422746993402,0.022420498417364116,0.20955284769383933
0.0050825734176545125,0.022582747666477797,0.00490579411041596,0.009638591607952583,0.027926099765336693,0.1514259931544449,0.18308489552548118
3.6339590486079376,0.9089884116789884,3.5425406069106598,2.364780912663339,0.7780781287746202,0.2642334748394775,0.15057986754895117
4.246561797784303,0.2168993087376012,0.1019538393609449,0.5040138364268273,0.20427653111648186,0.19315990717104592,0.3313522766607694
0.0432750604142499,0.5779149432511632,0.10452597150011077,0.1376082130167782,0.2508414868680107,0.12666061524573138,0.11138456621860245
0.20177129068555671,1.358351560409845,0.04027434500294447,0.10808797311742253,0.16397549697796476,0.10344356102212801,0.7314111420175528
0.10083337518024338,0.09788194702570559,0.05289544642215429,0.08863450390859012,2.9993674471119465,0.0354240207540136,0.13966694458181075
0.022749529911645285,0.03308088456632339,0.03089121653557487,0.0679288742484074,0.027760715371709075,0.25930130203296275,0.04637590843496648
1.9064289781539219,0.024781831834127695,0.010501305946688255,0.03054495879639966,0.012377692241793766,0.03879446579287867,0.06754437987593019
0.47004895464188867,0.196964424358502,0.034413631955532216,0.02121480337250299,0.06281454461769247,0.037899604215032995,0.1620451588338131
0.03500751912283405,0.5665792733527067,0.02040695930544598,0.10300424645270981,0.04975736089014613,0.022085607590135937,0.052187815380682116
0.012808096106361772,0.04680922503243485,0.19694564797815284,0.02263645242777091,0.02258375851234524,0.022043399496826623,0.022808486293685957
0.018276824178275648,0.01010992133310477,0.020960893174674363,0.014365202182268822,0.018329083061207146,0.052492358530899924,0.025983576682425617
0.009430033054482636,0.02922228901039658,0.1624868008125847,0.0264298189388868,0.23114372206648034,0.015827866206640433,0.19267538480725038
0.009836108704888782,0.014058534383733959,0.015663886089271946,0.00938550727222308,0.011662022814931035,0.04334390971327101,0.025240230978973
0.0059027205958611375,0.03669643463464135,0.014016864061250946,0.010105687145500133,0.06692316162630353,0.11395942211177226,0.02354843830109205
0.005858119433864508,0.007881010976331777,0.014086741633895514,0.011841868367639431,0.03269299716259611,0.014483867578138444,0.2006331244593666
0.024098179297983333,0.00849802506246175,0.0046291685684332765,0.006403415931886543,0.013655112428992196,0.01729360731139212,0.02388671090578379
0.011396922918967949,0.13943216067525507,0.014916420441382422,0.008520184648716213,0.011052569208859053,0.008139741753151152,0.02829716082151415
0.005463735901556653,0.10516820328140618,0.009872890877610166,0.017149608637963193,0.024646877178713,0.06921332139383606,0.014411478941584439
0.015546465068103936,0.057404268659485405,0.007455057266523377,0.004916155565447832,0.010722843088040475,0.014930362828368456,0.030113814318640086
0.18411500710425968,0.6797946115462081,0.8593720230413936,0.288655529008936,0.589820483560581,1.2991007239692116,0.2302229456881284
0.06620564403157012,0.373544711244635,1.160992817656821,0.25546250694538136,0.32732419952948916,0.30418731099600316,0.4631714166774612
0.7962055699184393,0.15218902038047571,0.20396590298546347,0.3208684346662381,0.28856841912460834,0.04316327572238051,1.0763069697920504
0.12347062485540836,0.19916982827520663,0.12604401948307203,0.23354231481213578,0.12223309789427028,3.96003110814907,0.19028974729481407
0.2595192077103094,0.1054965726346006,0.09630789575767361,0.06612068633026913,0.03160084557288636,0.1882307372332452,0.13311768992952977
0.22352701724853125,0.12186942981360188,0.12936234368019353,0.2090146633204142,0.06392835288691164,0.10071082810838575,0.13754510061730718
0.3670291290359443,0.1889726439966248,0.09950621382424818,0.048408119316599746,0.018335622642893713,0.34182533083346855,0.016972960932808243
0.1535489466338111,0.030377116978109173,0.023074213835508686,0.066812122394506,0.010057603640585468,0.07412685441582877,0.034635821356313816
0.008809949812320337,0.0634227162573218,0.030276291424845943,0.19098336763738255,0.01684632991080337,0.03020245435817492,0.08921295506159763
0.0652572324487572,0.06066508833179822,0.20690689388109243,0.04449754862515577,0.00661033435882942,0.06907727219264427,0.0457662339557564
1.8892505768164707,0.038201658963181985,0.12477804448273708,0.02266362922839057,0.026267087435165565,0.03517324423462032,0.09247107408884016
0.04989684983848505,0.11909510655895593,0.07596595825307155,0.031538178464414625,0.018511961685253157,0.028223758272707195,0.03543187733418969
0.03589234451417267,0.12335485073371959,0.06199824796154368,0.024292780955907464,0.04157928999426954,0.10616504218422684,0.043049160927399466
0.06699250721282977,0.03402594427484264,0.040009658028825716,0.056587201697242816,0.025206643329700233,0.041526152044316575,0.5031297112213542
0.05769725646278258,0.037318483149687144,0.05660824117678892,0.024346017824425446,0.03676777274055467,0.009976234525362764,0.013257334456837775
0.02178525434124482,0.0072051548032969715,0.09389684070351721,0.03934307638879583,0.5736148635145114,0.010557543778681183,0.3147517098532285
0.03826416478356247,0.04937517839083406,0.015039677356495983,0.032223324106462926,0.014447224830601037,0.04441098932616862,0.1072617505483375
0.020373282290517245,0.01583647955827621,0.02597243401210517,0.037691763834321095,0.018749333009489447,0.009405413041363223,0.0793086057199817
0.019127536572408246,0.024827985384038027,0.06837147849507846,0.08849792897312933,0.02949531635222336,0.025230064396696124,0.020919523348913845
0.13266470247277348,0.2612320730070276,0.1006022815706923,0.11333227715948219,1.0313003875982922,2.287887550092539,0.06108999524490026
0.10223849116308972,0.03865024683498827,0.2595196826171551,0.07317386630107761,0.14289926373164435,0.4518893679854236,0.36735185899202244
0.09389965890711333,0.07755477382316756,0.1326473474309257,0.16343632641784742,0.13445326103953478,0.2879895056090503,0.19377589949592486
