variancceSgd0,variancceSgd1,variancceSgd2,variancceSgd3,variancceSgd4,variancceSgd5,variancceSgd6,variancceSgd7,variancceSgd8,variancceSgd9
328.78374324539226,20274.332092208893,6249.3761036108135,2560.1869522825996,9009.041818353202,4144.744143488261,8885.623751378791,5080.3150538268455,1536.8192543763414,11923.13761194494
1073.7511900684772,2906.211394170641,5053.6436358876435,10998.014900584201,3336.1474860746703,28856.288633779972,11564.987490569341,29932.802524522624,4008.761964924858,6413.445575867665
4359.834702417569,29091.379805491626,10481.74603408184,3254.8815152625393,25522.888584054563,31979.26209487619,10063.2099766405,8701.660660755344,4646.550484464903,5835.482902085345
4156.306510529304,22880.411984926664,10727.461226090882,1997.2559276396241,10326.991934074358,13959.892486637495,9309.11549180897,20000.15317689049,8796.33943198037,14082.527533006165
1530.11871683977,12290.593874610924,5138.094533666371,5511.412365086271,2158.419948295817,105557.68517608402,9551.449180233292,6929.785166700987,6786.2216583055,50543.42045331234
2291.9505722711806,4641.705391575055,4614.211132466041,800.3571501492111,17342.930494253444,3626.3188068675704,10178.121188951522,18785.521580691984,9130.956260925295,9049.283714550793
20649.55536644299,14476.092948508514,4351.704715831631,2980.5334880966802,11635.880793784734,5948.115810483615,117753.62225116695,3603.0498667047123,8801.904586215263,7038.628407649649
8991.91153701964,30022.08455053324,2021.1780084620632,10396.862101873985,3716.299679487732,3758.586869748646,14167.275425376029,3685.8536395099277,7744.461801104178,3846.5745012834586
14328.500105237803,14338.594007285257,7197.2551420819,11423.005983752086,7316.692532198979,48678.16166774246,14415.71931618013,2343.838329805577,4692.4653207601405,17835.474726212313
6169.458066360139,23057.2015805321,4510.13835664496,17317.27757747552,5463.9122239504595,782.3228000821068,17238.641985005113,48877.31112056463,14451.971396415163,8759.414735569271
24668.75823979873,8916.596308410733,9227.554246168493,4907.629939274875,13211.66966438307,9946.02026541274,5903.600968772036,15448.916091791485,13050.30347156278,8473.709884567936
15219.404476010193,4774.952916061307,8429.164471976468,4575.794378064138,6729.055666057135,9142.580460485697,4415.233224055749,3218.5465894089516,7279.133450869493,5521.771923316484
23909.212819233166,8466.150627838424,18604.69730950432,5328.099209488533,3810.3545633971225,15155.802303610744,4954.393490620378,17059.699348808324,13210.423165906963,7475.669304491108
52223.54978490234,3440.8683339499053,18669.1144800447,19631.69787247227,4547.1593680355745,21640.39473011504,12283.87089883621,8699.649942400501,8341.263749649486,7257.111102195704
2676.825030573924,2559.245281802535,17292.382566056454,34086.52045669063,4027.7830210712164,33311.289602579374,4835.699575648248,15360.91886563511,5696.600023557835,11939.59771664588
5592.0862969258815,11134.910920437113,11751.346784439114,6521.3087992480305,3738.301117964461,6192.8963374462,17355.450760701347,16199.456298611916,28457.512409567746,5345.525657970239
3177.0772432310255,22219.459703902845,8435.425019417207,74772.99937434118,6823.934172005386,21231.505526479592,16516.855016185382,15204.30589528797,3941.8499523202026,21099.889221001453
21718.450431352438,10748.34994782529,23679.57153881289,68927.73472256144,10033.493550115132,13164.193943832528,19397.493363770278,13028.556121833251,9931.18494592056,17305.496006430738
3437.6477890571687,7071.331583312713,18262.32720022073,12792.971959287077,4540.657289815212,16886.293204945603,30746.50240153177,7966.294162080194,15889.87048928229,11894.350723006344
2204.42728314327,5993.57641167572,2810.334943415288,11547.630857922653,47043.29227926417,7050.596689513304,11891.16592457423,15649.203501605518,7672.059695750336,16727.782658231823
14986.51328316675,19709.322188988685,40385.736442333444,2440.305478142282,9193.451297021504,10045.172404632998,17332.703280621678,18463.781105223206,2919.877021859305,7201.724738106172
4985.838985325991,18047.537874842714,4617.757585402978,54378.57417552304,6362.678174924367,7302.110568219504,22510.716835359897,7421.939998905516,8647.255733908076,7473.8356487614055
18850.132601765064,12810.209878355721,12721.328350975105,4511.413107383672,8254.432403053372,8914.453259184873,10442.873347198627,16800.155067570067,23502.85465987002,9969.312551533872
17426.463747719015,48400.188257703354,7934.20591694894,3397.520503295823,23183.817997206286,8543.0991212364,103400.91044109332,10028.480124236143,15590.426383768483,3389.158542459821
2186.4629063135235,4709.255472090719,5186.645510181036,19868.311387917107,35374.74367577096,5409.641370378005,9236.794031152871,5493.450096266483,30835.773192546374,19153.83776383593
46417.56164369634,34693.618587167424,10763.217886565375,12183.992669215313,19189.024187900584,31805.816843691337,3419.1027908593546,13265.44185415087,10879.409730256111,19327.095954059914
7930.082974351675,12538.019167863134,5844.988774865865,9576.391914244963,5470.704447589589,7458.643365671616,4812.674480011543,36395.27928732339,10503.908708196013,10129.211605183982
23475.749540858367,16796.529504686485,35906.30782406001,23667.325146876377,21176.91514122739,7633.780121815717,26327.940871439394,8170.063979687373,19223.256304081093,15959.509021907026
42843.72934823762,14148.760990425571,49706.86876033147,12809.789369949509,9538.211637765817,50842.08570758155,17094.85171501184,26361.970021847064,13209.172367146755,11005.527067995677
81985.9510330846,23462.274874925217,3238.846554403688,15628.556639496905,59482.681202925654,20325.4050872426,1849.934345298635,10576.850520989532,13294.01409072779,34257.23716093767
6817.589765084384,8357.493183246432,10127.30249458774,26791.674787912452,12917.198242064494,11221.709363749877,41039.772020481585,10529.205343731459,39356.84179680869,18303.93411978254
52605.541730130106,16931.482860387583,18078.496686078142,18525.1656748632,14523.741669456878,9487.190513891273,4908.429469212767,15758.565560591422,24650.463005884318,6905.616064212144
9427.195999583404,50399.55022606721,22251.65444725238,12600.855837634434,2562.395025200713,23981.284665275452,24675.193150670304,7318.425220503259,2990.0207389659267,25579.807481690077
15812.141999850512,13004.15195184162,10625.33940014126,110868.07772426802,13942.922215849976,2750.3568902799216,6720.335095917571,33557.11434945266,13823.829377408576,88113.19655686828
8892.005085609755,35308.18179087239,15092.422144741973,9193.579021507663,11634.759323128346,114899.82907194205,7794.580911488834,12904.21557128457,12379.09270231176,6581.661646268538
24423.606975179875,3996.331728331479,9936.68157799173,72216.17975671875,38412.965387447075,44566.6697744608,13366.545100076648,23228.23587334636,142096.96757198544,11935.776356949827
13348.933870843477,25447.623058591045,20205.5593256141,15003.481270160151,91060.41799109206,6431.914924137853,8416.247760568422,4197.034926382811,34913.31446435687,42567.77372634858
23331.786568495852,11131.066122824695,96449.30907234646,2703.542510065196,5938.5217578576285,50625.59606014195,39159.35185291534,14902.929979586897,28093.47898809841,18922.951421241232
33913.86709506426,36754.81595474493,15125.29228342327,49422.99328531716,10592.829299986981,15353.09276618715,2785.400389267493,36434.7403464625,4063.6107335790994,5329.971322400437
3688.1622013106876,8409.255629852403,4192.734321486961,23570.24008144557,22123.543963110664,8412.577518908922,5093.662279326405,6622.200994961189,11911.497787800496,7243.47514388321
8953.564899968482,31455.486275285875,36290.446161302294,12602.922336156767,96154.4247244303,9446.517045183835,35960.95668576668,5066.621877653122,33164.69299572556,11384.940162561914
18089.283510258938,58320.168237507474,27759.100024331085,36627.24418885545,15968.579997410114,17430.103759996407,5230.0322055194465,14338.272328090232,8599.67449703472,17741.82384854509
6984.9352729360835,132004.52318913102,52261.44038175444,11009.663726543637,81872.75669866304,8940.68144647782,30892.541299876462,6538.228167697236,7757.001002893185,8036.980169882141
10219.96189829215,15334.866374391791,23698.505821575898,5535.492240729217,9356.465446977356,21145.545170012945,48169.0934683137,27026.811634620102,26410.195286447237,32680.128154623468
30468.17408221878,11844.635443182746,9995.59251966868,40416.86266222403,18962.36939923854,13638.411158592793,31852.755235144068,23153.685011733687,65857.1370524586,8737.480660304747
10756.73109472717,17518.586756769255,63526.78399764742,51949.38101481457,21586.11005657877,25963.46811524735,29110.09753822981,109692.48881677815,16788.79828752594,24276.055896497666
9627.176064840853,27170.028393746616,12485.167730658897,5073.759027918046,40307.65437931569,24153.914620948937,9635.516584404731,53501.93637270063,4962.905881755743,36446.881826992154
7420.790224240995,71938.75579671652,11189.811520231764,5153.297993371503,13756.167656179805,9673.457626178806,75227.9324994222,31224.320263113048,29951.67891685733,33233.874165338566
25003.311256099492,48662.97616902159,8359.064271771083,7666.720504597734,32098.670847185887,21351.985109596044,45244.82742290564,29104.049398450403,8726.279776436419,65758.69614560549
77555.20071397613,20167.864189047214,28583.768115079263,9092.590975654573,18886.47323498036,15525.453269468275,13418.127611044338,28000.889017931746,35700.75485617693,32858.131822476775
11110.4353060268,36409.88037225882,12655.400612682337,27385.3240217302,18437.734615915237,22974.605284948233,27932.408191284114,10305.06850508871,30797.005415775988,14302.348986422296
17424.226625704767,66522.33473680157,37834.245891446175,66807.49470212267,49999.45485629791,16991.599045607036,7862.547272052658,24479.569676389845,115754.40757876779,25429.281254960246
22320.171905933723,27041.877251136546,3170.450479002883,21903.945318125236,5878.660391997504,28454.268001568245,27528.461371577716,35143.01399060493,28343.134955683385,33373.68936546918
56124.334928633885,75462.57437082748,54157.40010374649,188245.00946376473,116466.90986597078,13725.404480052437,63036.12297720505,7197.877457855763,52671.16265329412,40525.08635132048
18030.856345161246,9292.658794279505,22118.461695909293,10285.178432209092,21792.606075193482,121698.26505229584,51524.512370810044,9742.424049839834,34436.76338082378,24927.42422178224
43184.55704243305,27217.329278726524,38464.2855755457,48893.205609136705,58763.77764185991,6880.629187761018,25763.4516136705,10592.439204375622,12423.386577119585,78686.52407046828
11796.11269241962,91409.23214561131,44406.87419042103,10848.642770469167,13127.256720858904,27777.7262654356,29269.15101409238,15664.930247022658,32663.43371575367,73971.98747783591
32225.787307148697,71128.56926921403,72841.34465551033,26955.316084552876,267947.25670950976,29672.545843220665,19247.65909567563,39743.975215572784,52227.749033500935,9936.459583989696
21564.29617692002,70482.56202775383,34972.5898456182,16272.578028273381,42017.37533338167,51477.47006729072,21975.516701863617,24666.644948933998,37906.57488379001,30391.414789193685
40736.312973896114,17528.23483403781,123893.53044481698,10669.03125638006,74798.80510941142,45502.208113306726,21306.359472852208,10098.925779845804,44431.37296567482,15844.823950461043
10610.574659246327,6865.7513142282705,14116.979817658912,41798.247187942055,12400.34757279751,13693.09940839186,16126.434524816163,17919.904255869005,166351.311665424,28470.11230484642
31873.33119111682,76607.69862170069,48278.83008300142,94209.37278092525,60663.682217300404,77079.75759204925,15022.912564695587,47981.78779436949,32227.49681606312,10626.156202887087
28043.74147774499,185235.91696742404,135907.7852492663,40247.28880384336,63684.50715052217,74733.2955474956,8596.593823614381,26633.667792031145,19032.00249060245,26498.33259321765
81380.75034765503,51800.539734779246,76046.077714224,46890.55662361095,21395.142576581136,160245.57715756056,120254.86279656627,6898.835717762564,6483.276818730869,17073.36587660019
48510.17131341249,190938.69350126732,26092.855785233056,5024.278008072781,69302.5240954446,18939.12755047802,44342.38976864248,38712.630848193774,73983.45003361515,21594.524239214454
90938.9263302105,14362.634539598259,104635.0990713705,28761.018261281846,78256.54328850348,97571.19660717003,16718.45518116644,16038.714868129848,42917.26588171448,36344.06761360489
52181.04499833066,17044.604562915694,31756.243789569824,49275.31057512165,24573.590193153155,60328.636405993755,66722.33755784307,14544.102541568704,5228.876800574637,169406.8393686969
8407.805421424668,54436.2926231319,169523.1021583238,44117.107468928196,12366.274364417026,39180.50979280323,98332.94250541728,111632.86498497872,12881.678502168435,20156.98466459578
43895.94405617418,86982.05271237112,34234.598778204694,8574.001935228274,67292.40069484795,9031.339521464002,91795.40503822728,32501.98062462038,63662.326103029365,43675.34599566863
26598.451641822587,6156.115371729573,13468.704152430459,81241.81626929482,86237.24989150737,145428.25474292308,64291.56651500183,20784.65823130311,47565.817343986004,87863.36196444854
97067.8700090416,111136.4240167085,47230.01047489516,35124.51966489385,30975.096624908452,7849.256394800428,36066.25023941572,40470.0034799861,40767.116419810554,37040.553755128734
47779.973212290985,50439.88035540699,64992.86671147967,26286.723143475527,60969.12844432538,68007.6466775114,62127.55647722218,1091282.9973870737,30688.61103083494,26177.066666905506
24667.103122762135,94617.16628850644,123150.1338507279,91076.42426643075,11233.866896331674,10026.194019516417,29211.695908636724,30083.399222940447,151099.96147846023,18232.611279575754
19911.41998379075,65726.93906298449,69410.58813446818,90304.25330041797,54840.224838795344,12059.944746896608,162178.93026194334,6115.0759249748135,69389.96450609343,26298.984559022625
3291.191394127491,118889.95585269717,25010.735043821634,124518.77332137048,41102.03239923562,15718.0367071109,25013.238307404594,81333.80489684112,30433.862670426628,31217.343259885958
73480.81054133279,64289.82439079245,95345.08643616723,76032.96171337823,20412.0975249797,116596.88340321001,42934.704213371995,47298.234467598624,65331.36611066089,25740.54823609504
34939.92629873795,91344.91575856073,82570.37508607353,14456.486107250737,294971.44967693643,42309.36896074264,29557.22144408877,21285.848235336216,169796.5277239251,37980.76534088451
8621.31565579312,217203.72562998068,39729.16404734789,32043.419879402285,104088.09083938072,30220.567970055286,24791.210348903733,253993.18432921328,228266.42969872174,108479.07206485512
93008.06990423785,37669.496525666895,12796.503374026368,55237.815672859695,21742.383464803857,113303.41422739613,27623.511816886952,44915.242481301946,21175.95303037378,80838.75433929179
135504.22705170693,206896.71894073416,76010.91846975216,60533.36283645738,46048.7336572952,39971.12924087881,4683.9918794709465,165457.22092954261,36620.627814847365,38816.33997727117
8100.370335119567,151499.18457924496,33435.90201456699,12950.529060668956,78795.1995517934,99684.98311793536,19604.9085556621,43518.36509877922,123479.78918155032,8412.781882589506
67286.6791734401,13726.91404292385,60131.75622364772,83411.34016017268,103633.88810266918,40676.15234363883,28743.195538012442,75332.58177102111,41338.53771231809,21218.11791893776
48358.06359704476,37799.04463391433,88781.85307664878,32974.09800626404,214019.72585182558,88220.13969503537,56924.05731587483,51723.688124606495,267626.84345823916,50087.27692286136
67857.08005327513,11881.610727744846,12278.656504678811,152321.2749981541,55050.808943721946,33211.139069833516,63977.17230931879,139411.9285104712,10117.865798113096,86446.12277425875
369171.4566824001,64316.38902107112,75376.78827752545,9014.644612496006,151717.45051350046,28839.175793183225,34267.44187381157,148935.43563437607,42988.83984939633,69350.81444856653
33565.53638980357,129793.43859637491,55002.33244596536,37059.43713048023,59597.154552116815,61734.297170045844,32509.22829536656,375119.4429387974,67191.68405177933,75108.95916549633
541612.5730169486,137005.05677879258,108427.27127289993,73696.54475959529,198656.11129526477,232186.5837951394,76655.50956673,60695.98180979954,35353.92967946337,121392.5517093247
460753.68257924943,97233.37772612719,18202.017724031706,63549.335260802574,321695.43978778494,105562.0945896034,269378.10007154295,88111.18283870822,83948.33896580846,65941.62628954003
150622.25984576668,35789.00542889141,206583.15361249194,183279.2572038509,75449.62669510969,183054.11609528103,27136.527913298363,108349.56097513999,136294.4620090876,266198.0087585809
26287.882785738333,15247.693548411633,118638.79238789057,253174.73033441146,146133.44983680174,183960.7591837207,37598.2310793067,30397.014456130186,13608.796755684803,45615.77202621961
25259.77121961905,113081.62431787037,16710.476005605888,57957.55240684432,25461.628241037477,23754.406981747845,79734.57474302375,35195.37674551213,26765.824467450235,95473.43016221025
41050.74030324086,267947.76024308975,45190.33249082006,48616.665215028916,35945.268769104834,37315.00793545331,110436.35850625526,35879.01397813279,60357.02217451749,220753.53827436955
417738.6099216073,124768.22571763385,42688.00727673942,85747.8604811915,20269.64806211799,316840.02687258145,77502.53514549304,58751.341310969176,623507.5595780286,225292.69904379227
70116.72668790036,43615.746230316036,47197.35647217001,67302.19983547725,68961.08985942967,47781.59663235751,40629.75567098029,84979.81090931126,74941.1677133048,134948.11795049068
100271.05854333898,54145.22922663286,33773.435263109735,47269.066731192346,20642.576304985363,82721.28351521083,50267.34034872323,195018.60247367364,21100.96404852975,22006.75908480496
25958.720150774272,86324.96481086577,43665.938962874614,68042.90125941293,105465.35555690962,57601.98683835904,135722.45863617765,281637.02430277405,45729.216092285795,31682.765542907357
114343.20508193652,325972.0093291702,379426.78999686055,10618.427560887332,216630.9507891038,57995.83160320861,113469.2573290356,21098.500657888828,71594.40886682001,98872.33535780275
31236.793931768992,153779.72672453825,99678.89202085885,54545.93792741929,378065.158201367,59232.00124828727,75108.59699232456,340053.6099357088,53066.99164339362,127276.40178480736
131980.00202669908,104376.93211785653,50829.46047652051,27580.689643095353,75471.39761520477,137971.18700586626,32640.800596075278,18478.51270642099,75514.43894554897,161791.50328579548
193176.00010848537,122483.71808122133,23994.979996434617,9599.666246041443,53825.15347022364,57937.698171246535,159748.7642777169,60526.059504688405,64369.63692698842,29212.419044013797
97597.36084976383,28175.507667368158,48019.68715877678,172637.10456749809,208044.19191459613,359854.24819294194,59280.02411107374,227642.3236152387,64452.48591649564,216266.623811709
109787.23390467024,111489.05210616314,24864.398435480605,91872.7962802554,32835.695060125254,154256.1899522599,78809.71194660873,135790.59262963428,105696.15352043087,56776.295504774025
54205.580072597186,26624.970549234517,80803.12216927027,131787.79788172315,48246.15744269332,148405.44752307428,70785.13010641892,35266.560648545266,120063.28603963292,78124.58415690197
110244.21618908612,123565.40801577226,99353.95468669984,30751.256935915873,145632.34147413503,99857.49514373283,50567.99657717376,94119.45875201945,63454.30792936034,136590.52678319663
242031.24028581032,156981.06397830087,90939.43843186671,93799.20676721963,172128.9663406279,202801.61865200367,301092.31800402515,271121.9667466041,201821.4439941325,77525.27454345337
83076.80357140009,96832.06224267818,710014.6149828227,22386.183198989907,313924.9846252118,673641.7462041283,152940.49258610536,129267.36523292703,38620.83325975788,37461.36034991725
122330.67755118759,191399.25264464514,33091.188841184536,25991.818670654808,69404.93575792563,60433.1292771899,160476.46527213472,256843.00342952283,116217.90065778105,210683.83341930207
93480.86236531765,210439.10810362123,44140.988362363576,355278.8420023321,121084.86347360852,229698.2737505082,293451.6021445994,138684.79763488838,81927.99875894847,77589.33510408245
56010.71178299839,88020.820676534,54277.85621026394,111241.32028028973,146493.6956940375,56555.91960266502,292850.36274799955,207637.49494871974,68807.63132496018,78238.5732446349
187703.24844700767,265723.66279590834,170051.8247361116,210865.51234420412,199338.72111385947,68747.95985170323,103671.3325232923,86847.09603580082,98051.98294373811,288958.81154094014
291687.593411285,809355.6676399258,190138.93342924403,484833.69827639614,217598.02429834259,134137.853293237,768970.2868576613,135360.37035620902,72408.50126878782,53356.43285533337
127369.30094701133,681841.5217303098,382467.55241660675,19424.651809758267,305921.3939181047,241278.1867833787,214060.83140290732,363902.35754347325,203166.81087351975,222510.16650901642
135398.52281685834,232369.17359139802,47888.56241954739,62292.092001096076,223390.73658143263,29519.64261637704,339040.5845416271,189703.91153957206,154483.62765652372,524766.4160994109
33102.1338334888,723835.3320715084,60125.54103776136,173785.31387253772,258625.51942113612,45652.622934477666,283817.87109831657,218176.81149455212,20990.967673246854,305808.43676114175
97266.22677440851,155566.45703318735,83532.0855933761,53211.84812023844,423374.1020046414,101823.79973173287,131139.6179822842,188550.12261517567,197180.16320512333,206907.1176192634
452230.4950852404,243719.86605855075,104427.72274644212,170814.7878795436,152876.934459868,67838.27529398957,305801.1368988558,342719.9295178712,57118.72501043499,813197.8859830606
69811.17500844195,139816.51298159364,63455.26952516123,110560.82463776143,493397.0860695854,230497.62259487464,52703.93592907881,47616.53465868626,68849.47914140184,190424.8547189853
266467.06072504097,109821.42767520776,143525.8645268509,94773.07506026997,735273.6317063692,110244.19100569037,88445.33575868797,560482.1809857379,158384.618767092,203965.0388747647
337151.87673790165,171239.41962972458,258793.45062544788,86805.41134756034,76246.01241924199,259085.1502364205,434092.8250244082,423020.367382402,332564.7029384864,106555.40175611865
137335.6441103811,334394.74742154975,381039.3539168656,94314.48503697084,161498.65003686055,222833.6823315057,753666.5462441193,92136.24516320911,631663.4362404137,167893.8990467678
338428.7170015922,283906.32568497036,107933.44484790092,133580.09036510563,644462.6744719327,395900.9360200835,359280.49956557003,259367.5986478909,81089.68617818771,580298.9321273735
363882.39450424537,314197.1857946648,50104.073459646395,95690.45609251327,174467.87736044984,182641.947717665,124816.52645483558,518934.18745452963,332698.833133603,586291.1142342195
577766.6004859039,301808.1283625398,324197.95747261925,136598.35660851657,170899.7580972893,54666.46964852064,635492.9755098989,369919.70616145036,115917.16170760171,1106845.98914967
186279.17289332894,123659.77950084915,60947.00380583821,251494.9957733827,473543.3804182007,142505.57419011465,363134.77478789946,253753.30601193546,215630.99377866002,900291.8186716951
958441.8618024653,393323.09660368646,123348.95306580662,257534.63206966186,279338.52085334586,448690.2928916692,565699.2222589783,345637.47057854326,153981.23461689963,86242.50654832636
643421.7086325206,649430.4779874699,455898.0838437996,125839.71796089472,263661.5316639264,211467.712626312,254793.71891483356,377148.6964681956,411254.5683929246,918154.0261318653
569592.1628542782,387698.8884489361,195376.070016411,134369.14089972153,164464.44752731972,583752.6405136196,564651.6695806003,285975.2764793185,301887.77410548914,1382720.0339003475
356595.1441020955,892203.351540511,227909.80377282103,69739.58368827886,382773.93311806093,299595.9587682979,594876.4411928602,671466.8029305484,452837.23944380245,2077117.680669522
264626.92550718546,794261.5860449276,494443.0101340235,92572.54199242857,619183.885996526,231308.03326478723,365813.2300163036,938765.66146745,332385.07991462765,1370997.276519556
114785.56815680527,263670.43679198663,221490.55625758943,191873.51508370988,1436381.6764922012,680282.0359624564,924511.4475770656,1923919.567615184,296739.8207012505,702253.8594660311
537042.3236843807,250613.7427236071,336494.33339989994,85255.38190684981,138169.02506835226,251864.18755235962,1017815.9415580637,966956.3887230346,117094.12214614001,314084.12590889656
493962.0775483473,413089.8574350246,221849.26683945398,186132.8436959273,124298.09511645175,425913.7537326876,447712.7536630223,875373.6902753141,1362065.4527807194,1034068.0739015072
334367.3262819683,385416.28594266943,578227.5732060618,734889.1195010191,224618.38717646233,513753.2365436013,352296.14561437827,477559.68527911755,777096.4911208071,755601.5596151045
1552883.30491298,509465.2719415588,364556.8532879761,363293.76421132125,1444003.5057522045,267498.2069465899,371261.725745892,447448.90951526345,281667.5639316476,1357784.2771249774
532195.0080622273,341693.27495781064,1265668.7943726443,162874.49236456255,593812.8894176844,285854.07090708456,676902.0639998408,434487.4036750391,551642.1327280479,473301.77856305934
1129708.8068184527,1150826.080335273,164338.2427358772,52747.871705372614,354734.4785733948,162077.91172654447,511997.4496581822,419160.04133292224,516257.06849078217,684420.9735763674
854915.0591179201,1427654.4132321852,399493.9651914694,230511.09290156758,870227.3597393346,660340.6595337543,232131.03211996515,890527.7356967835,280595.37668955047,670487.2611959326
239752.25820634095,231110.2315015658,309149.4466378064,193569.24469974256,559011.0090060892,966467.2496883213,534333.0577784483,653503.6945465595,1456476.359700466,1728963.1214906564
1283441.6414435573,1338590.251173278,369749.234251539,435625.3058125357,664595.318652016,1447783.9786805874,644358.1493685372,1096507.9571342783,1881818.7509756843,886944.1959857808
522439.4370295261,512849.4818867188,693357.339154575,509450.6977328335,1456292.7202248327,679828.4849260624,1201985.634611037,1486434.4039005353,391198.6034527476,1142155.5728616004
577329.6452111468,2358769.0551112564,2287191.062319207,319532.71007750963,383423.28153917455,2761790.616378474,338286.8425377816,1045439.4598011128,1149770.2816733131,463429.88859948923
952186.1029067866,2688246.9129215637,636452.8947882964,981863.6770561867,808632.6437974924,638984.1034215136,954669.3037990867,1138147.6107474815,1135409.3856550388,1015821.014974356
2088023.716677853,911817.5324177949,330853.4088693045,307282.05083293887,224462.49047308453,703380.4800744347,587159.3456172422,1507651.297951012,1329204.657180326,2494136.1904054163
815416.27124482,3143866.84213299,634982.7245662733,874776.6287288433,1029543.6663656217,1144719.0616227381,942400.6845090941,1813654.3343138397,2840981.5837069573,2073819.509321328
980723.2634543327,658615.4657403282,393604.4043040928,413378.7298120662,855737.1044081359,733310.1627025963,603724.1814215829,1162012.8103226868,2532014.471255744,1320180.1902783823
2476409.746999724,2451124.8669639113,396508.3378578453,403550.2530748933,704003.9048418985,1423842.8375302076,2580223.1188220824,2262213.5226566424,1091480.169791367,1158268.306397675
910923.3744152067,1206536.6555472692,363969.32372961665,250238.26485004873,4118767.078562327,919659.379629327,829527.6327312023,2032860.4550071647,3177311.6426341506,1122953.582207925
510497.8113644282,847452.9717042726,519315.8805129296,979000.7066617818,1294813.9488119837,1314187.3038877735,2756272.41746627,3047695.130935924,1710569.7946114005,451571.89331879193
1166915.5264939761,1437129.0054000665,1264042.2994832834,351152.6798829677,283930.9467580483,569683.8670795489,1569148.0898175915,1663008.074665664,2461741.3065170133,1438965.4786004373
597193.879113155,1366760.6412885848,755280.7264752736,731473.2499610471,1515630.9703704354,1090437.0682961273,1077339.402742105,1602079.832123998,3968783.5361408726,476885.4792070831
492524.59980055,4287044.051369514,1051257.922757812,1351890.972106758,3457261.851232289,1187454.5765249173,4753777.774183225,1349595.241571728,2386155.955975802,431352.7546146701
741802.8422753433,2393900.9212746867,559721.325587455,1434969.81219537,1105563.3714405554,1620313.8336907998,3170931.6629031906,3516639.905798263,1491993.5451647397,2394770.695920008
1629320.0902300782,4026448.2341432106,202655.84399357624,831868.0320067502,1651092.5364318234,2076055.1437283787,1153233.844658203,1551166.439912125,3639705.1596148405,2414496.5437105796
1559374.6459911296,1868548.615011077,756363.9150125192,811586.3545341515,1729652.912314688,1596239.9646134742,1325846.6873972449,2076308.1223495826,1386260.059400451,1208794.080326097
1190534.554007128,4166544.271886381,1278398.3353401083,1544659.616608317,2567306.0069491924,2822915.3814742505,4053104.3939856016,1792486.795950829,3226087.4511126,2801741.8240226354
516499.65982352785,1417324.5431627645,1596321.0729043006,743743.6675507886,571894.0886270376,1518858.9147764891,2226190.977141863,2966163.4790932517,2028012.9628113387,4600282.929422224
1354036.2149415864,566698.2488741451,1352063.7017351356,3100810.5906893373,1379289.4509418563,2341059.2075365684,1149377.6543083447,2314848.0114606605,1929722.4368072143,1590436.2024196002
619733.8712817369,992169.1580577749,595826.4661506093,907302.9984435395,2173589.0783544597,1457400.4159344365,1265573.9489071995,3761851.519489577,4350526.302759492,2943995.073101051
1294392.1156591754,1429635.9702837572,1669517.5061109643,2098795.9485704624,1646884.2108564863,3559015.6969958604,2602667.232276954,1354403.1143331968,4353836.261898938,2373596.617840207
702309.9058065211,452008.9168555005,1531184.0514928754,1078031.8478174335,3637470.0870553455,2007701.464046084,4192765.159968583,3630770.1404112135,2032411.3695068348,1047873.9944727224
347895.4574654212,4217911.197001401,1135160.2669419143,2744880.4668920753,3904219.227834588,1891942.7071891224,2309340.4790634797,3830962.9921983858,6007456.87523387,3645344.2548157247
383103.5910270073,2898430.536704418,955760.3172036624,1466553.344492601,2534529.3523929324,6442375.598258674,4096415.642949485,7030685.693950411,2986810.68310533,2090414.3650974995
1994160.2975161031,3540570.585135052,1605903.6569916941,1329488.3886125481,2080678.231440635,2657606.2138593495,1416157.5247622344,4801975.326809842,2935972.0091065746,2229218.1849179515
1884473.8877880848,3423092.496496626,2410005.2653634213,1034790.2922494914,1597322.1778559876,2203946.717720482,2313601.1175306113,3637918.0279782824,3560842.0322438627,1361039.1895546557
705554.3529814074,1994772.2768976483,1041551.4099388419,1775539.5569624999,5588451.886380392,3954738.0570221134,6111248.639674465,6916597.172728657,7276398.215038957,2126228.4679766283
2358313.8379834555,3526139.9679393917,1051092.5313068,2588315.6931852177,6766794.594226644,3652750.432560988,2711291.5710590505,4312744.092444594,1724671.8186064565,3118163.304218175
1143600.3668429519,3467739.502391968,293166.8426829391,2253343.3556839786,4317823.92123286,3845925.6719710445,3792950.437767571,2185288.3439280232,7359216.89278417,184583.4817607173
1843081.877258026,2510237.668083827,580520.9774549578,2503596.2284523295,3859465.2845210684,3523945.5996313654,1123813.4381573328,5076538.408769203,4737993.260942252,698896.1703525672
2946026.35796348,3665596.509907244,996719.505643005,1556367.658248538,3565200.7922097333,1709986.626088229,815133.094000312,5469028.75861651,3349216.6787828356,2949489.581356615
4516079.266703155,3281797.7558857086,3266899.115732029,2320453.117912497,4954831.001617054,5325693.423518636,930588.6386215336,4075941.0114026964,2031712.92719347,3337568.035381736
2301398.7267166954,2134142.638211792,1764017.5480084214,2481736.587251977,2972737.86864149,3706887.161016542,1509970.3876292428,1636203.1123154075,2043909.3679130042,1624865.663262525
1653929.249831421,4330596.929556227,708616.2394036071,2735598.478285821,6414111.774737282,4814507.751502167,3012555.0653249803,12540652.185227823,4220074.364627614,2923231.613369978
2195905.9880194385,4674702.448560787,1940584.0448493138,3395713.2446433706,2190042.6269942117,4467086.261706188,4664719.431028408,2798161.5181342084,1783606.8489727958,2948477.253289344
1772584.8316272548,4535739.430775241,1906548.1653208733,2244602.192390321,3011376.349025503,5233603.5513350675,2180089.062078781,7072898.75453792,3055696.800810446,3685111.684064375
159676.29432998868,4067157.385388952,1874107.2006132784,2588990.614437515,2655134.660003586,6437626.839171913,6317909.025041524,2300122.2178750113,3443744.614191488,1985419.2842288679
1507225.0231158668,1722617.989747122,2803226.5719007296,1945735.6943626925,4098765.428846875,4443043.802816619,6201340.788679355,3237307.495599658,2967195.687298002,4698272.373278524
2573682.7882378693,2903513.632874001,9038801.161020858,2867484.5700628795,5172872.9494934855,6321980.516377705,5940227.5975599345,4368920.140548963,3539430.7739984645,2305994.2763142404
3458443.1193209835,4816244.7125515975,4922540.199181424,3342677.5751995486,3616559.7731421785,6094370.49423102,4340362.8190270355,3789761.277581296,1465113.706949696,915915.4093947901
2228877.8779385476,3207515.6688227733,1090658.149559424,2104076.0459374674,4208737.220486207,5565439.462590588,4780971.132781555,6728582.7791476,4487814.354137404,2654823.2106847353
5211094.616362071,1667066.3740124342,1007299.303610342,1700998.2731785574,2309300.16100444,5400836.247776833,3015851.1036526943,3238847.9660407566,4079820.097547947,1958557.182208296
1901177.848228694,4929687.422369444,563843.6970879497,1133600.2483843968,2810548.4608144546,3539891.5763416137,3274850.0684307003,3674577.595213549,4610425.207147472,5678779.87366296
2533772.5485562216,5096164.672398958,502547.2529691235,3147409.5473536346,4748127.653156905,4436888.877396073,5425733.253777846,2801613.033053697,5691817.959835586,5135645.945639887
3571620.262381718,1122363.040701228,653927.2124956785,2800516.2827812615,4617647.880826056,5359169.625183845,6603544.001260965,4550136.337576932,4420973.696943898,4168075.675769318
2404267.426347386,6980035.326141445,807859.4800457035,1651440.6495402826,3021899.0779863806,6994080.574004232,2651832.579079994,7180143.917090848,4727660.427323821,1745319.6769699878
1907131.9465262617,4602663.3250817545,637954.9460618246,2334758.784977101,3859296.1028295537,4746927.379457456,3374588.0935245883,1975336.1042454066,6342459.104183877,5684199.55455024
410136.2026406563,2733508.788706355,1909188.722209379,5836210.366452832,2082819.0778555898,2262041.672882062,9679622.72061362,3885529.010327313,3479989.636749163,3937732.336333365
2375726.147632551,4309724.002291242,1100948.938140534,2598123.055362069,3160419.036719933,4620076.8751220945,5774939.249159355,4364398.545494068,4915482.941408753,9379192.82150848
1685163.026507515,2616089.59406351,1160515.9116769726,7306000.377211594,1394261.0766890764,4481390.961173937,8678314.329711875,6617101.613657058,6867816.856738813,4986185.186158589
2908636.647914736,2002031.968450575,1431033.0351152169,1341875.562880891,2705992.5187640204,3522844.9219463617,4480178.381728028,12101659.733329836,4701952.91829167,2226069.212081007
6157237.42684876,3405470.7973653795,1398056.573622829,3130385.204088331,5088161.44676528,3504563.3392025214,5764194.661103748,6239764.99301575,5597904.043658481,10231852.617163967
2379633.6942597814,2625427.132198031,4820105.639996879,3552497.1555109583,2071585.8435690913,7530369.430636552,8029650.378162005,4131101.733396813,3023273.8778607245,3126325.793357018
3929371.8252587435,5474458.10171268,3561665.569186032,10193250.856656577,5894435.302088342,3571478.5172937843,4755851.703030138,8585419.992367547,3289642.2574339365,2809826.674341299
7786252.05467039,3454311.3480244623,2969637.651773884,2446405.784923251,5819415.002107064,3091690.6086783954,4832676.892996059,4957374.941917315,10470622.497079909,6143798.280198413
5726003.263260708,4066774.7657956947,1409579.9979571742,5263791.8794001,9723086.288934145,10242468.989944426,3994854.483972096,3802540.4448661814,3147236.825449777,4206204.341317132
8901796.879649729,2248120.530086455,3471085.95900306,5059397.150880466,3731770.316147929,3696912.863673667,4328164.022630909,8806252.085985504,5194166.353764831,5484646.87067497
5275728.063419762,6304376.944333563,7400165.503012288,6380157.955733433,4350773.8820548635,1020447.9656483916,7284001.800470944,6279204.676911727,3466804.989181558,4258820.965299027
8838897.152987594,5880370.676751249,4136391.6908304705,6035073.921740975,4435622.453678556,6452660.847257471,3007124.8150902283,4169149.3230587156,4608129.384387312,4836601.22747723
4460469.911241823,7344415.733758637,3378782.186174617,2995854.9024592657,2657173.174573171,7021441.2925341595,3072798.420633954,2456201.1596691003,4472202.839645324,9980655.119236998
8939519.344098235,3632767.4621330337,1698240.9628973356,7685899.616126846,4624282.155912293,2333575.6412845575,6020883.136082942,8225552.307021941,4231227.810494021,5589184.621203122
3004210.3225622745,6264571.685064777,4476926.857871718,4780841.6526436675,3367102.6449335287,10637580.855901362,1671201.7221038837,5236191.261442389,8036904.900783027,2759047.894227287
3391109.958068472,4385167.133854615,1577758.582937934,4505317.915675693,3211097.1948339315,3311740.8538029757,4690814.73819613,4487804.125032705,5253394.400440942,6686810.761053801
2898865.3939023586,10097410.399943914,2769181.5411196114,7460663.520833938,4248213.092716621,4556760.043470031,6355585.008331955,4996589.564497702,5290723.374192819,7599874.977206204
5251361.650065472,5543455.93837858,4787419.593415003,3804218.811928647,4513661.124722041,6467460.479836388,5008858.541479113,6937191.462287293,7409445.195111697,4428295.18562931
3240157.136055002,6093937.15938049,2295738.694526443,1348432.9599986325,4285343.7310843,5047339.321392442,6288566.880221124,6755846.698430044,3749870.0723990393,4425874.743376443
7628455.57158833,5188926.886678669,2491916.8390009124,6245283.448910667,4956284.50001015,9278965.745200407,4286848.3699414525,4281884.599717363,5114307.053986746,4248102.181046077
7090634.772217531,4162417.322262917,4105679.6921223085,3357306.684323088,5066117.122285608,5199144.130701699,1874517.950750262,4812764.815563422,5996465.872886453,3487837.1149338474
3391102.1385176694,4547727.396340851,5174960.094135212,4716719.977313586,1705885.514423691,5926460.921372016,5346935.500827889,9431623.577392347,6312774.505357843,4820083.28223613
11328858.052210033,4619547.582659942,7863795.319146309,4928741.850645472,3559229.4024717784,3464748.5901764394,8917073.001617443,8236372.6217129305,7829845.579140074,6940562.733053252
5843245.035962001,2836632.37458062,2721130.2881329553,8575956.903713508,7246088.391992689,5683637.854506892,9902163.404988738,8599525.603378665,2052286.89575789,5623043.128089389
10333409.645061465,6753605.399506671,7211097.287739646,5352780.875989058,5945874.47228095,10659274.47013911,9672987.197827637,6600788.141319793,9297521.179127473,5003224.985008391
10255677.860227846,5509268.7100516185,1121555.3665190754,2386070.337802451,10191006.189532872,9296038.47890018,5849132.722956087,4363407.152455627,12606977.95829404,11173725.79558596
10283407.999059271,5382766.601896285,2052382.683081165,5086530.5745154675,6795434.7294119755,3411917.6749223997,3362134.8949938603,7729392.30378905,8540248.300205573,5822341.605234483
5249690.158469146,7617056.275591967,3897078.951564718,6674068.676960008,6056556.602763979,8684135.246701743,11031264.583628131,9776182.313234162,6933110.7573593855,3329642.5538545703
4860918.493404362,5366370.862816046,5043692.692896342,3624616.1864525015,5661923.548132805,9847008.541029135,10081862.525856785,8325271.916280166,10229792.265147287,8566870.664018918
9985877.525248334,7541667.185222703,4577232.073097913,7498428.015052276,4066025.339577278,13420848.72851182,4533249.606844292,3788996.1658867453,5789835.165926382,8580513.969441984
5881777.371430458,8281151.173069999,2602187.957122538,4442306.094454095,3580693.2293167943,3343090.097452005,3085282.6153281936,13604723.896888945,6904546.757002777,2580847.715511961
2381317.708667484,3055679.957773551,4848312.984629037,7683607.046161654,3016270.8445180138,4828125.241239077,8004708.94843557,2954084.7758913245,9621750.93943702,10793994.799254918
1871806.759662523,10019726.602611082,4625203.484754559,3546373.345049015,5559265.42771818,3171596.473679817,6555883.950888664,4989321.958520712,5262371.727500346,9047693.236345768
7093867.053599204,7537239.421982526,5441973.891277443,4465219.39908747,5327858.957663681,8191949.285736667,7537367.204417238,4117890.738265634,10902117.65796319,7251999.671379309
3284746.0486582257,6156480.796041204,6783497.595979767,4399667.978981311,3285328.4806178436,5930720.187136214,7168267.865734733,4517107.35913948,9593001.692826943,3758105.747626574
3270623.108085163,5099983.609094799,5926649.194330126,1461507.3601931601,11212321.7713138,6804435.112018989,7680947.121819682,9467018.525022391,7823332.121709032,9183845.468450401
1736219.172074178,2714999.782931291,6149579.565515444,4073370.54478351,9892312.890012559,9314054.404774025,6977044.794784359,5645286.735304914,5639251.50253831,3396734.957949691
4302790.930933656,4720771.742477806,2020767.201525603,5770667.199193337,4428840.203598072,5036586.255809365,3733841.335519798,9895325.396426167,4710839.832121039,2654050.427194531
8078533.67014569,5889263.413234027,1596975.0533359419,4364680.360073714,2957729.6584152696,9806070.371119296,4230487.22488335,7150784.132112633,3813961.4570557484,4898237.322242047
5465693.511334878,5306014.964416862,2758236.938058337,3054293.6815670743,5541226.002185684,4030554.029230573,4727677.166442517,3445604.4551733756,6511981.81692451,3163405.303045486
9572284.450043892,7170739.611315171,4406975.557154563,4827247.7395117255,3898854.021744558,6331956.48817857,3835039.239082994,3516039.9698620504,8285168.843086358,11843887.938927185
2792184.96626749,3345257.7790871635,2697529.2069985364,4734292.47806815,10251250.688467696,13419179.630932702,6032336.244935973,1800158.4949315095,4821751.488903761,2814530.3539112066
8379271.389897156,3328879.2805284844,5412045.305997157,5112371.769102562,5896442.685064646,4922328.074492161,3805932.6900894656,3933245.56971692,6405032.997185106,1498170.6475971208
4546210.435442126,8388772.5691961,5462728.556370904,3283193.0604118216,5520575.831854135,8979123.750583945,3581407.12151039,4581745.725272756,6611983.511571925,2929678.5572191994
8537557.393740045,9553183.978948748,4902809.191731056,2279660.823020634,7713189.072954565,3711591.5929251867,3211562.6699971617,4098846.661177606,4634066.613336959,6013959.019688739
9088548.581199842,7090143.306787335,4889371.379376955,3099572.823057675,6348126.993885236,1471360.6298457684,14136363.56977112,3720376.297410429,6088598.988351581,3037331.7821155027
5137577.30657378,9232435.850480663,1426058.199940421,6952023.777781216,5107365.831587653,6408608.6396077,9231919.98657873,5131847.415304471,6261462.845566355,4988983.881561037
7251060.265753792,3259923.381077808,2312317.3468879363,1938034.2303396964,6414733.410148981,4997701.269575519,10832349.560836218,4836452.6700022835,7794754.2687799595,2521459.1645226125
9785680.261925342,4273926.972483945,5166870.317768919,7097867.431565398,8044395.416387831,10207600.146726832,2640371.241856861,6022855.439121057,3018789.4490902084,7227228.691472038
4288279.0522465175,4809790.411013969,4452035.024912205,5671588.475674047,9281117.29294266,7650982.006823016,8011185.789745431,7524118.573490726,3013464.555742206,6135312.228836555
2750133.612835054,5947169.930081861,5237945.38731852,4534954.157932678,5227360.165499364,11069223.269298833,7075291.3893711725,4925021.359742665,6596848.3013039455,4114211.9433352775
6091815.786179464,5843176.599734944,8531185.30567786,5804871.89032741,11817235.426064225,12544590.884652773,7891679.612541456,6290975.691194967,7024632.249616828,5350821.451151103
9611718.71129186,7573153.065767039,2062903.475261794,7164119.303915935,11402002.27574649,8141494.4316078685,10036249.022495693,9569767.545920216,4620514.900241716,10043335.643018797
7489236.3218472125,5923133.638548137,6346041.377220524,5553583.023598406,5889912.973715084,10191299.779481687,7481602.723031992,12963474.101931492,6104220.815647364,5102952.16975328
14093789.725208294,7141451.930743699,6533231.1575281145,8159982.299435278,9116605.14985977,7215443.958679646,5797134.912729034,6348275.084264945,5958840.091044847,10472084.838876095
8243165.141073598,8544669.459691744,4432551.392326986,3908720.379795373,5625338.198220001,8378869.629989331,9669612.130478032,6622793.298143198,3313844.055861421,4095061.881441868
5652841.160896721,4970294.621226201,6797334.859836282,6398857.843022633,5826780.711643804,6486791.161894252,4475535.4734605,8210036.750827309,6053024.141402599,15678589.836712396
3212715.963262736,3824252.5476484015,5188651.103762249,5069754.647605816,7244829.897968128,6493364.649963703,8485459.64033827,13441842.304047113,6689560.170239782,4951443.960427061
6652023.468179017,4432533.24855296,3522146.1256417744,6624959.694916304,10478648.234683445,7674943.279110047,9504316.851393193,5511358.714727569,9284403.08026285,6404469.072234474
9395272.840082124,7495495.848977474,6730602.082358856,8871967.003746487,10517713.892383076,6889568.270132941,7589660.0677947635,2500982.140059736,8327321.250716085,5771494.018577837
6303388.0038508875,4723036.983923484,6559305.80619907,4259612.171805527,6020130.643355915,7982137.767428397,14724825.418894207,5382689.6951809125,10837566.032229044,7388133.787877513
12678906.920186242,5724762.597420124,3933059.5362535445,10106815.539654495,6668243.215493355,5913073.312157328,9995427.260287486,6008851.093923667,4371712.85760439,5712944.525424748
8408375.437598625,9709745.36846671,5838446.061200665,4612617.443120042,10230015.586552266,8183573.630904303,12925892.90921516,11597235.712352721,4703545.941403819,3242990.8030747217
10724105.941262407,9984506.468224853,6144806.887889985,4883792.101705817,10546408.738321643,9652354.320804061,8227326.628278301,4156395.0155410683,14726193.020085018,3462075.0371741867
2085170.6116147104,10517761.891618082,6080813.854633117,13448500.69728631,8146607.446406241,4793481.107008375,11265258.22675806,10529918.629958201,4806710.749973322,6391071.683671564
10059493.539624352,3848915.2895708224,6757252.878089992,2904125.360242411,5688499.633597299,5752485.438597528,6824133.04528216,11794727.132278627,8738039.492148653,4847840.937115885
11400537.954801273,11858838.56290836,11860200.521783553,6913292.3521243725,8685283.441155942,3213887.0685462966,8110662.649323123,7392313.21733224,11073467.14809503,7658610.996103575
5489875.586286458,6330833.758193773,6573031.777847925,6109541.424367403,3978156.6827846034,6240427.006696791,3230305.2965797186,11650289.471822057,9609012.518115612,3302836.195870425
8528585.024020132,7518309.568745712,10797328.853228206,6557224.472527785,6275326.171264366,9476001.536117561,9222543.522283265,6711515.220571528,7611824.992637074,3408559.5140185477
8665393.482380753,10080652.762282072,6880347.032863938,5161270.975897018,3544399.510083697,5238051.655670356,6451737.748802954,3959670.38167369,8345785.309860652,9651640.406830108
4399659.596157897,11303654.728906766,6013053.735771628,7008613.482955099,11214650.935213145,7380539.168796459,9186854.572181223,5876192.871801683,6249206.962642443,6660334.446970087
7663097.258593871,3904971.214477603,2965928.4929425647,3709840.82703672,6310518.533345986,5195188.228737863,6104318.114493964,10776145.48217879,11343331.309664654,6934604.88342241
9368758.464124277,10787863.513822336,5784017.692449579,4815944.037789656,7962199.784393451,5554758.0220132,10573557.299230775,8190814.22230297,16108705.540201886,5369309.72073404
6121279.976841672,5022309.924817038,6626042.419207326,6284031.239170032,11747838.828544289,4975260.8776558535,5509348.573989205,7445010.535544959,7832788.026764827,4386711.781029271
4266159.125404586,8393329.375571638,2231265.587427638,4894015.919905628,8975664.233502096,7756922.54376867,9832387.438647887,5703069.619450981,4723903.122901885,5328517.318444959
6136425.086713819,10366048.52939214,4445100.803133818,6937359.732544332,5449421.432812184,8390773.055259053,7643563.411608105,7380689.757216522,8453351.094686506,4420124.070145434
4865578.53648021,2768251.3279072554,7122183.488384146,6837372.847363562,2926618.306746676,2576766.544418241,11306217.511041708,8288158.60191186,9814839.415581726,8783233.60553364
8766039.287357027,3236837.8595484523,9602449.267301563,8639649.870238429,6569498.790938541,7637918.51898903,2639668.4825278497,7209237.786759992,12508593.221451733,6896023.708712179
13715249.204045944,10190149.064342728,5802995.707122834,6475417.129585524,2416648.812580772,6572957.953967098,2887505.214254367,13286636.75851039,5239337.882260224,8611619.161373725
5616470.262971491,6879880.173980367,7403298.718392189,5993420.874217572,752213.6643569913,5945114.810124489,9162638.714202581,11402257.981995432,6540678.498830116,4870401.381435951
4113255.0034126393,6438617.298399955,6524047.817990656,7505287.712066015,2019378.7362106093,9065592.785561197,19525822.109596834,9921523.728211533,11803275.917816069,8524681.848796504
3447312.434847607,8337636.389652103,8516963.379449664,12460073.959740717,4146231.9674584502,5046876.058996464,12202365.600583933,7560987.098754168,5093794.367845926,12572172.829176407
9289850.208062612,12420488.528293312,11080161.240928527,8609988.791564887,7475788.67274896,5672163.4541746415,6128952.623222716,9329495.737824496,13047508.540354332,6401928.340780903
10377617.704210123,5409303.420619543,4625426.032956283,5640551.437471282,3713196.955266266,7157861.288588,6143426.167765582,9183632.204419728,7557017.811741933,4468498.839837819
5143234.560672411,7726091.636689838,8960328.939955167,7548294.84155564,4004742.3733259435,6312710.730862616,10643526.802490784,3026426.0161430407,10090862.640316235,5903065.6920444835
7197087.566605549,6858218.026716251,4939020.361062366,3827004.1912374077,2882778.828708904,4878524.947552568,4716407.574016995,2891300.6922403006,9993694.413862456,7688720.316865655
20293284.018530097,13023510.160988504,4994507.752608653,2077278.4448704617,4359470.901310629,8022855.361859549,4235247.624279359,5154929.91773589,4750990.743223543,6047905.10083743
4714927.508261526,5938050.959801324,9470788.600949507,7930689.2336271135,5217820.2815796295,15661552.198404614,5750098.426246539,4121798.0983191757,10932927.62808883,12353316.600096686
3018456.2282905187,7256685.230449783,6941529.55555166,4931600.700891793,9060052.060255328,7990635.370720525,4429353.399126086,5538625.818389725,10436615.792935103,9925944.122451419
6195111.154694411,10671669.510951497,8017617.514225935,3617500.3696269044,4865891.7711135205,4963577.631515892,5393145.744896632,5386881.38444759,10223741.18301225,7546566.445641541
11446359.855757399,9915465.027698945,5135067.572671987,956031.0191217639,6066118.2386855185,8657864.125163807,6850923.322236046,4582596.215622188,7790539.7780177025,8883853.932030143
5835059.195911549,7690261.633112057,6033682.458900204,6524384.4226566395,9751292.515985336,8210071.389440646,18729859.91501748,5297230.969581888,8659383.216968808,7749409.158292428
1331420.0431622728,8811590.164404558,9860536.274279948,4380171.777517279,5135518.198858374,25093635.870830502,6507942.163251741,1985791.2249964292,9543351.2931788,9206426.912232764
5238463.358628288,5759528.631138798,10843020.396629848,8485158.70885224,5138372.53391047,10099380.315885305,8474266.75576813,2822605.652417869,8386688.569359081,6460443.26457931
6167202.505394707,9878974.006210102,9131071.96997045,4340529.3553038975,8101935.461093424,5319961.576894319,4603458.069992284,1333468.7121742002,3194620.459334635,11466979.247277183
1832662.0111677821,4742982.330901103,4274994.394221948,5597322.66543766,6721953.753371229,6094160.6686447,15692312.748130389,4873841.321650716,6724345.889114506,8374205.283985098
3819478.5061812894,9622824.511952776,8896774.923724558,2527154.026355858,7716024.587203871,12528142.019952498,12297347.468654564,5440779.869739564,12921163.902333133,5494555.4312392045
5238461.635143377,8841997.205200432,6792753.491211855,4862106.556009422,6583494.821880917,5501005.523946775,14590169.522810165,9371519.736086557,8973885.140777545,11143740.637208149
5867732.4314127555,11347944.343552379,7723945.834064815,5732788.700298131,4993476.958442906,11149460.439265883,6014663.017990826,10708468.122989904,3781361.7999120085,9401460.77945001
8358209.314074027,16168349.01948896,6636695.444278699,4575004.178150134,9643497.340708889,15722208.263711227,14589153.204033472,8586410.742449349,5931119.582065098,6417939.099944233
10742235.472859267,15313594.254010601,6834924.64912348,5926183.636631929,6079301.833014109,12949360.329795495,7894499.810264378,9344722.064970024,6464101.490660379,3260099.3024105444
7412718.801390009,7011419.676696453,9451649.149651816,6650114.098646934,14705759.287483163,17029571.20532016,5953671.619653912,4220518.794808461,7645127.776880035,10056114.436878752
9110942.854487795,6923363.017296953,10637668.551994894,5869350.718922655,2444636.5772960014,16622105.891350234,21045827.76833559,6522200.567846681,4997258.034357086,11179311.033691222
6383724.04216133,7315406.068505445,4407043.747770743,7118635.622513494,6281893.778440427,11021602.6923245,9605318.652475119,5061306.414510324,10401011.693045631,4289896.684234609
4475371.663598546,16572152.341745766,10441745.983975757,4978730.891479254,5573438.174660618,6308325.739673293,7478415.475267614,8953879.216506822,7463863.927726634,4556827.010796749
5414966.350856541,15223554.564701695,19627817.19145597,4719922.9941960545,3576221.9249524786,6332486.61605283,8669115.20536197,8872411.496600265,5642461.240536948,10514071.600201285
7852614.515840905,8752539.63830198,13947019.460962828,8085350.243273298,5616227.546265759,3142785.6343726832,10417875.660132991,8103590.943357054,10599458.738299998,6453645.683192292
5641108.532416583,8948812.447268143,5830554.775408809,6183345.008333558,4988373.990416362,7859158.835113387,8001926.745113587,7552083.217703544,10499339.164786004,7696223.171644768
6298237.353554255,11027044.812295936,8066037.684734784,15246700.977444421,11712099.405265287,3310939.5294274935,8432345.407570817,8234138.681616597,4886954.838673675,6362641.652370635
6397002.189182849,8638147.300159326,5941814.706420292,8061313.390763142,3960979.5644987877,6717357.986329613,10238815.567820027,9274828.67908865,5317760.72770316,9407657.405599589
10806611.015752316,5439246.280908796,7184336.098469752,4388504.654962734,9790729.81323102,4800525.489075927,7226404.273299562,5747796.062436467,10607398.252066216,19198815.55457038
7051682.512307481,5044954.571123566,11917205.01158458,8125839.882592386,7866988.130247777,5180921.920640283,2759151.1717654346,4352895.276241498,10928069.424384614,7696620.57126177
13344541.390251871,5756028.718659231,6947453.707737528,10689286.406106707,5471186.20841676,7819906.346159602,10640599.130512489,2292671.0105488696,10004542.865572823,7570901.263962791
4026626.6254131985,3892473.791497927,16319804.710040651,12510350.797348477,5933020.744512429,6975013.4002392925,3377750.969567201,1010007.3836550496,14187216.301287197,6511853.688741561
5361256.987366642,4980795.733564402,5943732.114045441,5774923.571108521,10750882.714453883,4576525.146293129,17359358.102313537,3032988.464494337,9647255.162175503,4319174.952085047
3772027.1652158434,7811467.091080901,13132178.073445786,13591158.848265024,11486604.844426462,5389428.901310885,5728852.979978122,4583953.295578343,8230222.484294733,9196230.858738748
4054173.382393051,4613893.107972763,6787839.575669479,13603468.964536015,3659315.593434931,7358052.412307436,8944169.379378662,8717670.201116407,8547094.986093173,6012746.255818284
7396289.803254247,7111313.918667846,5034914.623837429,10728547.851228604,7790303.386452565,9638138.971452724,6211924.292103749,4058854.510054499,9206829.088034997,12590132.951421551
2832055.617909029,4306405.153756504,8660720.113652993,9191748.365215741,7304905.351192537,9093206.300039751,12177145.858858608,16967464.918409325,9243014.016317017,8601792.3909052
4710558.812366148,10130825.2532686,6258303.488889478,17147543.16789606,11890315.833694568,14942926.731835395,9627803.0648634,7859344.4542961735,3467680.8127676127,11113496.67679713
5627749.84137502,6734883.396976472,15254872.718312236,18717592.21720505,6550125.331823558,7378420.02472519,10157425.428544695,6428335.817556154,3585438.884531731,5409125.926046941
4257661.15781086,7771139.960263556,8781835.70003139,11086284.94994642,7774487.663420411,11663483.451680826,9272574.271988574,3745686.96506978,7095292.452851338,6578587.894511136
6669284.666387949,10408100.883109333,13618955.361719204,5187237.838450339,2730122.5215203594,11220078.178418782,13142045.914660975,11713755.456258044,13279564.55705972,5981278.410577858
12017486.783677708,6015164.127365057,9923366.504479118,6760440.382777923,4296885.226441494,14493346.758455742,18400958.013191026,6543493.847634941,9834409.52199231,6583563.634611542
12172168.762793375,8402775.414334826,11651598.981814321,12059794.33489247,13280905.837659996,14480764.07995756,19221187.263107043,14578855.600410108,9130796.540779497,8311734.555507485
5546091.502095308,2078268.2886586818,7739742.831716858,6559492.043014907,4023526.239968833,12363123.917828877,9333025.265763136,9972536.92564002,11821216.296720762,9735772.085788576
2418556.965289792,2427812.882255635,15388446.059734402,18348077.711336102,4230868.951286643,9138922.970626783,7028308.40424414,11713089.748129545,7084166.940275209,6757993.6190158725
3663023.8930037986,3167593.239627735,9666706.062848652,11830402.15802618,7936368.354882757,3289272.947788111,12487844.197864123,13333830.070715316,7263520.7717566835,6988749.477469189
6172013.576651894,4067033.846177407,15205901.92176425,7847613.794303101,5586999.534885491,10384768.82233964,8236965.816703466,6347568.937196154,5962239.774953124,9354151.750984006
7767929.552755488,8292491.0501552895,9660608.165258605,3093237.4924831474,5292318.944586163,7825517.853071254,6695398.545509109,2271539.0686483807,7961075.012742524,7403141.943436636
11457692.512813823,5253271.282056296,10226465.12930948,8270734.783461144,10004987.06608734,8086090.617899484,7456690.346089334,17054017.975900292,6674156.2831816105,7943501.108172263
7439167.04951859,2583888.9109632527,5251651.115356914,7587139.628116865,13396095.722064283,17300051.55808374,10533659.98107639,7781179.114202825,5259495.694426809,7486716.237837252
8198841.070541355,4356764.953469167,5246269.808094431,7480437.901346267,7411173.719760663,7606813.368303134,14353968.563215526,10417139.189253928,6366596.682730126,7463846.648748876
3082808.4354755883,2837725.846770533,9231167.483712755,7611552.779762929,15245706.43442038,15926433.7660102,7265484.641382073,7240230.923781074,6412011.470235134,6475749.861962986
4116588.842481333,8993246.899968207,6144859.639984195,4955637.611509831,5501156.4500422515,11436380.42759666,6141744.484196736,6111129.143327221,7634683.174156586,7186343.417750133
7537730.019080267,3441712.3381634234,8180354.36151428,8438205.684335712,6983308.266196641,12649774.845781758,11418251.491810845,9300508.391507572,14775264.005744241,7541217.955242628
8662907.948059628,7017462.853829236,12946730.834119424,5354609.698872591,16957981.37393881,4680003.961705415,12702056.136228383,7539397.456559624,9353969.904630095,9561859.132739563
6133529.87133694,1600295.4430079607,11403057.17112267,14381829.426442767,8132334.504571746,9241578.580406798,21422686.934951752,7233934.611523721,4829155.118563097,6269869.885767519
6757197.547924478,4922664.254991157,9627403.41346443,9645219.916085124,10074015.685891138,10748231.786487628,12621026.168742903,6309803.36234325,8317000.797070519,11085280.672218438
5682316.959970034,8288290.502472696,5644023.561935651,11449872.77162423,9288629.328497129,11796539.540973345,17232545.37237623,7349727.736814549,7502259.620523839,8947935.45377609
9274660.557324983,11162397.099863658,10051075.590995995,2451128.1519940547,14844419.748367649,6230662.32161706,15424858.174261995,9374265.785778934,7794700.51203056,7908716.260285437
8803889.63804557,4705198.2025685515,4448185.8026762735,12412398.930871043,6600107.786851397,3794641.079284491,14265074.126293678,20655280.676600114,6869761.440157256,4517282.084961001
5767870.341911909,6299314.3347048415,8518355.283458445,3435962.6094369367,10163513.374279179,7248274.134131934,4186280.1533801737,14335598.044882104,5767711.451697382,3900400.1743907975
3668836.5663815783,10333957.957123987,7201402.540806523,7747016.594546531,5758419.644225877,5601022.863013037,3093104.2939323117,4131750.0822115443,10909431.211731605,8484642.096545577
13659910.629363619,8502048.676342566,12679383.874279743,5498397.041408516,6752290.860261963,6583460.881065495,3537237.2421788345,3538370.7730267746,7297557.972361622,5395456.5713047255
6764855.299999116,4711506.458656152,18950569.231622625,8732337.320440872,6317477.198690564,11647852.351673603,10072510.77078806,6565447.941819521,4873200.3686853945,7322700.067883904
13312613.365640076,8980054.138636822,6194858.48436983,7623112.283931537,12334092.843425518,5047966.070615763,11956279.506650973,2698653.9908201206,11617885.598595122,8487665.17991503
4016316.146001417,5136345.424113745,9840312.714462887,6369734.268358253,16993098.275519602,9654829.093899377,13664158.38215594,10153788.791336846,7612263.386124515,8980902.741600066
8343025.293918176,7267794.029137814,4056424.4245181796,7754166.846660625,5850548.3183418615,10734789.76152775,8569150.03444147,12086519.716594428,1947713.5072988968,6947726.595901206
8040455.9074845025,8157691.183612089,11660717.998838726,6761601.413420696,15236248.858363353,15635870.795353692,7994219.914297623,12400069.64270987,4044767.69617274,10735467.822892101
11309150.204782316,7894840.760742071,7410471.705040303,7136864.112654304,6467903.918205369,6519835.010353302,17416572.033541575,14523235.012213765,3254476.335239131,8373956.388518805
4079746.503545125,9522538.187695928,9495153.838316686,7717889.20477131,6008113.3653224055,17732408.723897286,10645907.491902089,7600715.540983427,6214279.867445386,5830442.1207287805
4328888.033311897,11395805.454870582,8219765.212639341,14406762.579710487,13415223.233558092,4570959.7866340345,5216256.744141474,5902052.533789456,7613028.56551384,7904912.899985157
3609120.574935304,11463853.826409994,4241089.826165192,7639575.647397784,10781489.996143512,7812041.472061301,13771013.423371403,10217501.168037234,9895028.627848402,8745639.87221384
7579246.570056915,16890027.604811177,13833101.21118322,5136590.364893582,7308748.586234847,8453687.986972528,7419933.70158842,7821493.846659934,5821624.793865129,17434643.325930573
4206043.182186472,8128758.661161493,14599922.167506376,11742228.900323829,15438338.34694205,3805399.822494655,8002391.605042874,5888874.597187331,6663723.980540734,10902908.361352582
4337815.5783765325,12682241.702695359,13227899.084315684,8132156.853781282,18744628.635382928,11361490.307192102,13657011.1422152,10379882.9322149,5590679.561906074,9386175.702232685
1721993.3928009118,7336489.782575266,3772609.4438179615,11181623.744827807,4866064.495205504,4018815.6235191477,9199439.785685878,24209104.569190256,18162393.604659095,13707163.600117097
4568060.138519976,11694529.640210703,3193565.8419435336,7416714.473394428,10027086.698579477,7165314.987049577,5442543.313724937,7353823.399665315,11504416.66530444,7283810.512807906
8983969.770747302,10881873.46073117,12556636.339643614,6915328.6118498705,6627690.812168335,8137040.716026391,10604871.482195823,3473082.648889429,9029435.963764098,10573757.76340533
7116219.880431151,14066884.14290797,10263278.614344671,6083333.796074789,8948194.377427494,12362554.332171435,13358694.816420171,9070035.691235555,10404449.773913436,5329106.212938848
4780387.9814033,3808030.8810947314,11820034.49277679,11090944.033145398,12371789.866985682,9954481.390304634,13240267.350677144,10939239.922403181,6252872.9210958015,8195165.333658736
3285099.4568231096,7505868.615572301,9456767.637764469,8624364.143144641,14678004.77381705,10331101.70887947,17681390.779827774,6080518.420580014,8295729.604994369,6934755.770562831
11167717.25303432,4339978.117410317,9054229.236703811,5148650.333879108,10254147.309276024,13534382.077399716,9098498.38663755,12697100.188308734,4855921.845006701,7908164.09109343
5484744.979004162,2705982.2402421627,13116437.163918408,4388100.239601214,6845590.345703756,10769433.016674666,9272655.227380458,3948316.3553702673,9861632.276998565,7396338.236599812
8637909.362039175,6927192.867067043,5486828.948466326,11141014.488713885,7866789.211865138,14519273.960026477,6332378.25236221,19273556.097404305,18956830.456875235,10389749.461289693
3763612.866352753,6521528.167220457,8064786.817740181,7107341.150831617,9918001.480754394,12627429.889009386,19485064.31543139,13215247.520921934,11038053.21778913,6886654.737976319
6981972.845038573,6160244.706873584,7897088.735412371,11336417.367731707,5516746.288034846,9729329.497726994,9073368.88195416,9153338.145879423,5437132.304292925,8924407.390146058
5766066.488482743,6425796.804916197,7604557.396485673,4719630.253359552,13331822.010932429,20878228.585832275,12717577.306789719,8800272.0168631,7490740.704967708,4056320.859880678
7382977.52933297,7176091.807289778,4389611.354941156,8098059.623664681,7252442.745749207,9187066.952062313,15319951.165851196,14666968.63071313,7748523.343270038,
2476491.6834852956,12309219.448233454,13664625.453599393,5588535.203945861,12480130.034574103,5904048.306204031,8612303.014894422,14729995.023221815,9907208.930036573,
10595474.592450893,1541142.6959724661,9147194.491614863,5280433.299152842,14100834.047088962,11027821.772486212,11446277.225684335,10485551.313031191,12213276.086653337,
8895368.233784337,1812859.21410452,8639438.849680651,9816635.521254463,14234837.825651396,13097009.479033856,13485577.59092561,10069308.817853574,10929143.050311802,
17402622.186836835,3563646.151890992,13107834.12828493,14764520.387254141,12166361.588146577,8248313.802816168,,10379544.983283823,8578323.40445597,
6358882.22124719,8072403.395375302,15073160.162488794,6208529.252678925,10998165.89475552,11646375.177784773,,7656636.930128483,2466812.699155289,
8824271.03142455,3581653.598938998,7380661.513676013,20468792.340841502,5518552.600531088,5504989.20457336,,10702638.90818942,3298592.7305197837,
18199856.14156281,5159315.411649176,16028885.002972469,6865081.898701251,14946191.996311218,6212991.457996723,,19408829.850384608,7038751.079934147,
5945682.322430623,4878059.201856127,9983729.984470882,10499538.667673869,19230543.911748674,13970188.72430862,,8893316.141937446,4270931.281951831,
4683365.943762688,4829366.042114654,14074978.665623724,10307403.272585558,12515594.67197008,10703408.669685628,,9854385.1394618,10863979.871048477,
2552429.377010031,2717434.3619580674,10758459.586634865,8675548.992386378,,11287224.90870619,,16936368.366222925,14006561.630617362,
,2469173.9001184874,12179386.846768316,8864757.967792232,,7422220.233159975,,16583524.110397384,6925245.608762893,
,3098641.733870271,6325986.555797508,10509434.39708217,,15442247.800033856,,8929818.97469611,11264587.529788258,
,3826900.076358263,5173290.249508983,11549494.783888025,,4676705.5647678785,,12166179.92749561,4740859.9686439,
,8625247.210552737,,15666753.531215705,,13877833.922015334,,14654157.65447213,9311993.285473334,
,3170766.886623394,,9497363.19819182,,,,,5939085.74615965,
,,,14206097.893909778,,,,,5136267.816018492,
,,,7319910.536299687,,,,,11841447.307995286,
,,,9258269.77367371,,,,,6756148.850233958,
,,,7733898.746716987,,,,,15138983.94807755,
,,,10220667.9392863,,,,,,
,,,9524479.844784621,,,,,,
,,,4474962.12036864,,,,,,
,,,7619679.147138092,,,,,,
,,,8440676.126719955,,,,,,
,,,5216940.974428284,,,,,,
,,,13289204.901482267,,,,,,
,,,10000593.886936346,,,,,,
,,,7454630.770733157,,,,,,
,,,5767345.938863275,,,,,,
,,,6213242.035110893,,,,,,
,,,6625724.537832118,,,,,,
