importanceWeights0,importanceWeights1,importanceWeights2,importanceWeights3,importanceWeights4,importanceWeights5,importanceWeights6,importanceWeights7,importanceWeights8,importanceWeights9
0.38823116490643395,1.4254695430761917,1.02106082517829,2.6646365885127556,0.6920619029577855,0.9629558904652818,0.6396559294770007,2.077145288859321,0.5293183906246727,1.061336433914926
1.0193959115593272,0.6188255244865286,0.29851486979503716,1.7976728867745817,1.1610137744606053,1.0317086296596056,0.9086547538136892,0.387055622505689,0.424291399887546,1.5732705255004462
0.6228714160663358,2.973901208811693,0.18477250741413412,0.7546516974111609,0.36730120151832946,1.2886948450088713,0.6994540900719742,0.7593760301353993,0.526459754461537,0.657864094712917
0.9329087981581891,0.6186615366677702,5.248848437420325,2.725457083038278,0.569528334634186,1.4591211783660059,1.1786206360859197,0.2915925825576931,0.40023765681569073,0.07893120890419869
1.1036934650881787,0.7883471782073233,0.0807823783797373,0.8255693517058813,0.39340571476027064,0.8086844466470474,0.6738260041036227,0.6571163258808318,0.5158598526903612,0.441613112307054
0.32564228624000935,0.12203047702318234,0.4128854819184449,0.4829920080446333,0.7725033853953106,1.57103206563882,0.24793002759953603,4.384548185332484,1.4687052182456344,0.5977009162845285
0.7836614799369581,0.654448157382876,0.16016843528408095,0.12954311929087306,0.10986737374391274,1.2432171040954598,0.5888051312677637,0.11307508465271802,0.7406294178382404,0.6404846778058542
0.47380319425844875,1.3206678601063915,1.9646856096537084,0.2395073721810476,0.9114628718634916,1.5421740931534742,0.13456821924634632,0.39157172001063517,0.48787984461956047,0.1343968383215476
0.14762034656789938,0.725674475258408,0.38114095978035867,4.09500509296259,6.1678564249917756,2.1502064105518017,0.056393435567757756,1.1385966890348809,0.7744948782902779,1.0834333538987295
0.5825942955615978,3.2285849761660703,0.13821361783431024,0.4627989822353751,0.19403464676353718,0.5742436527072925,0.4405194040182599,1.7050680629723975,0.2792853240731557,0.28183094484800886
0.12816139520211992,0.2130234744663755,1.4019519945493026,0.38838116015530166,0.7029515040988832,0.2319827344853145,1.758525605125671,0.5007626701499586,0.2504627207206013,4.0148132841632425
1.0609424287420843,0.05171197063571861,0.21373500326584022,0.3746202061128407,0.37998462887371004,1.0108118021553594,2.33307553169636,0.32336745083612894,1.2352496565263757,0.2575013020678902
0.8951499414487424,0.6743755492163891,0.23153683456506086,19.34991969445822,0.12370167316877397,1.323360775937333,0.3117799158398789,1.0776244381217723,1.3421023789461548,0.7819817202229377
0.32311112528724184,0.25550373875804816,1.3045426750263651,0.44648697233051426,0.5781060102286235,0.3161608759008877,0.6910613255630871,1.7824082302451527,0.17445015773886738,1.4077770891754573
0.11456162545310623,0.6539942675033221,0.3946885464565933,1.9431719446635893,0.9507509286705279,0.6562948340127421,0.08602589436987784,0.25930139969035626,0.24999045065041775,0.8434785335309682
2.740536029959211,0.2405888265989308,0.10376865414130457,1.5556891684066885,0.16268015667773347,0.24827055437292422,1.283151004756148,0.7999416510867965,0.6349970232190532,0.26171249397066987
0.13111196977938305,0.3056140080727954,0.44372794066620136,2.417888560924194,0.28630924644578715,0.054082370257918934,0.7885476204895236,0.4072225113371429,0.20048355124675046,0.2875894955597628
0.027184563569438845,0.11432197976420323,0.7044884658059333,2.473419229847279,2.1001995347395996,0.09364331424899046,0.9378570850922481,0.08388720566089143,0.8815930240684271,0.03526563232473615
0.802680121107265,0.02123570596877125,0.37353129948327457,0.03423296160159523,1.196106580722165,0.8641622363892897,0.11898737673069056,0.7794031274926189,0.20046631338180568,0.5393824770098089
0.2474301702472932,0.32573635984503124,0.36648674732500913,0.08818396506478293,0.2236888661069518,8.76141913255704,0.20200706099371932,0.34597290689634025,0.10654300425356526,2.05120621460602
1.03232962375949,0.31322842997524053,0.8461088319531305,0.2601737510318491,0.9173929140166568,0.4262487267543492,0.7220421134094562,0.4222502312620606,0.6433335937055851,0.13935580698840425
0.15750376321312404,0.1003527558616705,1.704654972986939,0.07896159766501305,0.25672202719059894,0.4386373050802913,0.12656520949711803,0.4178381691935264,1.0719167645529852,0.35532350923369144
0.8129663532871938,0.49603277164780846,4.124974521138222,4.289189775387186,0.04260386862587444,3.1518047490004135,2.4936428853237143,0.18009967972715274,0.9135585796428121,0.3345303262282609
0.8085908329073822,6.821592078036128,1.3286521831006022,1.7623731352265641,0.36405396820726993,0.21251667447369568,1.1569369764095343,0.6894910060759392,0.7342814192924724,1.9263931792737352
0.3939078589890475,1.8619363879489226,0.9935485990987252,0.744223959557641,0.18805628060059962,0.7067145428967709,1.1379467059653605,1.1979011345560342,1.3944243865830133,0.5563955483392019
0.6098993110652354,0.5710935340817281,0.4996205080517507,0.06537200401261467,0.5150061243261398,0.1417045037839301,16.686108293493003,0.37065902395173167,0.14396672904620422,0.6692816565722607
2.0640460989757736,1.4383230318859666,1.577860462449936,0.7167099596540014,1.7847945355703114,0.08066670119980873,0.6584704845060388,0.3673312651788768,1.2345381259845039,0.3268416140777797
0.503361184098117,0.05733276622524109,3.3820854199875803,0.2149113730519182,5.685917520232543,1.9688068250189277,1.1397817572530171,0.7425480427492469,0.5824282346948487,1.0727725844312244
1.3945480505457228,3.4545045312369433,1.0114587736431928,1.3682482173284407,0.17361756787861113,0.1928988887255868,0.7923474950685228,0.3948857647677688,0.39321895219918,0.6487718677787048
0.6939609661938643,0.12056319335551834,0.7136316598046228,0.12901550415954074,0.03424768958545302,1.517118178496751,0.2441797523280173,0.8545090974743711,0.1791959290223489,0.7556339202299934
0.20741391334572276,0.2821634962217694,1.7340933961158085,0.3712290086501503,1.3716301983872266,0.8114217284082279,1.6555883121676342,0.08979770803832446,0.8324463199700921,0.6418177542023543
0.38539739901597714,2.5819070780485394,1.1180849302422922,1.7037492193078643,1.5529192804215812,0.3148775328627615,0.25641867900168624,0.8355968594773893,0.24402926248927287,0.20303871475185312
1.73538578429463,0.9700582006208317,0.8292757603418374,0.5332876998458422,0.8247071711808844,0.16000784306300078,0.5892230241163697,0.5382798002752169,0.49953432416889587,1.314623404995146
0.4417641036760007,0.6754557016065915,0.9399816790282692,0.18843125073372402,0.5541509919232646,0.6812133863400918,0.884546793883709,0.17764047214739678,0.7238013883842893,0.4063648038059452
0.33064347959743273,0.14887391017870893,1.1609291435553857,1.2799868786899322,0.405017310484949,2.020470293961004,0.8590785457814712,1.0524561229717848,0.5222979588559323,0.8080178455025434
0.3430997307240661,0.9240132729527205,0.39150725386811236,0.10502168213420311,0.92393696028678,0.06930316286139244,1.480510711701293,2.54236179506382,0.5024903834509967,1.6151779856520159
0.44377757567475146,1.4797237988486085,2.0965115714234654,2.2175452175795303,4.865169154904448,0.21456192878408142,0.45719642466241556,0.2836660544785981,0.2372306316134323,0.5791023162800399
0.6050036185618242,0.5205968471468453,1.1302142838838305,0.46224378779002195,0.17983789887796867,0.3185941468586776,0.5369276037434504,1.028063967052883,0.30090284827342123,0.8085707978967357
0.6487540566525666,2.322771038216825,0.22470399800221078,0.2234642093551507,1.9488643279684927,0.311950707472774,0.2514279452312511,2.6249536224858883,0.5518961356584822,1.3864855879040874
0.033132823707720124,0.26227364427496686,10.264540657692327,0.9625995331398037,0.3604177274076208,0.9204360394833904,1.2115660670774664,1.0328576485151733,0.893297125619996,1.0847014364564391
2.1641402066378848,0.41374186515196243,0.18810464271769475,1.8967203302925075,0.2308908246003308,3.7705706461223127,0.7893987163841483,0.7405292085959181,0.6556143586932243,1.3085330428973188
0.17762952981167673,0.09501708690002429,0.4448038630689278,0.1438412337689401,0.08060410674174188,0.06549304303364895,0.04288827793107692,0.3656066566732243,7.192614759640436,0.8459777062650932
0.04630969315483105,0.752755703522658,0.3997410566063622,0.04900421524936233,1.1715212325586788,0.8104352418883916,1.7411101795735198,1.460019771564375,0.1265599218690628,0.9667918882574273
0.4617553991009219,1.4168018221554126,1.7363294426153566,1.0678188706467437,0.21847176929783538,0.24845526737275356,0.3595524477561844,1.4380385977871908,0.4697887480236491,0.5332156493979645
0.3598723398057247,0.5165768622535553,0.6550964928632429,0.06298034532293341,1.2521526378483738,0.5961467917008936,4.087496149864639,0.8025806011860933,0.3219457681192429,0.4913949949550315
0.2156170293598551,8.819369499821457,1.126484932689262,0.27241513891106983,0.7329023359093141,0.3131788708777797,0.2753366137829881,0.6128162613366329,0.17804100952625618,3.063432341452647
0.4370554899775071,0.3132397017607673,0.35450997533336076,0.05940915624447512,0.6284117877233543,1.124385113544868,0.04957990567201835,0.3732851948714917,0.03425547872121257,0.5466535632732558
1.811519101308955,0.07712858342585771,1.0761043533708854,0.690749401810275,0.08658840516260234,0.01946440331054285,1.1522076670185986,1.729135939730189,0.3103889445469146,0.20214617434139853
0.05623029731269532,0.19824131697975048,0.5644930502739732,5.869478539951223,0.35674409627101844,0.9073561397685377,0.5398701411256147,0.21758624388009667,0.6353040417189076,0.14852329488179403
0.8279590563037408,0.0997326777890003,0.21618343790010425,0.5751611134809591,1.6091378781323276,0.6369346561170767,0.2942128101213643,0.8956522856359159,0.7625647617318332,0.1846628821514767
0.8002542954737791,0.7136121534879392,1.0529404050183377,0.6290851526016443,1.1719045712581433,0.3846368179302443,0.2990379151883065,0.5218930595081289,0.3834642957233652,0.23710953941423024
0.36837153760367963,1.2153210204284088,0.18717424235182967,0.3920670582159128,2.2981996821610524,0.9120990908362681,0.20011038543480594,0.2989885649801993,0.9431747347302114,0.7933766013446704
0.36891317303526355,0.4932631353524927,1.0232516969092147,0.06446340380439763,2.020686252470707,1.7063752571563109,0.0709869349326665,0.09957501782636445,0.5814733562393632,0.6115588085624407
0.8561084109279554,0.2454165214302387,0.38623341553025686,0.14125943936990581,1.9245028951038896,2.432115212898442,1.708958775276398,1.8562189205965394,1.874319868954797,0.49762660532186515
0.2537766982251971,0.6755118390927142,5.181170683503795,0.5859878954459075,0.37220068149959157,1.7390625493120446,0.23302667727873527,0.12869950044829392,0.36197443024277326,0.5748165285805216
1.081532300711543,0.7532731356068062,0.12106638710180614,0.03332254353412944,0.7767358202554979,1.5027814430538609,0.013110726716769256,2.276442120951303,1.946182293993137,0.48198904273775833
0.09318860478018354,0.474631231809863,0.8479397505590721,0.2173725973802074,0.7521286054249277,0.203603455641727,1.354021296221659,0.28208991661915495,4.743630886058795,1.1730416946042623
0.7415754585485158,0.2575046564324483,0.887069800033455,0.14751594710658056,1.1510934659844902,0.2710629755037404,0.2550212229800245,0.3786581291825135,3.0800345491472383,0.33171445797438404
0.40486559979125486,0.17730407254017727,0.6701860295697614,0.20462844541432587,0.4874355679943515,0.748064195005632,1.2911483947369353,0.30763965528834275,0.8343483937776308,1.9030125381823804
2.6750802813566765,1.1819745779325919,1.0874165361334833,0.027169958319303977,0.10038532703273169,0.5190003925426561,0.41809954563173923,0.08615741401947032,0.715274560675971,0.1773311462441812
0.8990926959785038,0.7635315368959102,1.8105758596087216,0.9630608659993884,0.9483396956748179,3.069759897172175,1.0742666738796844,0.08251372643042858,0.5388112980297937,0.2776296072736021
0.18457543843972682,0.611408826688293,0.7462375361310223,0.7797030425969844,0.5440590381643262,0.07258020311332816,0.940556167205808,0.5168746932822555,1.679767732064978,0.6468477932911062
0.7049290931961503,2.2604891825953346,0.3931993781615907,0.06811606884014555,0.8572477170784613,0.6920402814515669,0.7216479897573101,0.17022575252522767,0.3447419176876893,4.592819762164304
0.19454698952339017,0.5307953782749028,0.4337515204420146,1.1950028931136691,1.0314338635469278,0.1931379053708956,0.03759341702966298,0.039853709534805055,0.3886815997672375,0.5607889127495825
0.926894040418963,0.30845136438984194,0.5247028576361632,0.044480998327345735,1.50024604351018,0.09981055473074074,0.22561327707846218,0.36452935441408574,1.5858024166957632,0.8214670074247904
0.609501795826809,0.14755557987605153,0.9203683125983549,0.18397726919628624,1.564940270420274,1.4261557974066001,0.17733567351233898,0.8775077322789825,1.2101642265199244,0.034248139010415575
0.5716149540688715,8.238478266211674,1.3660362385626579,0.14655489717324816,0.839056462845575,0.4157231571310455,0.4607249790191922,0.22922740780139353,1.352264871869012,0.6879690403288239
0.5477655467008348,0.2979469837204526,0.7475233765811006,0.19320085845666815,0.9078579998361876,0.9712151391677226,0.44016432719270215,0.9686535356749002,0.12351046560084226,0.7956038408795568
0.32898165228924375,0.8758634507584868,1.120131220585042,0.43391798376944696,1.0539014863308767,1.619661336423143,0.11293045751571615,0.18299925851035714,0.2663269650130763,0.9019119937204838
0.6981315304415272,0.814339874167631,1.0627467934712025,0.4789684222817603,0.954177616317024,0.25467625193019794,0.3791513838431689,3.7778427475445517,0.20076246505497405,0.22695875738439525
0.3059524125400267,0.3802595602085904,1.1656785209860994,1.6924520904373481,0.8314127241644195,1.8579957934956524,0.23916005548556502,0.07684870252197906,0.12085582488445427,1.1129295831833295
3.244665909044164,2.4813500983704313,0.7695089580745579,0.2304850625740169,1.561949551640785,0.7962587116912561,0.3734933149593808,0.19773486052186878,1.408872964511995,0.19500825742885192
2.5056626007457483,0.25177288444333984,1.1861867354837226,0.05790726575272656,0.943402348521222,1.145642581544907,0.1325815908059119,0.28059114005513314,0.7505699087928083,0.3031557825611088
0.3144621415269546,0.14648765158040994,1.0456634367680604,0.4180410217155697,0.8340826519433748,0.7855476299726037,1.0054799842491091,0.1493203718281084,0.6289458665006751,0.7352887295759477
0.2802848947189015,1.9533349710268693,0.9420932091831388,1.5258950835925733,1.296524809472737,1.0035194575343975,1.3120531547103447,0.1923678043242542,0.07646621632683945,0.922722377747062
1.8698318819657416,1.3238825192012367,1.0096935419997513,6.127248620657132,0.38504853046613874,0.6211932268640256,0.41355557325910347,1.11752701610556,0.7695230467527032,0.7774146117654593
0.2937037255648499,0.6508181383675209,0.9441084233178043,0.28963392948352623,0.8379841344188355,1.7207865951550143,0.2490270266809652,0.16951922436859085,0.17132708754668216,0.39828937264800707
0.6408226820876287,0.7855513422000165,0.9236061892845195,0.22838248951128676,0.564629710060521,0.8312192443660958,0.46698136276540947,0.09416990927860325,0.4002147881698602,0.8594309152761732
0.28296544045066774,0.7799146776178809,0.8910243129161198,0.19863208959316725,0.088435656526797,0.48075671995650887,0.1639697053354833,0.3725467355670035,0.8598210738158031,0.7178072690155674
0.7214127751610695,1.186861842452798,0.681868712956011,0.149465310656135,1.2861189896491565,1.2218435646671515,0.0161393628025544,0.6262766039184338,0.14158586786166352,0.294314798727495
0.07863417366576504,1.054720134225775,1.207315073493631,0.06241276914196592,1.3162138985661667,3.3294410474617755,1.7443744899920977,0.09402056136976857,4.383700595214131,1.3201206584097822
1.2042810138949225,0.4821685658997435,0.4896639419993222,0.1744503141015546,1.3899187955362877,0.1572874142175984,2.641073894676304,0.18018529527474544,0.9206428919655595,1.558439226857058
0.8154528354106635,0.993707195968991,0.8599957586018085,0.08345341072513708,0.4522860633099426,0.803141605096107,0.9835651849694581,0.41309127248538147,1.1480774962151585,0.16853084965846732
0.9529101179762579,1.1788714714774242,0.566177573295351,0.17004264359081275,0.19880770221791336,0.8154828867936013,4.411975846834583,0.8686456698026568,0.259407727933562,0.514395732896386
0.7235075374092599,0.4780718358915391,0.5201281059637539,1.9790824980450903,0.8514144103707771,0.6534842828382241,2.7461959841214143,0.26049122857173684,1.3094519816082786,3.9229578182550466
0.6520072566484613,0.5801251918805245,2.306772867796502,1.7250214493895102,0.7872189003583484,0.8564668033834406,0.07444487795556541,0.04805990587328969,3.029474500275396,0.21417264281978535
0.3408589303336677,0.6164380062879584,0.3257253787490898,0.9991397317106254,0.7028896998152202,1.1176553375727631,3.681131486719157,0.909040170097465,0.052332895189532894,0.6633866414240647
0.803381410175429,0.7477538150652204,0.7585424605641875,0.3012388434489582,0.618959887283267,0.9342391314041578,0.104448469374249,0.9862220647542181,2.7750989891091264,0.26143437644662615
1.0119017900871778,0.5115988201066497,1.5740657344149367,1.1418727584340824,1.3582483869357622,1.1615820305084898,0.5514165504873474,0.3139434015585791,0.19680648018886515,0.5358026631976532
0.48298482438641516,2.1626618364963943,1.033196852461213,0.22080659603875338,0.8977916188979925,0.5990824234717064,0.11617160999551517,0.2352366394848358,0.9868669775955602,1.1301441975717113
0.1627699670609277,2.369870308441927,0.5225396074714064,0.34904921816518464,2.477135985835224,0.44383877954154816,0.05781215694110952,0.14020433066234933,0.8089166646741343,0.6168885934197503
0.08630294385935423,0.35193444750021946,0.4058972705677897,0.2262568548245922,0.48325785357073675,1.1381778987992235,0.23210345364297058,0.8710723325724082,0.5567701727368469,0.5042069390375539
1.128633278149348,0.9123508685220324,0.3990771145596655,0.5746943472470453,0.6612420680163656,0.3886531586028075,0.20433782750452506,0.681272793437852,0.11101075085926738,0.252933621343953
0.15506148084265634,0.5499669493066442,0.9420243295809259,0.10961815224721837,0.3018085296317821,0.391656470886269,0.162239983121707,0.3984483584457036,1.063627373887779,0.8462553180559
0.043734972718364094,1.0215209579331206,0.9986826179961567,0.3175193782552652,3.5226046851570367,0.044641358164192124,0.1964530468493193,3.3119899871860605,0.05609934627818389,0.5464638645415105
0.41594797983506276,0.7141882811976695,0.9968565638225236,0.1426559717631972,0.6616886793262501,0.6297240074326258,0.141296621707302,0.3369979376703764,1.0553040302407624,0.7127260214186009
0.5603044335225043,0.744201515808808,0.2969239647081249,0.5617917009467145,2.4258544776957462,0.9571588709292588,0.35312987191498835,4.881852942997449,0.2596386538215041,0.3044703423688795
1.2979687713580947,1.0498399157054035,0.16653989269948208,0.19625981655897015,1.031183067911734,0.8795858362448312,0.05662424880096289,0.059600593148209216,1.9808004203267886,4.0703052314540065
0.6896466061057507,1.088269433022484,0.6827156096728461,0.10892626914372582,2.103983551453217,1.8694730909643096,0.3221345510229565,3.2189921019700414,0.2906888786887257,0.4925337635646399
1.0917185598674077,1.0474550117623571,1.9787931741730105,0.4616026741413082,0.955149237937244,0.14700096179239658,0.17337276809177,0.48056700348224307,0.08808673944713442,0.21135690652857891
1.097433605592517,0.9870946484352372,2.8820296607598457,0.20456262122536595,1.5710136234197802,1.220850855654909,0.09313034594338017,2.65674469752292,0.1508501183943929,0.354857227277657
2.4474745384863175,0.8654855632586422,1.5302803156745421,0.12866095171274083,0.933516674912138,0.43646418154648503,1.0565206906076958,0.25942568962103096,0.617115138208077,0.16877619492352958
0.7613853668776045,1.1700704196040668,0.9841783716126173,0.5584901166185229,0.7782097501509271,1.8264312499776472,0.47279843658244197,1.3580231658453723,0.04037547242249421,1.0804753848872688
3.2114902112962054,0.702277920224095,1.376764324346091,4.035116502784254,0.9524938398647199,0.4104069344593336,0.13287671282956973,1.1776747479019096,0.0916369815920361,1.5927969486419384
2.0656326829487464,0.1858035502235887,1.0904986849072875,0.016223746093794397,1.336311164942969,0.717492264469689,0.2543428330108397,0.5704790535283044,0.7478063225171618,0.6223900171247798
0.6278171874104728,1.0210579279580423,0.4313837414241361,0.5371020594210817,0.7077741021023685,0.7070072720391155,0.8311782685787904,0.05641518870216399,0.13630931560768073,1.002641199051654
0.3548216076831519,0.8529614515733884,0.3683903739069127,0.1630319669135204,0.7249509305255829,1.0435312385996864,0.7487519325995936,0.6224384559670674,0.23463831363095797,0.39729779921906055
0.16231248196856138,0.6506146432127496,1.42968587454088,0.5457608364629276,0.5992207831197819,0.9864791605583192,0.03958672419459907,0.10158414169683218,0.07894365233966204,0.30854355224106494
0.37271419105869225,0.5496333640861774,0.9077658987566106,0.08473428498717288,0.35491920169410074,0.8111303003966389,0.3095917805670813,2.6283448655122816,1.7265504138389476,0.9126085225892575
0.654773083617126,0.44781012172014145,0.7968600572547463,0.25041258841093733,1.617871721906287,1.0164550632227363,0.2508322462941832,0.2786664190306859,0.028894835776621598,0.12729626811875652
0.7386380990711087,1.0702060039140453,0.6154829639786876,0.18194615970423933,1.113257667751644,0.5144802215793589,0.015722608420913827,0.16898333087435594,0.12332325378795495,1.4747483485804367
1.355354219003619,0.2809433062992819,1.1183642950569272,0.02362468893966639,0.8802132599877481,0.641716885888951,0.15383486823494863,0.06449216517359484,0.48618556152069975,0.8128393167141065
0.3152745529623918,0.18186259522377743,3.0549436695947674,0.2779505369126322,1.1233379404489487,0.9916943419032838,0.14897348523917045,0.10920442204011938,0.6108069084764549,3.9624501263258916
0.4881938041849614,0.8961885747168687,0.6553566981887757,0.5087564122746421,0.8568512469493001,0.9736464908780857,0.6998902269816452,0.06290950586873434,0.16477117658315352,0.07743150620688478
1.4314418371529043,0.20062124933295286,0.30477276919880814,0.6880986437257611,1.061224381674191,0.8410914514896525,0.48322122076711405,1.0678311572474481,0.3188682000659496,0.4787373704154434
0.2973463307219151,0.3255524879662589,0.12985410420988258,2.800842752841763,0.9950540758711649,1.2087648989671094,0.30770637561497294,0.07622299907993017,0.14589605888845406,0.43430599862979824
0.1853080699492081,1.235514058189688,3.6636863279392373,1.3593130576175447,0.9933160369006868,1.4323055451401108,0.10316788082355059,0.1549869024211908,0.23172764219001876,0.19845478289186796
0.07415389065046916,0.5431565343807816,0.7289916566911239,0.11417624771159557,0.9302774445337026,1.8386364697414914,0.10902344697428969,0.1765720021165281,0.3533953437414649,0.68253915961846
0.3902980440904307,1.1735064340565673,0.2559621829030556,0.7487296580309757,0.9915276412417228,0.33262918730877417,0.21386943123252716,0.03311876816103402,0.10408163515820418,0.2530972394118756
0.41468040683753943,0.8836622367031928,0.9023615242335047,0.1047559161677689,2.2730784202448984,1.6812433745005553,0.06784935214687668,0.6913371008242365,0.09362393256938048,0.1599416562175593
0.3761287414388633,1.0545621279639374,0.7574188785584745,0.18282031902219925,0.47247327290156454,0.35957956060528656,0.15156059135930985,0.2779269116496984,1.7583034707644134,0.4065979454769323
3.1071553159632486,1.0827026166661076,0.5564884717651408,0.1888923454511698,0.32463454526346847,0.40390430681754425,0.21637009234111568,0.09369305545143036,0.5741138019633353,1.1154580005045789
0.32333873432064403,2.7882778493954268,0.4028291276833734,0.9238829756192196,0.20815782355125878,0.641165608465514,0.15068260033841116,0.1816297226540855,0.19844712554053562,0.8345770089032792
0.29850716306380803,0.9226171684691468,0.5495857932266374,0.7945086750193665,0.5864379742797343,1.81704411702622,0.08823070983368031,0.07279817822228576,1.6838248811650685,0.39198660317005046
1.64986952079077,1.0835433450359486,1.1243975254346756,3.9307119085968534,1.164949438729361,0.48501688149627975,0.026454251732302893,0.19109128123294988,2.1804928168668467,1.4069607014505747
0.0919435712238827,1.3512582715549413,2.170333558538395,0.5224156750763553,0.3794946962733553,1.3709574387215155,0.13671144756811254,0.32417226082155165,0.5976304058049345,0.7224743971214471
1.3687686591788273,0.8994303405243564,0.8545921916238692,0.7275894013728924,0.21901179530101836,0.24448198643115865,0.3756088023347984,0.13515805072085182,0.1014798912882248,1.245707699036619
0.7507955449932504,0.20088080412984682,1.36435134876514,1.6271039284048245,1.4408058692684598,0.8208701401741348,0.6597010644455304,1.1505047033151432,0.24775660345958533,0.7204816190637187
1.1246853593091786,0.3998388122384931,0.724935101381851,0.019813610397209722,0.7958427937700289,1.9539935124952423,0.37513615710181125,0.6053637306062101,0.4266160319646579,0.4394420974993417
1.044021956536347,2.2964025213946733,0.7560407874492727,0.09828601833311919,1.339462911276636,0.9065566925423045,0.9498180821747448,0.7668757721640428,0.2526843018561342,0.4684449574689802
0.7966602769542074,0.243744018603203,0.2511234113190043,3.359389334239323,1.618924644164402,0.525620382827571,0.24320233624955462,0.12153913068630559,0.43153106706270894,0.872086260433156
0.7118350690053679,0.9565145756808668,0.28081215051484637,0.07783486219641471,1.108842828907709,0.41669708359711105,0.22483465809648887,0.048191731776174244,0.23811935586358843,1.6147902305330137
0.6379713166536123,0.423519067423235,1.10608637804058,0.07472931803851826,1.0531100990379538,1.6917219697756245,0.08772995884406536,22.48968306414382,0.38137943965091037,0.8147877453362847
1.4449570006581223,0.8280086641076438,2.14596907246703,0.5238855490310479,0.571845974339202,0.1538300321781228,3.415379784199608,0.029784158415670402,0.4325414282931532,7.287254237697453
0.35264310065776105,0.37221465429126593,0.2957404076955468,0.9535510440899821,1.157388663260617,0.195455783613624,0.01038562296946789,0.13149481535651458,1.3175638647019379,0.6374626364878474
2.3164069442439366,1.2632106657123285,0.8757614133049922,7.897035416513388,1.072924685341139,0.8568955152617989,0.04962841740944134,1.2907910783385486,0.5926516059583163,1.0038051149951075
0.5902249945895537,4.073998232007885,0.468827127133549,0.017207309554136574,1.0558633922913212,0.279866353793395,0.24978857253429182,0.7936382274776912,0.12197172766432675,1.2698151911393083
1.9988628492922837,0.8187754111426387,0.08319155862585492,1.5347618983720923,1.0633990484640636,0.08879952648124442,0.2015328550793684,0.10622004885622867,0.3792462678010328,0.6638700844736513
0.4753778805278125,0.7739499175500371,1.3587665081626181,0.7351294988432335,1.0732888340463134,0.7256562798943939,0.15293436320304027,0.09045231975390314,0.11530828464632485,0.9087574236943774
0.3456850317457444,0.7888858129810677,0.8392659169857357,0.2158298791962314,1.1273902883273115,0.4527772617804677,4.615293211761652,0.194828035246435,0.8626514202111393,0.23609827516310553
0.1801873527996962,0.6871745721507906,0.6623354861549569,0.6040087841362983,0.6932178940997636,0.9677613251794173,0.9344832467910682,5.27755443436871,2.666160743947323,1.6083195818105165
0.5489927289614631,0.4113872820975784,0.1956745333650308,0.3259765477982609,1.982467680435249,1.7526550055018697,0.6237928289806077,1.5656555638866196,1.2936873173355952,2.1498804613702913
0.3399870119748241,1.3515487450466306,0.3542342490274413,0.31667025562653817,0.2521445361360263,0.6196199746746247,0.9550259588358722,0.1591105185825935,0.48467119487895743,0.20951891385599014
1.4067867370652558,0.5883195476992156,1.1397418113016828,0.3041463550777922,0.7169026570046857,1.3972121924319953,0.3076367296322181,0.2719652315027486,0.6214216981111774,0.18164896861386526
0.3289438756903072,1.360205487172818,0.8004068884345533,0.052661825616636626,0.7118464786936093,0.8286676720680369,0.12225234285428206,0.1746197240988534,0.05852163273989949,0.9986473528211335
0.31535664576914063,0.350918000308533,0.7385578646219543,0.5293571446502903,1.0870532526746464,0.7486761864312176,0.029319091837102716,1.0408136269978778,0.665582337046025,0.5672802672049093
2.877144758232669,2.6323122335297238,0.8144282848723609,0.13839326134836488,0.48601589994661804,0.6885488853662997,0.4513199110182832,0.20080603371449315,0.38150318618596896,0.46112702196632016
0.225500903247521,0.6213639512310563,0.7080789925921502,0.022853393250629333,0.3701971186866789,1.2016411059492282,0.11524787107562003,0.28794215396883177,0.29433154509575926,1.9640970649704024
0.9997727597438634,0.9856003599937455,0.6834177758244669,0.4633271298476242,0.6222463157991274,0.6160198500592506,0.33355372412669615,0.30581332854700277,3.2517367749229757,3.9881287883770202
0.279889477854423,0.9712664468061393,1.2058853583247673,0.4957727820327539,0.9180904371293834,0.4856045524359629,0.3645392502097965,0.5931606931622496,0.255262796953632,0.43526156773990016
0.7816253450916744,0.8094102877800922,0.7500625548881527,2.1177424589111906,0.9563347291393542,0.8913373839163478,2.6450647680733845,0.20971408948583298,0.2412768068222731,0.4313440634498568
0.4541307638255011,0.7594638476753566,0.8078486346409409,0.3059654988888341,0.9858853614349931,0.7303658396472005,0.1275635121821092,0.040957306870396906,0.007208328532089219,0.2984990097495697
0.20563581609192144,0.9435382681486781,0.7210931347465512,0.07503462169306711,1.938331009938693,1.0509033129620124,0.07783082136491318,0.23584597213628364,0.4021506935995769,0.7032641939665457
0.7010596694911672,0.4745902215804381,0.9051749616389946,0.1702731133878374,0.7402261675188352,0.6422679023246501,0.2510253765557768,0.13787437750044304,0.23543021575823436,2.163116068598963
1.5978084814614428,1.01209389533797,1.0127412695629816,,0.21895729510597706,1.7784158025014776,0.9665361433796952,0.7674772666055352,0.10677104087996277,0.5275100095063344
0.8038713574355244,0.8779512276913473,0.9509335819074036,,1.1275351382946734,3.9009529292972522,0.2961402098178794,0.29617757787287907,0.07288332266383478,2.0503198485714225
1.022393128815941,0.6455434108255018,1.1739298594770238,,1.0549890210767894,0.549259004758722,0.06324238663347762,0.07016933590142647,0.18755061577587975,0.22253017204805384
1.5953992364051337,1.0247005728293939,1.3490422826518467,,0.6970263788587042,0.2528882411615827,0.08016561659675583,0.7559263499515373,0.36302793799931626,0.21594772185935737
1.3121956549651306,0.8517167625614872,0.6868018161592415,,0.20513182924510923,0.8237163260849703,0.5226663853327669,13.051637538012155,0.27394957158931016,0.32063107344039443
0.844235692323596,1.7381289414508148,0.22193459196679888,,0.8732517068171306,1.1538306524925996,0.08359761870931923,0.38014002052310214,0.4713179481011413,0.7747196524292238
1.0810262097917536,0.9703875851348601,0.562276801295811,,0.5155543120540137,0.9378399338051013,0.05028063903961589,0.02456003850749051,0.1757704161784656,0.9625106085221453
0.8394856833760691,1.0664190504619748,0.4509470421079563,,4.460996405527799,0.5836485917926431,0.6011205722117219,0.12761841142188424,0.24013047402219792,0.8911597354728039
0.7382735334834457,0.7867937427505178,0.18691641014746907,,0.7546143418260266,0.4360577609509659,0.09613869232954488,0.3797690980355158,0.317094630702021,0.5878377862949653
16.503767966835664,1.2717374474356042,1.7979751824264854,,0.7880738206250871,0.6412684360247399,0.19342576444897056,0.11489335787496804,0.37036821467558745,0.6628544451665609
0.5178651751460763,1.061579695215119,6.23356616643517,,0.3221788382223845,0.5183430752031372,0.1370039662170113,0.17505231048244702,0.059290037977606375,2.139388609181145
0.26493469051034707,1.381568956000844,0.0852158641992789,,1.302600405581093,1.12743115432279,0.07728441850238708,0.2893145233085112,0.6570163811126487,0.903677446000154
1.264652885301713,2.1507680288456967,0.9554903301558367,,0.31417139341392025,0.6616819891608431,,0.09510383190826532,0.4079648540995858,0.0704795783872156
0.35715871118291614,0.3477220852008322,0.5072638995480047,,0.8919159826716867,0.26440618987610925,,0.039539524228266856,0.3478630541351824,0.5428406346869937
1.0116189303566818,0.7104278642545642,0.03924896871952762,,0.6043963623185692,1.0824286130286171,,0.08878102939626026,0.048122229399066345,0.7783518907040605
1.0417633730746376,0.9774638652086232,0.16262887934392864,,0.8460503623594819,0.6626829796171891,,0.9573206987621085,0.6187549582906221,0.3172150868127919
1.0583702345190542,1.347959760033238,0.7230109350747331,,0.8292259214728209,0.3781574049931087,,0.15090881722011806,0.029763766961722008,0.49681821931562375
1.1648616061246604,0.9274698641626745,0.6962818609802378,,1.0448390665344658,0.4534858052844735,,0.18398279658017933,,0.567073345789301
0.8385003996981658,0.2084037848303989,1.8593540365105612,,3.3242090102929973,13.14310048670637,,0.023974972085848627,,0.3189810244229683
1.4033789930918956,0.2679600627172005,2.6803278651152826,,0.3235157420985315,0.8975834065384833,,,,0.6609648269499233
1.141627834154898,1.019181673664258,1.0207706753866486,,1.776064955876818,0.5964791281391495,,,,1.0126082086213526
1.2712365717174383,0.7923100858739851,0.6807074191589749,,0.9037984561076327,0.964225062494376,,,,5.937279362934173
0.9651007964232744,1.5539536122149233,0.38098823200078225,,1.4469429975862473,0.772533196770252,,,,0.2717905212464445
1.1049331338217596,1.8408313690909635,1.0019874536932376,,0.43758036216513185,0.8382177356749374,,,,0.897909561977145
0.9707713761757523,1.002886205935941,0.8391589020027003,,0.6349040547861783,1.2101013397632865,,,,0.8329010666828441
0.8952602259044526,1.9678111295355214,1.1499325019486137,,1.2940467584552362,0.7420125552739365,,,,0.4242406113273607
2.242256036897124,1.1514561010716193,1.4663068854632477,,1.9716714392569843,0.7991436324321058,,,,2.6146884069949436
1.9788644463844807,0.5430494522258568,0.5305772267889745,,1.511612751491499,1.0819555323183132,,,,0.6147319677339355
1.8023912123555879,0.5061603609371885,0.47350832693549433,,0.1310062550382194,1.0244402014823324,,,,0.10476075960236328
0.7880149226203058,0.37720053311021035,0.23627515301347238,,1.0636657473812143,1.2775191055239026,,,,1.4733551629914512
0.8379667215039232,0.17225151819552043,0.589710895599124,,0.4357564101912313,0.832406178420652,,,,0.8754235747375582
1.0555835736928936,0.6548668256292569,0.5129473421036453,,0.7554848676614027,1.5095163745165197,,,,0.7156438506784509
0.6355698757108114,0.687863557809472,1.5237649132209028,,0.5774612544865019,1.310398301209656,,,,0.6716179113050034
0.6771519601821314,0.41142720481075895,1.3458254864377772,,0.3081433914520895,0.8130387232202236,,,,0.3441841601485634
0.8299692022611614,0.13474758849168422,0.33042565122480244,,1.2687787270570394,1.4342079043305236,,,,2.182368187604707
0.8931165111215036,0.8385994622681993,0.575141983314604,,0.9767776723494834,0.7316554649800379,,,,2.6366533398778107
2.2450515191820153,0.7013284015875922,0.9450390648567754,,1.0591912873085982,0.9888932289599223,,,,0.9175589397826424
0.4866101081342713,3.6576568303019625,1.0624567232389108,,0.6211550239197792,1.1941165071327113,,,,0.31997063551539817
1.0370411312525472,1.0950428005135207,1.1600729668481833,,0.33342486185845505,0.9853888477581387,,,,1.0332944508103692
1.2499787312704884,0.7636996750922068,1.1215439240177665,,0.19768249643467248,0.9817756490200701,,,,0.8603181007495303
1.0607293240393276,0.5807630542950549,0.9503697730472516,,0.6639318313951292,0.7740880497326003,,,,1.3138408190777593
0.26609731395431835,1.2127591939556606,1.103978729840987,,0.1584829406333656,0.8885312703800046,,,,0.3386758253160393
0.41706960348590966,1.0406986041093649,0.5764061362088218,,0.10605332457289408,1.3599873029282703,,,,0.3850811120171579
0.913251411187506,0.6978361945006605,1.1194981500952836,,0.1386835866990978,0.877706186858169,,,,0.5022854018643628
1.2883568019402725,0.7290998834383243,0.6179848775204702,,0.6573808590922311,1.1341854240657259,,,,0.16571032826431067
0.605187897371272,0.7513611758045314,0.6364700946343917,,1.50335236136603,0.6859049015214401,,,,1.1330868093636624
0.47628878597399493,0.7760571024250552,1.01288878828343,,1.5240355104068926,0.6962612950366474,,,,1.1511612395145792
1.0776439080575073,0.6217044209850505,0.7480114989663564,,0.09117430167720462,0.49934603610946526,,,,0.5327492148546153
1.9959562563208793,0.39806483832269807,0.6935394468427967,,1.329019418177369,1.2080730862039855,,,,1.0867243846777064
0.5491877689255469,0.6089168875534823,0.20202989416638562,,0.7496146872840121,0.7624763053502874,,,,0.10474141940110086
0.43058202520793476,0.4627437872650131,0.27568583157186594,,0.9946274170335107,1.03653692768641,,,,2.6651108387068816
0.1433042593216881,1.3529221901616892,0.38915256190424036,,1.6726570726985202,0.6384815683262093,,,,0.7032313158418915
1.1065133748814835,1.565678723378361,0.6640555448846626,,4.544596061368712,0.6137024154931388,,,,0.8848572668623795
1.0374271749081132,1.612491130847805,0.724979764700826,,0.21889065710163694,0.5496214160430837,,,,2.04001728267248
0.9916212576555098,1.4299492005940106,0.3084569209681395,,1.0457546521410226,0.9186819039758178,,,,1.3043895758984367
0.7889682979361382,1.5827156775787734,0.2758448011028511,,2.110522628330689,1.269969390624281,,,,44.69489956252849
1.1532592287659016,1.0974731052961195,1.3462955801089431,,0.4868482855671413,1.0741772869554773,,,,0.07449433555005798
0.6162664116574145,0.6838924232409144,1.3044962647116272,,0.9771689522949675,1.1494759626567144,,,,0.5090146053716905
1.9181671930152573,0.8083724149546623,0.6560462433352826,,1.0364205731688176,2.487691056763503,,,,0.5440025779482865
0.6773681132208432,0.7979332241852691,2.8029586239881894,,1.1618357671705266,1.4455332788261213,,,,0.9454986609380998
0.827554888276142,1.3167397988261353,0.5626433125750102,,1.013949372436781,0.5522573914182658,,,,0.5534192142513759
0.7181201429058367,1.1261726879206249,0.8998052720775549,,1.281164762226675,0.5130393649591828,,,,0.18544883816034918
3.292273773246884,0.7833485242085952,0.9988741983067675,,1.046783279440262,1.1621280873844078,,,,1.2008200971345848
0.974360839056206,0.9215223340481119,0.9988613423736906,,1.0168318872595667,0.584837077181977,,,,0.14581214874889883
1.0428074934514393,0.8613054618556264,0.9221922799172528,,0.758736645696349,0.9930553806811289,,,,0.7566893624301778
1.068238665570912,1.2819230725439028,0.9131775350058872,,0.8119415335032626,1.0104099438876537,,,,0.9493465942619502
0.9487358347687512,0.7855540085252942,1.055277020623849,,0.6193864204016055,1.0095986821557932,,,,2.7887274386371272
1.0185382728914876,0.7345275763122043,0.9558385781352164,,0.2902751636918253,1.0547194153011619,,,,0.4294293016863016
1.4392779673528002,0.7840328275132622,0.8914727836858368,,0.5973859627587188,0.5424360356326332,,,,0.142536840130092
0.7969199824138297,9.076308931512655,0.7326507581871942,,0.873808236416516,0.8879180590379356,,,,1.7647108612783646
0.8676019379580786,2.822881754318235,0.4303881973873042,,0.9297835739152694,2.1198510683919145,,,,0.5963825678060578
0.8725510843323836,1.312217345399477,0.48613343924818286,,0.1284998454852702,1.080799087208258,,,,0.3271611418687565
1.240285354322322,0.9348637024619807,0.4513884424012018,,0.7023248615215686,0.42153020097165556,,,,0.11743441215192832
1.1478933383165009,1.2089594005486752,0.3050167634088096,,2.8390660870143694,1.000370487125863,,,,0.4020226984433968
1.1814531128869028,0.17154941808680949,0.7017511692573172,,0.1900248669892376,0.8637155670780848,,,,1.3676883358753733
1.362710536401898,0.5410382289040473,1.0572645414594521,,0.14716156777760775,0.9239266663199455,,,,0.8948980214209237
0.967519325694803,0.2075168633872954,1.5470106653139466,,0.5769854036460315,4.404029115066918,,,,0.3712760627300093
0.9838986424544033,0.4973723467504703,0.24783804567566853,,0.4936129666935471,0.30120699928191724,,,,1.4241054001483233
0.9663916064041372,2.2287705765848638,0.28814487051779836,,1.5133105115092869,1.0582828970269917,,,,0.24056750192284063
1.258961703203793,0.40947896983183124,0.2485322750889181,,0.7398803283633036,0.8057675510525143,,,,0.8567650023074203
0.9570242814419749,0.9155517818199944,0.5105193663945676,,0.13150196776804143,1.2188679555790325,,,,0.7431766690375474
1.120508529250154,0.5578688189872341,2.4131554131512365,,0.6256538807470573,1.405995933273482,,,,0.8620723606217768
1.0539102211421505,1.0985990758288111,0.883034688040355,,2.525991634289062,0.6776607162257158,,,,0.8169322081082637
1.0252342496180866,0.6299175658890092,0.4583650327442024,,2.17249923155012,1.0053175481096115,,,,0.34266154259457404
1.3813806307474936,2.122620940297745,0.08643785942782556,,1.1080607125843298,1.0503951204108424,,,,1.2329144242085741
1.103420516190308,0.6830365347588475,0.914536272458186,,0.9640432094805332,0.6972552829555279,,,,2.5307872441271546
1.2381038145792942,1.1528992558841349,0.5722119878508181,,0.16111323098167502,0.7073774613795409,,,,0.27932138140515206
0.461719926522334,0.926618587644515,0.260958360024006,,0.6081952144691489,1.0584946576927023,,,,0.21395232740720244
0.394509450523447,1.7819261719251491,0.46516880793942433,,0.24526099385289804,1.0327401198099755,,,,0.6768380530902414
0.2932288643667596,1.2304581333809232,1.1035960672671632,,0.6035323065172291,1.4653757301109203,,,,1.8396645191197534
0.5026658948451572,0.6765536201853162,0.5629546856766859,,0.7907752263377198,1.6325500578956018,,,,0.5459932602285879
0.9836492903002964,0.8954514011411037,1.6822660287746642,,0.14947383139851952,0.7491557414070328,,,,0.8920496259021492
0.6953781774268379,0.9087213386826833,0.44649675287610346,,1.007134000993951,0.8555235998552903,,,,1.3423829678207388
1.629840513536029,0.9263984450058892,0.8314898480105815,,1.0022699887810138,0.5937164871916137,,,,0.8490024826619321
0.6990537157720419,1.0056237064425158,0.8906168809251829,,0.20673578766121978,2.4802960645717214,,,,0.4205012772331443
0.8258005669158963,0.8329006840286859,0.9719759648015079,,0.546488247763642,1.080088899398891,,,,3.2412173239491215
0.4988380197176988,1.1601875129761736,1.232074062846628,,0.48241906902399034,1.0459175723481406,,,,0.1441707549949954
0.7672339327843422,1.5710425698910646,0.8717502692754537,,0.45308965355945124,1.0350777188118923,,,,0.9924609536761951
0.3517208017323187,1.3524936435532429,0.8320149213584973,,1.0570996420822607,1.6916042051176603,,,,0.5900646693608581
1.8465995263952502,1.0309808111034846,0.9952682427644187,,0.9738174894163577,1.1538006324514656,,,,0.27640838411725754
1.0207907490767831,0.9760776605949065,0.9981382829150326,,1.0468675844790551,1.7065640763322691,,,,0.7209646137048538
1.0186288355191628,0.4081809099322793,1.252546644060705,,0.4315238287198993,0.9992895495606188,,,,0.6434305048029269
0.30656097861650533,1.3516821774719663,0.500509514421394,,1.2533801299012763,0.540638588562759,,,,0.7948320900755146
1.1139766187832265,0.3309051082895943,1.3190847860772605,,1.10081519366041,0.9858402470298542,,,,1.1034988162965294
0.736466738583848,0.6742346038718534,0.40007553600007956,,0.6488190981596692,1.9458986130084637,,,,0.13833869183433373
0.5916220801459124,0.8505490624693253,2.280976211208431,,0.8443789352160586,0.4882690704403251,,,,1.7541699892325995
0.9369969625894882,1.6621019232180754,3.0518514051783607,,0.9312236766096761,0.7794166819821787,,,,2.012244227692343
0.6518934862310076,1.3585283193171287,0.45365341244598806,,0.7118142806279337,1.0103616893131018,,,,0.38961128308591025
0.8050269665080346,1.4580658446095456,1.1322420313610013,,1.0763091658781345,1.1094206859230467,,,,1.13359215351197
1.2922695235395807,0.7688213364379685,0.5373190219553234,,0.8007608349792336,1.0072236050005465,,,,0.7221551200125211
0.8119139390199471,1.0711443461838372,2.2103508103376175,,0.9626860759531649,0.969320868416428,,,,0.7471154491466819
0.2608561111648292,1.0532533147688814,1.3436231717309206,,0.6191430448722839,0.9231503299044399,,,,0.17780438069226215
0.8988708278317344,0.6161118664820512,0.8298547035603769,,1.2392973102899592,0.9390451459209158,,,,0.026645004910845073
1.8002158013251475,1.2921309670794638,1.3397797499104074,,1.1357826701353384,0.8796326090576929,,,,1.0286072382933071
1.257443842221831,1.125351393253261,0.9681001545368283,,0.5736955911142089,0.7264264741380687,,,,0.11466027431798727
0.889285128341369,0.9472315188601023,0.4068448673364798,,0.9352550268771375,0.46422365345605093,,,,0.5479424223717857
1.778396188456758,0.6109459075693511,0.3942029848725639,,0.6446056302591772,0.9031493947017415,,,,0.14037521192632363
1.0967380948591414,0.8219849188164852,0.47101584968410315,,0.6294774226307035,0.6881528564275313,,,,2.842587959991504
0.5411038563286443,0.8784349301637346,0.44950386787617486,,0.4541927857850404,0.46143054743896056,,,,0.3739077350612209
,0.7086047439403229,1.0142488531703835,,1.9614299146388983,3.1491762566766868,,,,0.1736970492584343
,0.5923866158236105,1.1550797828695583,,0.544477990275766,0.5408908665711839,,,,0.2972473492651813
,2.1911968006988936,0.8902764255783696,,0.7288440932364486,0.9271556658902301,,,,0.17225444857852173
,0.873830960520022,0.4849820088226199,,1.0361586843118213,1.2392724585700483,,,,0.3877511964209732
,0.9830401948515916,0.7760998523596562,,0.9258340018369458,0.9982125793683667,,,,0.5753933465835993
,1.1539315499369291,1.0682198243280574,,1.1898751357799395,0.7300136634945015,,,,0.18817384371880064
,0.9785253601053239,3.1742666026849435,,0.8785749200840114,0.937857075251356,,,,0.755280965753267
,1.5526766363137126,0.6496628522495402,,0.5007047835876599,0.5977226598905007,,,,0.24731973158005932
,0.7018276478873771,0.5670243983171014,,1.1162997055357908,0.5713304079554473,,,,1.2164187668223623
,0.7575021509514213,0.10413405112371,,0.9776265760855549,0.9829324285018555,,,,0.50102687763766
,0.6714961867441016,0.9960678782076429,,1.3104509864280856,0.8680042342629403,,,,0.11712241941882913
,0.5846310198567981,1.0170539782203014,,0.9911966079112825,1.3486323731255008,,,,
,1.9178788557864104,1.0198384653320907,,1.176995541038202,0.9885058362858542,,,,
,0.624301830652159,0.3859765192765529,,0.9462557929881205,0.9109383261276386,,,,
,1.0535270620660475,2.7655347702070445,,1.1435155955783336,0.9436915272145505,,,,
,1.0202674683865074,0.8124610590971303,,0.8706264485728392,0.43396926787456747,,,,
,1.1180219924063903,0.8372274638267329,,0.8509688802704856,0.6157080145270438,,,,
,0.5558265077708701,0.6268463701343839,,1.7608587490895953,1.2583401706928143,,,,
,1.2750610434276592,0.36453759601922087,,0.746856177524367,0.8041701252380773,,,,
,0.6155404436874835,1.0071950715012996,,0.23717262885836538,0.6640235584217189,,,,
,0.4126566890839519,0.9523001869889031,,1.1001994444486187,1.0624724680852173,,,,
,0.8615182327181619,0.9743027044504059,,0.13438311177800502,0.9113339594723826,,,,
,0.9783632144863776,0.8278447549571026,,1.2789270864247222,0.39422621695308774,,,,
,0.8111124441007433,0.8808040907252265,,1.1033622044610447,1.0972791973218587,,,,
,1.0165205895494438,0.9583274715225079,,0.8254454512314583,0.6357270434342811,,,,
,1.094697992805359,1.2289332661517878,,1.1222839922826244,1.0700450875495984,,,,
,0.9708264681727004,1.1954612620853946,,1.02014258740306,1.3555142014586778,,,,
,1.0359109961271717,1.0751567714135708,,0.964094413868247,0.9214687688892789,,,,
,1.7348069177858365,1.1655248466905763,,0.89620503164405,0.9834153546052604,,,,
,2.144760306115628,0.7200063496462246,,0.9130860127060035,1.2282889216484956,,,,
,0.4316829748421476,1.0395251925001816,,0.914661938895592,1.0078769052833034,,,,
,2.7384333608997817,1.0244700001333384,,0.3016119694887755,1.5274034680286774,,,,
,1.580977468936168,0.9809485650833712,,0.8111277517029316,1.6287509212179394,,,,
,0.7106882804941276,0.6038802941049789,,0.4786802956198331,2.3242604379551914,,,,
,1.0258642365138224,0.6858645604713584,,2.3812015572056753,1.3464367956993073,,,,
,0.6820257060281654,0.4862938451706253,,1.1201818430560446,0.3815125524337143,,,,
,0.8021842698026617,3.099872954476391,,0.6615492117342077,2.1628797290609127,,,,
,0.8202609139957621,2.13061528624075,,0.7832287293061684,1.2295853224221522,,,,
,1.1067711544436283,0.3189082833213118,,0.48837212963908366,1.2255196172331877,,,,
,1.0402651363552535,0.6464178878838784,,0.10838363151947426,1.1175761955437897,,,,
,1.441811185871865,0.9445064351327339,,0.9333634409199599,0.7976520084869267,,,,
,0.8923005727478933,1.0481528820831394,,0.21983564487996432,0.935604173052787,,,,
,0.9376678301421629,0.9961744191113809,,0.6438877562596714,0.32473274456144996,,,,
,1.7073253011654779,0.9958655460060581,,0.8980901985496538,0.263358747062015,,,,
,0.33533811134007424,1.0143198072826465,,0.9304702201448137,0.8114568036025563,,,,
,0.845192883490007,1.044550288523707,,0.745661646758591,0.6583783333258141,,,,
,1.0201307160103983,0.9146526636828534,,1.2778634568971938,1.136312882451659,,,,
,1.0905981248316077,1.4324700891158246,,1.3475050363862282,1.180408916310459,,,,
,1.2098617727138972,1.001889446809529,,0.6777826625785935,1.667113751338532,,,,
,0.6514327235005211,0.7865570050940158,,0.7897612859186909,0.6767001793603321,,,,
,1.0589388317492614,0.5887331122247323,,0.9404004848243864,1.1868228125662452,,,,
,1.2671289038610256,0.11556420820682142,,1.045554090593237,0.715655097112531,,,,
,1.4335389254378013,0.2035869731649882,,1.2075659409478756,0.8656149537913953,,,,
,1.0587959376002147,0.8449220844868489,,1.1286786217161289,0.7938570921595492,,,,
,0.616718043552506,0.798997150971265,,0.879809793146131,0.25253462959680606,,,,
,2.207102320456408,0.37090168186909833,,1.0812385255558166,0.16999988217749396,,,,
,1.071805962095814,0.5002212140668274,,1.0476444479109155,0.27413345389335425,,,,
,1.4038300638107681,0.7966550947577851,,1.0147344803956933,1.0023443147977595,,,,
,1.6710088734735515,0.6982747788371915,,1.4462320455562856,0.5892592808482089,,,,
,0.6567903886098118,1.0413029368066722,,0.7771781717688846,0.3074550803816144,,,,
,0.8608909619072458,1.3635438728058287,,1.259932855795338,0.5541868324209719,,,,
,1.07561364326719,0.7504378303970899,,1.019271743918578,1.1169611342221364,,,,
,4.397235903709442,0.3359189752737573,,0.6662981612447283,0.9152023561537084,,,,
,0.35580447374731905,1.304796842708141,,0.7767446145398296,1.0016746375996826,,,,
,0.7526357019965709,1.9468906808257667,,0.44297446625730236,0.981731167474996,,,,
,0.6453719126449682,2.33959195270471,,0.9747188206645975,1.1327671813528823,,,,
,1.3113317828424218,0.9869204726347465,,1.013184542294152,1.00272119936122,,,,
,1.3002438897764814,0.9971051571460651,,0.9897500675778685,1.122833882982753,,,,
,0.9741119220993023,1.0789124480922296,,0.9937640443349139,1.0650193790185913,,,,
,1.1744654071437695,0.6428408028582507,,0.8436262425468811,0.8685693287344339,,,,
,0.8104229343626977,0.8818507787192383,,1.054457562554581,1.2478552458781806,,,,
,0.8068331211535004,0.944081132078739,,0.6242388708417133,0.679611964656613,,,,
,0.43691295168434124,0.5882531308559139,,0.5561941227314794,0.7414670190128902,,,,
,0.7612492300121045,1.313148604617044,,0.9431006249752825,1.2845684829276882,,,,
,0.8432429512336219,1.1141921488168793,,0.3659181669756304,1.627445828563322,,,,
,1.0510839433958328,1.2317326560559423,,0.6783717179106814,2.393781528933895,,,,
,0.6018310945335599,1.2937121806517333,,0.4473116541109402,0.8233957458088124,,,,
,1.02512492896471,1.129599695116642,,0.5835269169768285,1.5125986842310262,,,,
,0.7486333098705181,1.8321610645230713,,0.6310622033939487,1.0551696429994448,,,,
,0.8763875572743837,0.468577777852035,,1.2042901597968116,1.0406267398457352,,,,
,0.6007276897761339,0.5544395150890773,,0.89932539185577,0.8917126234025309,,,,
,1.1474549406603956,7.008614370026526,,0.9601965403074882,0.8396087403697249,,,,
,1.3342648431576354,0.4516776172467064,,1.0790215076511542,0.8940729889491998,,,,
,0.8493261246439456,0.9253513491111127,,0.8461340771865576,1.0993085036153882,,,,
,1.024535848052199,0.9626831052228653,,1.053210359060844,0.6899746784547021,,,,
,1.2291003134076326,1.1456708025837974,,1.1131856827934536,0.672124099141449,,,,
,1.0825972219265485,1.2673670495465088,,1.1731209082653464,0.7590706428797426,,,,
,0.8610615775632462,0.5104465684171826,,1.4640421101189773,1.1422475308759537,,,,
,0.7805024993093445,0.7572727524169199,,0.9433635139252423,2.313109496058421,,,,
,0.6742595984158138,2.626230436657988,,0.9784524461470933,2.412372455286521,,,,
,1.7611586889199227,0.9024034985468231,,0.971245610884822,1.4913837749108085,,,,
,1.1141309007303601,0.9056436067359281,,0.972916922619244,0.7411674830314333,,,,
,1.101591614685423,0.5959295768871781,,1.0111534963101179,0.4315378202006676,,,,
,0.6812401504874219,1.420842208354156,,0.7916757399046744,0.6485109593421073,,,,
,1.036369822231596,0.7298621987446827,,0.6631409809132254,0.9963322766114185,,,,
,3.3440852058913615,1.551157309174175,,0.981931690852924,,,,,
,0.6958587929950815,0.8218306888095468,,0.9320720972252498,,,,,
,1.1662814902995362,2.1420185258582114,,1.2051537378597417,,,,,
,0.9216981836627746,0.720714103345114,,0.9256150319978903,,,,,
,0.9871172928838032,0.8483234553587239,,1.2742136489617022,,,,,
,0.4881339965805982,0.9037117748477856,,1.1860285813553173,,,,,
,0.46739375763963603,0.6048186812218087,,0.8136908854231882,,,,,
,0.9284000985434014,0.7563391884644387,,0.6364079313066672,,,,,
,0.6201566400822949,0.6455438556407309,,1.4601935732682323,,,,,
,1.138910572237011,0.7735972615989583,,0.6927475329930002,,,,,
,0.6964040443738129,1.1633096988675793,,1.056203291106525,,,,,
,1.0313714140280896,1.13909612930469,,1.2002916104058412,,,,,
,0.973389772099966,0.7848552016106537,,0.862707800116524,,,,,
,1.053278897103965,0.8716304989207535,,1.2638921466040538,,,,,
,0.8750048064718672,0.9264318977499473,,1.4550168188843917,,,,,
,1.3798694692266416,0.651929318174725,,1.0052741797971099,,,,,
,2.456999499026979,1.0837490409127273,,1.4540700031133766,,,,,
,2.424863506242972,0.3755096503107982,,1.1302089614246267,,,,,
,0.7581164475107708,,,0.6663018099201498,,,,,
,0.9826158836963613,,,1.1854672606234222,,,,,
,1.41874928244357,,,1.1655468621175546,,,,,
,0.7959799648506161,,,0.7292191924655664,,,,,
,1.0687068844369982,,,1.0136419874672844,,,,,
,0.46824884237956726,,,0.7115668724433233,,,,,
,0.6685604502712118,,,0.4998447614851799,,,,,
,0.9303803424979198,,,0.5618060899354638,,,,,
,0.9318154637896935,,,0.2877189447881577,,,,,
,0.4227547235209235,,,0.7980412869899373,,,,,
,0.965556883621046,,,0.9184124343748383,,,,,
,0.956306774059352,,,0.9442595925738567,,,,,
,1.1912522368643865,,,,,,,,
,0.860343633767058,,,,,,,,
,1.0117589284795,,,,,,,,
,0.8671914365301971,,,,,,,,
,0.5051781854208178,,,,,,,,
,0.7254324342435561,,,,,,,,
,1.3457141358752795,,,,,,,,
,0.8592145978104359,,,,,,,,
,0.5995072548060263,,,,,,,,
,1.2398207133738004,,,,,,,,
,0.27076968422414216,,,,,,,,
,0.5536338159280393,,,,,,,,
,0.5342607448184785,,,,,,,,
,1.1936956892054336,,,,,,,,
