importanceWeights0,importanceWeights1,importanceWeights2
0.20224137567755993,0.13423365136288726,0.11911252050458958
0.3845425194599867,0.26398297230649903,0.18116169711596125
0.10747341497946086,0.15102424539226916,2.0318838626170237
0.040938602236916616,0.18055985507770575,0.0860609444517017
0.44799753610815013,0.1287693529448386,0.2007006178269187
0.33418845593834606,0.2471274937586633,0.09639255684603908
0.04322188691292509,0.025455594840439747,0.07689549087039885
0.09071838813666606,0.023688041575523736,0.0931265882656789
0.04166731954110619,0.015779862761044365,0.03965541471355796
0.01565450465171906,0.05172518262138462,0.18863563280223405
0.028322364028198155,0.0346401491102255,0.032597506014032065
0.011182012870567156,0.18941414951832408,0.03363133518080545
0.11166067057615053,0.03904894882446618,0.6292143397826304
0.1155763774431151,0.039528889187205846,0.04698347004606005
0.014686687550671576,0.06766536652842275,0.02594351834691558
0.16010290849234526,0.08393742862129733,0.019818011261541115
0.3931174810847034,0.023833311213110327,0.009927403824115607
0.30159212393515294,0.01995012476245417,0.006442640345129374
0.08062001204988746,0.03303998189570408,0.14886187524951344
0.10663732842781458,0.5637773455570685,0.8790256908316871
0.9822551121539463,0.09713991462035129,0.2592519170975935
0.30622857609932774,0.013897764013294445,0.4645394953716956
0.181373637330369,0.010264084617852564,0.3983594702350771
0.10828073573515726,1.456151352401787,4.718512080896741
0.2183622020199057,0.0926607807136922,0.15037530397669238
0.2031414517654532,0.07478789189466521,0.23234180058196738
6.247510850778457,0.4467654503124803,3.6028286321894
0.028554990185324997,0.009964576706344158,0.6910401959159403
0.0666075629560435,0.02196372652005643,1.5748781799002591
0.20665319827812648,0.005720760211561582,0.0480892571904601
0.07420292760677047,0.025219953627544422,0.09087095661255656
0.0205777181608819,0.019718130805248788,0.18193392860166802
0.03533487654930015,0.10220454572537649,0.358679638956114
0.15548596416570526,0.09562245991531634,0.009388271281626906
0.021556435442007443,0.005951104918714037,0.03231768588226466
0.4769469790316401,0.06609875746864803,0.21363595339659688
0.006191337149373825,0.0022356381337324586,0.02078434099913046
0.012868593331321048,0.0023189063370997838,0.017265063807852806
0.034552058822244214,0.6556542638736345,0.009442898840372386
0.009233896892747298,0.24971235613451134,0.044746352266575
0.22129468874353406,0.054032691226360896,0.00972322769069639
0.004560083386160748,0.006941138506297693,0.033480393678926856
0.025911328151240344,0.026372815976269108,0.00498522674756805
0.00910597196083147,0.015381221802167784,0.018813635157840045
0.015183925426430805,0.16056399051947773,0.0023902908816483526
0.11685275768481632,0.08856265961510099,0.10278180058632838
0.8328852513850633,0.02295138674368716,1.483991527553925
0.05290807358915612,0.02654103224801142,0.17041539684738322
0.7127417574120284,0.01051891657296792,0.09402289180116756
0.20397946623631605,0.0035795051182099737,0.02619993456580213
0.04976606350577486,0.09015658255597704,0.02236626881080041
0.08265408746482981,0.013577406448044284,0.1211694170232985
0.398503460006618,0.003380786164323479,0.09326864536103574
0.43683945686974524,0.027158489022920857,0.03300987448602526
0.10086862763028069,0.0042774228311154025,0.4398189213704289
0.03545623285597057,0.0080298278051281,0.738910853835791
0.10084115365043204,0.014876775948719985,0.05664987021279965
0.027061929145580157,0.942328387134791,0.03885528541341453
0.24631424740310193,1.5660577859347122,0.015061368986383796
0.11341446303502502,0.35415723755640094,0.13499959070373507
0.019465042115401843,0.04882387754736612,0.07167016266105909
0.05044882669074335,0.0823753198873811,3.2318130989109326
0.13134218417764226,0.03938492347005168,0.03669379649363718
0.012869221233847556,0.036444359090919164,0.025487662689540634
0.07900694215070106,0.16576705437419215,0.10059596127541849
0.12998481259411424,0.018198340558181498,0.04609030295903327
0.2913860841929623,0.011100100242010198,0.03957959320532833
0.36359215719118687,0.013430836873813067,0.015494231824628491
0.37991559249027834,0.018999871593734896,0.14924231609975439
0.031615722573684016,0.012239430887127178,0.022470841346558253
0.09496651060438395,0.025560984358904918,0.02540874683113858
0.23968615465063436,0.02388334173797621,0.13078221042278657
0.017770075584324398,0.006103055079874308,0.0499635920916956
0.03513904565437443,0.013354286326961727,0.07170175553619254
0.006397314976158104,0.07016644823876657,0.010461001466058715
0.03283601332181223,0.03617916946555323,0.027401978773992867
0.051451399309911314,0.24382516846566687,0.014769316472896228
0.030538119492809598,0.10017287532772089,0.029187932588438603
0.03872717346657609,0.043054374219637905,0.32720805983268103
0.8339719247373829,0.08152412265906969,0.15344948859717336
0.24980829237609237,0.08815569289957172,0.051354508921302396
0.024780668993994524,0.09232389128669723,0.3355745307525216
0.5926241056995617,0.03829819604648592,0.1407447909730822
0.007782599018851839,0.041594981921375805,0.11409963864077112
0.03966230407148953,0.056336017450330025,0.12347912190792291
0.00967221485225775,0.031899979505136754,1.7647716199150054
0.008412403913419757,0.05725821436602284,0.3217549152545017
0.5306842943034931,0.014158928775384943,0.2702152556924344
1.53583265775481,0.01422315396498466,0.1870332423938943
0.2502565673847285,0.012396075235095023,0.008253765125374615
0.06736952948880143,0.022771881538424046,0.020903509155181254
0.20793526408672278,0.04694797656104991,0.014083324613279715
0.015405552035251714,0.09252693940724645,0.022413656141620438
0.052213433632460365,0.020310969625113157,0.01527109700850475
0.04967763763763827,0.010732973016927123,0.02064180594387283
0.028581862755215084,0.05363357940909059,0.05518354172583307
0.0532434937664272,0.04019797427488305,0.042880953410951723
0.015624191577142146,5.063679604904672,4.173745998430405
0.0347327519851033,3.6661184602836885,3.0240059001329755
0.023924576109700654,0.4208039907855792,0.07332297366660734
0.4982189232524583,0.10602220064153563,0.030395819563481582
0.023607268816110846,0.05588370382766689,1.3001970395584854
0.019361142034543796,0.02699470681163474,0.2995130265964809
0.00924956584132481,0.08114149189232221,0.0795146365548289
0.03543836523639637,0.3786642933539776,0.17105348141135407
0.007152917898452024,0.015622904944694215,0.06401477656469143
0.3834100319318374,0.013719590107880642,0.022781599263437566
0.2405004846486842,0.05123601646795976,0.019932541216912417
0.04034573717324954,0.05621509081593027,0.22100175516819376
0.024671624640131215,0.007081971507998837,1.9334997430471474
0.6857602892987869,0.059137236958331,0.019383901276493528
0.07839745752352816,0.038155547265716384,0.023970759522962577
0.0418118042267163,0.010984994700809728,0.01643616191343586
0.14333987620704453,0.034723467857462276,0.025181356862138148
0.054234576916366184,0.7529560717401076,0.011190807020691999
0.6559673129205172,0.6176781766593021,0.01736699714674264
0.021651122481813348,1.2378728964775176,0.016338763794769017
0.03829677302375562,0.2584988716219694,0.04751992252236887
0.030556321449522927,0.4513404048403397,0.03817979634497271
0.22966729694502916,0.025825867829799797,0.014282130635259061
0.0840027922351726,1.8566785641188612,0.009332714533461784
0.280877288874307,0.028509383145367422,0.013535041668585133
0.18032682865277191,0.009859545416731234,0.4981350764540418
0.3734280438277531,0.18070013375217825,0.07121592188983164
0.501523940601849,0.25272088597756764,0.05148522477511708
0.21409868640597934,0.034287947449296474,0.11379608899586939
0.05210277989853722,0.02098043623977727,0.034500241072018094
0.032697819744589754,0.01323675165123701,0.16289181536460481
0.015048380515312385,0.06667873690279147,0.03023620317502421
0.11993971365243979,0.7410342430579103,0.011092088204157299
0.019390939573777497,0.08462284304006332,0.42111588558933155
0.030750257137049503,0.20027352679540655,0.16742190586684286
0.023006626257673943,0.014225264064756857,0.005743176375119828
0.01582090889306549,0.5234767518026011,0.10108473717281635
0.15466866710343777,1.2272153109669728,0.13863772249279419
0.016415825989634376,0.2641561385912072,0.03422504636729978
0.019512139154309906,0.25288910635670586,0.12775434745239017
0.01834747908983945,77.39324022608214,0.04062337048920016
0.01924632934881402,0.05739390839659517,0.009472724064009126
0.429526745220499,0.013543075790174266,0.00671967546792743
1.486179286795854,0.20405316353438455,0.008496690865008727
10.44311472109344,0.13765017653715747,2.234735929100259
66.2298701191532,0.16473829150830155,0.6913974573542848
0.07070818582239694,0.05848076592543621,0.25903591741498677
0.25524142747729156,0.07152908755629592,0.20042100033366086
0.1607336311835783,0.0441969812686806,0.21483200381897624
0.043892163345937284,0.026908178113610997,0.08184233563676345
0.05246614735284888,0.012706666869803627,0.028665876790530367
0.43804610148150197,0.030014876605054745,0.027066171289298967
2.9335966243816385,0.020606461652090506,0.015373304827032395
0.866424861331944,0.02726765164430555,0.01512798288311762
0.9432063293847104,0.004343294195423072,0.007805252429045304
0.17208553922177258,0.5169322820842691,0.05320463630420082
0.07228991473093621,0.024058203901127288,0.008893889882187207
0.0201063173861577,0.12864677781965608,0.02694969122129245
0.06542065163278592,0.03731846551653706,0.006900235338553282
0.12209855134205574,0.15446098381849127,0.004583575369857791
0.029705642007305307,0.018906490106443855,0.009643418590049956
0.2277909689142081,0.031617080220474644,0.004584439125431322
0.675615897759318,0.08612853694612527,0.0038106602374343296
0.2569421828314509,0.011707228200986146,0.11277874163629914
0.17564760072682475,0.37284183716278063,0.09131146151644987
0.0836154730797103,0.013276704006727605,0.1582880954921474
0.045772394654448476,0.04211390376917837,0.06495329424014898
0.05071612103304951,0.014041454857940745,0.057478964030964495
0.056652262896292285,0.007922883931672153,0.05856272410305639
1.6700598542419844,0.007462634763057068,0.017830661795455904
0.039381671478157874,0.0168595316965819,0.027451930215884074
0.15592460075129697,0.04761408126667159,0.016150767020609216
0.009999729880327773,0.0052498312256578205,0.010328780233472539
0.0348770795930225,0.0027052552822209863,0.0154657373753672
0.008947445211588976,1.2060932806964315,0.015163821289875938
0.009800914353847352,0.5707082877484945,0.021360086910022006
0.0065723696643709435,0.08334322124546868,0.0072856091360934275
0.008371460363023848,0.31221597880614255,0.0037299527812033125
0.36966640065071515,0.2035524107031279,0.014768829061016658
0.07749145143304505,0.975063817247794,0.010239306571362503
0.6497053695443227,0.7981774892514629,0.03145428044234198
0.20127598227808022,0.1077302451435376,0.008564667748056684
0.1959567938679874,0.017844754367538716,0.2762112465245537
0.5697982089541941,0.2329076941360384,0.07122768331285019
0.8992323611678424,0.019064424071645044,0.07420210697303026
0.07392580774641938,0.03292486476098793,0.0699376203125225
0.14638197683797627,0.04456000474580348,0.2972299412241051
1.4399161538298824,0.04560261756559256,0.515358405109276
0.1888155889504773,0.04661998578299446,0.03116941777225765
0.6197964345871846,0.011998279260182614,0.0300616970430495
0.14141307764345637,0.041553551042504126,0.06704537988878466
0.042649493383429056,0.024259295139519563,0.039545781545589506
0.9700858215783638,0.02380068446383346,0.14294705104624975
0.03319323091773939,0.2977713174925252,0.03125570292667415
0.6893592045446454,0.628313898083241,0.012551838333263099
0.0553083287774616,0.14362980399321526,0.011250720824874308
0.32987766745820996,0.027154616434191335,0.04123925566044231
0.08266046959409515,0.16027993315874947,0.059294076857620906
0.0664218709433374,0.03513984555617971,0.01064836750368102
0.030929954490367378,0.027322403692818912,0.01027337143991899
0.04379333266363174,0.058368735529745495,0.03489230076554447
0.03565811999516097,0.10478278373936149,0.06285104917665485
0.029430123896251617,0.20210776605276132,0.1729874789059886
0.006917426232172218,0.020203699849215485,0.10402704851399151
0.44400113492961607,0.02301457391305522,0.11349002987721099
0.08737799770816276,0.08765230979957107,0.12383714465445916
0.02097840256778145,0.01018435019962421,0.06804784558430572
0.021110251052721473,0.010616746506921812,0.1496848110841892
0.015848980055662234,0.006404102480377807,0.08817359573044711
0.031744542430461965,0.08527184609437126,0.6374517168456515
0.024882241245357917,0.01084232773726864,0.609221621758449
0.002006737098424683,0.36299585658796074,0.11858891672918641
0.018550314213474785,1.3756766724936325,0.01600090116759491
0.03684403366520991,0.8929706557108105,0.14521483268080765
3.483682359781722,0.4809121132318962,0.054521431043159575
0.11390485048989744,0.2121830875294866,0.0580783974564593
0.46926951130663164,0.10237690791824518,0.01023602480127158
0.12167859954890632,0.23123516711668946,0.020497419700526612
0.19873410608092876,0.4891741339789785,0.0030171827493352217
0.09356403855616856,0.12709612462133882,0.013760746256435042
0.042623416010101826,0.13203873380886227,0.29968212711099723
0.11898806969483586,0.02776128019867885,0.12611881923141538
0.14300484759340046,0.29653572468099276,0.08781036243837591
0.05790104848281839,0.0599491863133985,0.06609759473889078
0.0216472395839856,0.017325878682551886,0.04523619831970903
0.20156054484584138,0.02759427280394524,0.21247895770967226
0.013078108873576277,0.028217660044036304,0.08089080025284216
0.00748171595135417,0.096337242049768,0.027663871597086505
0.008370492682590661,0.06525674455613062,0.01638196858267666
0.0276530843636202,0.06634374376429757,0.032778650295859316
0.0372430833934408,0.0101270744812648,0.01915731393280761
0.01553830211620976,9.053477372592239,0.0643493521536159
0.948005174727388,0.2334715149747136,0.016495172966891826
0.10732459026392335,0.28763610029272263,0.007170607384977936
0.0371577741068776,0.07569692270121488,0.005149463916736915
1.3302130164873502,4.321544162247269,0.008988197578715305
0.026749691580351783,0.34766714055133774,0.014912417452994436
0.2608793360554356,0.1308647098083069,0.7853487639044783
0.5002380079138103,0.04555921881872742,0.008788403719752286
0.495181154758675,0.5743414873730933,0.21742008050441275
0.12751948937172106,0.939491411950492,0.07540940453315531
0.03722771430160965,0.05263267288371894,0.07310147357426255
0.23919266339979606,18.24685709634783,0.47357855139005955
0.04092662160235728,0.05812796435872586,0.09963267982177004
0.6405772552939547,0.060154891147687864,0.2637790001732326
0.009341315587346641,0.07811719826975315,0.07448718827577243
0.023296351582966394,0.03075500364222507,0.07446063607206398
0.015815832888214996,0.007854876948482855,0.14474028853494242
0.10677634840769804,0.009605470566546937,0.8645248651589765
0.09056903506778424,0.07730712770852585,0.05594094205575694
0.016609224986498115,2.3117947666997796,0.03796119153500082
0.021271419159750712,0.5919327548253122,0.060807287311336625
0.02470162952458695,0.12644173662914523,0.059854821508427754
0.005816133686216502,0.1001656047655866,0.07841351921501075
0.250080960352321,0.05374898792237087,0.036222453887475775
0.11061320349862781,1.0664983717686476,0.03225086516794006
0.10849203229134512,0.25872861283121057,0.0422427615782278
0.07107293893875558,0.01465544279477627,0.019525270206909792
0.08800759925669009,0.005996493135223414,0.01360765075969245
0.13451950588708483,0.431802811260513,0.11930289406905345
0.0580618783849504,0.7014409275006177,0.04439142937647256
0.06890976973073412,0.038447880898252795,0.15982284483820008
0.32790756889824096,0.008340893696620503,0.01436413050945026
0.10432155462050534,0.008314263511519735,0.035030021366176375
0.13618395684272003,0.023645330485570465,2.2249517422806337
0.0440310606149869,0.008687010069994816,0.17213294782179875
0.009775594225441483,0.006460495545438773,0.1600205782537476
0.11241867410832128,0.0034119558293107853,0.9779104751021338
0.0030075806127643615,0.0063822019591468744,0.03046865119252111
0.009408634224712812,0.4187367365439916,0.031191534835133948
0.4504598683718891,0.09792438774231979,0.09758407812843951
0.4407407943833995,0.10223488530699688,0.01955301606313066
0.17057668661871703,0.17518428363806976,0.8036580305087081
0.15663985428971164,0.15030108275597395,0.00914397518878074
0.06442718744226474,0.1694423030585834,0.3058608381323732
0.04499695511024187,0.11143636172012782,0.007788852792308981
0.05221660621281352,0.07250647288448582,0.011560105699786856
0.17983327760495468,0.2129697809626804,0.028109053280439975
0.04899285908173583,0.4502193947047348,0.4097179456520435
0.03847050385541884,0.022321396592362337,0.09784961152921895
0.043800973085482586,0.022767878650390462,0.37825708660943985
0.0691256702462736,0.0876017008359272,0.10075671271129762
0.07976813437567175,0.05512654514587793,0.02830481714422475
0.018382193505987455,0.0286098713365747,0.05244137202944716
0.023798542082236133,0.02238783056114088,0.07545574030804267
0.03284428713229434,0.012565114526539353,3.1415002316226035
1.008230822901954,0.21752643356909337,0.05788923984305796
0.014604838175042632,0.050019466464233935,0.007575978978732174
0.008112870492176367,0.25884143583998703,0.025455347881532586
0.0667691014587261,0.31580210830982464,0.0591957714340622
0.010672360307210381,1.5130724107001616,0.0573683182780305
0.018995827426529815,0.36249113272435196,0.011106196296048929
0.0506521191674946,0.052525200459741773,0.02834460380706765
0.02882373472133041,0.11425670910968386,0.22383776701252192
0.0049285754155585105,0.08868875504444913,0.01691552808729587
0.00724894004761736,0.06496402915504151,0.007095599590197069
0.17695105786386192,0.06940552772031044,0.037391183877293496
0.05838482453858973,0.11007134247450959,0.07963656513737645
0.1748560552466519,0.12185990693357014,0.07535559549939637
0.2812131545065453,0.1737756639328794,0.0671362336061659
0.041770742127424314,0.03435693576625087,0.05532574475908176
0.05561560173095891,0.022935208703011623,0.03439748863767359
0.01818159266437477,0.027111327901898786,0.012786308849299871
0.033615484870469295,0.3566951591482032,0.018974479536224387
0.06853043724999615,0.017658577310672083,0.06742324374174152
0.005316030976901854,0.030787799601802914,0.07917873530980511
0.1853142418099869,0.02310185525507264,0.019095044221007763
0.00798182098170128,0.10318573128454452,0.42338739929266794
0.008803949430752791,0.10020276315237801,0.06145192777941578
1.1839248087739465,0.05374167940309517,0.25652046296320047
0.013755094394741757,0.05477433306528989,0.04880767270029701
0.015116500577233906,0.007636913461628231,0.006824291721327955
0.0037745382113929067,0.035146104427654604,0.022085589923540858
0.011017764991575566,0.012857853209745744,0.006811855940003467
0.003602257316636865,0.03279894635611673,0.03212597112597426
0.21427973878878454,0.009420947983991098,0.00584973912038758
0.16246259440624522,0.006522836228096765,0.25313807480770883
1.5445557927214286,0.005782257607372047,0.1410277654904734
0.0497754473003948,0.006444789726952942,0.42386551081476226
0.013015067624768223,0.012291260622675208,0.504954496112421
0.450826372079698,0.0027214503287101874,0.07647644184756064
0.027202866217230864,0.01359812119845846,0.01184498162386471
0.016866886686404407,0.015898473286295442,0.007707247235200027
0.012803167162376974,0.00452629627526557,0.009203249497562101
0.01223736110467532,0.007806892641407929,1.164332134235518
0.11046085110719141,0.004619075361963366,0.008853596538993857
0.2082422029772367,0.2806902604630753,0.017409150918007814
0.012072200171174217,0.29000225750834085,0.00884038448302497
0.020067174300870363,0.24821869920319797,0.10449194049231171
0.04505116598514995,0.024712113490291003,0.010221742087699177
0.019604020308280127,0.11949660724663547,0.07509595695729068
0.05700186218622791,0.020091946989115532,0.010135879134860923
0.008716060055113406,0.010978111097567649,0.006941041057802443
0.014353652765773321,0.07959651365219679,0.006912085416358126
0.3717786396698457,0.010006651306943148,0.005101040725172325
0.22828507098669007,0.09795309830762143,0.10203107976153225
0.03330562578103479,0.024815668365864334,0.22608274263099185
0.06389754700521556,2.3740125650318404,0.27143869619367045
0.05284935819238089,0.3921476438543841,0.10316469639924686
0.030563831842040087,0.03472736754144396,0.021494117326822715
0.018291213903981005,0.02063069040339434,0.027923809309409468
0.018562340154034723,0.02897672101183583,0.020343018006500263
0.011817772419862694,0.027512781370248054,0.07769081383289492
0.568715177318479,0.01493657284478715,0.051782647650940726
0.06046934102014326,0.01025198828908618,0.27723377059637583
0.010990067313070742,0.6880214934993345,0.3405196197608603
0.1200094165498571,0.14453455221972153,0.47937056532029965
0.01633080178696181,0.3005254278324527,0.5331941862525269
0.0067697046266795655,0.5015073151985022,0.023024312468891726
0.18058137546165776,0.32059860569615467,0.18694454226408347
0.0479422635626626,0.06008483092227881,0.04001445096378315
0.01152782362784576,0.05422115519958202,0.03674180144261585
0.006125639574468379,0.05760070955205217,0.03684696537933427
0.13293565940197002,0.03418339756158688,0.027548425992712865
2.062229405048847,0.028355750805251507,0.30385225911981456
0.047712609391259805,0.4647875844888785,0.10961204779962501
0.18182361735543293,0.014641360330292594,0.3855947603514628
0.22230278110536,0.17049791090314978,0.08968217808858485
0.036812533862784616,0.07542708371821936,0.37453334455963944
0.10843622466946498,0.25359136978634383,0.32795649319818376
0.09639616765403662,0.6215995798208052,0.011257512402278316
0.6758809326275266,8.075375583499097,0.04367899805631246
0.008607083106414523,0.15508944743658196,0.3595295200936809
0.007823549865129285,0.12584502294790556,0.06453319791239537
0.05419536046919013,0.021954810575078223,0.0876109912616741
0.02290623087465949,0.04141556594701705,0.053978020356758104
0.029121572072016596,0.02547307188316776,0.12036882770750414
0.005809441019724046,0.10511301992013208,0.11785095652085138
0.011544509464603715,0.009451543274501716,0.00807450943019208
0.0035197308137946536,0.02595418732479444,0.007063650569020537
0.005492245800578079,0.22723970047680592,0.012117284495893181
0.00681649629034453,0.12889236588468397,0.04101269007258232
0.27235449790241956,0.0282368287593464,0.004133586217560462
0.027204585824350164,0.13804193712362225,0.17020098644134318
0.05024652535900506,0.25879713155305933,0.075457908213465
0.04961307754851519,0.05147885758136438,0.17852776369116188
0.03350937527488224,0.0614505534536637,0.10885591143075757
0.018473811984905938,0.015426746280671177,0.013262963734353124
2.8044370798236944,0.15621492671824622,0.01575446445125727
0.785828556247194,0.11876641966677151,0.1909091008038342
0.03708916227917669,0.03957179212992955,0.037347901702489736
0.011890619025236054,0.04402964091567578,0.3218093249739347
0.01741886803820147,0.05076791323272122,0.05791940530004592
0.0470997590768126,0.0400744233581956,0.0073738936261785815
0.005387404915749667,0.0829491934542488,0.03874397537140869
0.02412477760174886,0.016058803504080274,0.01319633975929299
0.07791712516350305,0.021432803146861017,0.02707487880275026
0.03552831405050957,0.19631613876650936,0.011898919146338165
0.2635887273765837,0.03721829088628748,0.09756004473691203
0.012974420160839632,0.014796375642355523,0.007375161049347922
0.10527613465729127,0.012088329053806414,0.00628506782879572
0.23057507086868678,0.011119590475542656,0.007011236584577847
0.9312799606603839,0.0033990573603116477,0.01894180905287819
0.07115082297057113,0.040571380656362836,0.31618426141771944
0.10042807967420758,0.3610886308256538,0.0343932980501834
0.08348559525080511,0.004565840276754724,0.08030804786350443
0.032905451893428,0.31423593876280786,0.04089112756837477
0.37141510145692586,0.28432209808570763,0.03779059704467027
0.7252681549561257,0.1481955311257818,0.022437239975802915
0.46281120523426206,0.031216685063598856,0.18050685443855335
0.9713850875531709,0.08033777772553338,0.013543442302659496
0.46887973786126186,0.09972919190106652,0.014420431116737126
0.04009284433739508,6.107597033816205,0.010717628939435371
0.01433755141522948,0.16473521205561772,0.08860999965889942
0.027828262418463215,0.8111029397032636,0.024906766036686526
0.01665057874813002,0.17333332071748994,0.27738696740482555
0.02519709783920138,0.03746308641836932,0.30152415830333185
0.2063416883363624,0.07921031577663787,0.019726061359485784
0.036051613284823376,0.08065262082011676,0.23884114703391499
0.1651917231672415,0.04449574216239444,0.20962898021752546
0.10533543163075702,0.008013529236740105,0.002357632681842402
0.08111970769448534,0.06588798598264885,0.0065410301885352505
0.024798336766788182,0.0473589895072337,0.10788088484671411
0.08381570543019515,0.03419761070179403,0.1634519305266841
0.10033177915766071,0.031639173615577255,0.0859777597000426
0.016049965878294176,0.026799688130539148,0.463273191411938
0.004832826623276326,0.25944086794502813,0.394926958924798
0.002946444775120388,0.9148388436397196,0.35312268870713887
0.024289243463681037,0.9533817458891103,0.08556540117855031
0.010758739161793434,0.172900521650958,0.09034685944464005
0.004438699978261204,2.074832921954763,0.024566959834136214
0.006855134221787423,0.08682937793415067,0.11253894975765982
0.006803417089266825,1.058348824718151,0.27734601394507125
0.002755369324879242,0.2752214665567563,0.39702321836126075
0.00407929114250958,12.796723106758968,0.01960278716482957
0.002054933324369349,0.026501943938214288,0.010568195349509075
0.12212047197975172,0.12100729502089154,0.030919101285122774
0.03613733099485175,0.00907951085574414,0.014910404482024216
0.4398177831943002,0.06391609167264513,0.01183838439855966
0.2032091714026839,0.2558741436891283,0.014740953292560064
0.00998820329845546,0.05922236159624628,0.034617256575519346
0.02620338286337492,0.029414639701573608,14.069829798542868
0.20315588648510993,0.02315236192912116,0.5831620909408689
0.06705368678717438,0.19516521621496474,0.38299120568943823
0.023012578615879426,0.006093614525302462,0.11839107288277778
0.018647573513258298,2.6607303311454236,0.06892752222050155
0.02687052492545126,2.5022855521915592,1.0927589116292462
0.006666033453376102,0.4806191295064024,0.25864363315866734
0.02217302659983717,0.26874575999063705,0.232348128180455
0.02347584979705485,0.29777620559872514,0.030260137460791196
0.006578328749464543,0.21863189814868392,0.05706898030869966
0.02128542891486676,0.023753747348905296,0.08864631174882977
0.020800959995144645,0.012763546067502385,0.08744714591148149
0.00283451917050995,0.05802790437483432,0.38067376151596494
0.007354909886062005,0.026796028463770556,0.023592611984333343
0.1869098304909115,0.03576709475307072,0.05210726504595453
0.348719349501744,0.01368734426500404,0.09367610996705575
0.03812580823902577,0.017286805681381637,0.23732486757612545
0.02421222058839888,0.014742211864181693,0.08690085264178522
0.07325093144108367,0.02632918289636321,0.17138331233210674
0.10475572237572862,0.020974678852102902,3.488506672848399
0.083748943601258,0.08663184520140467,2.2630237199240213
0.03095967250934456,0.14932038196463196,1.0336347763330802
0.01918205489592377,0.013903441691887897,0.15610412925923944
0.017234358492653073,0.24313207468933398,0.27301847032117904
0.010096507173109507,0.9672528669990361,1.4682177698348664
0.4517291060840217,0.04690735502813905,0.38449369481193574
0.011882668657236202,0.1782936038337942,0.29231612725783485
0.008313397947621167,0.05132214566653691,2.3770788881029286
0.0018102188444522336,10.566645250111826,0.1611780964375142
0.008254028408379339,0.19940285156182386,0.13319613012250311
0.012853674183626642,0.4437507948364739,0.19699568523309602
0.0032789480524424265,0.058134435595829974,0.04770200186716819
0.010791493493605796,0.21183211562691168,0.03465412871465243
0.1408311950733604,0.1355423030846111,0.04877355180098547
0.06344323439813397,0.026836198051510905,0.044654546684265474
0.12456319905959586,0.013806558732037582,0.013591980892156234
0.02397193829040749,0.060240938577655265,0.040305879737051194
0.06702650354722245,0.010216282728684642,0.14334977969327786
0.3642108300601173,0.013843475627254619,0.00541595183892069
0.1516698290730582,0.7046584910449322,0.14688268804626908
0.0233092794341709,0.40690204899193494,0.0562293701899304
0.16101031878920302,0.013545897341945745,0.05339016426014386
0.02372655950983986,0.13887741706548365,0.04052573972126685
0.015333266432148426,0.793352814434771,0.06670183783502466
0.07220807732616906,0.037381102347287996,0.13533888284376036
0.1845584153311249,0.26853054411208305,0.027222835163870116
0.09688012752198967,0.015399154299271729,0.010031128647341644
0.043501982042943116,0.08746747651747663,0.042577452384990486
0.00886906136298467,0.015475545751330696,0.015048551948384805
0.09570369615083675,0.008356737525028784,0.024428400743258576
0.044353123324708664,0.02806453285121336,0.01663637262866259
0.03057260812469479,0.07020793486221934,0.010164980196986171
0.04912815530449414,0.0233023020815981,0.004417995732729094
0.11918833949049314,0.026771220398812356,0.011065739413883993
0.023181241150394646,0.052285614462534505,0.005684250703253411
0.010703250662214987,0.006766599025539114,0.007131447043915729
0.19069569674712208,0.02407779580980341,0.006150610251735638
0.0218977182889278,0.014213361665003206,0.3075477552835397
0.07094584117389187,0.06954144456879534,0.3791281802278601
0.11651673299009754,0.028544609035545107,0.09889113378945792
0.01186335178154878,0.002362892095954305,0.029782610550209816
0.010323248825166588,0.9992414179335163,0.043016673097679335
8.971608181488724,0.386343063444405,0.031861123121650584
0.019237275387797813,0.1304989997662786,0.09648047118740474
0.007581659453650825,0.566483627525733,0.2003554349667772
0.05930034058170028,0.06762484522026262,0.11679717488312395
0.00960048140166272,0.6606525436906142,0.04164454860594765
0.004339406344148739,0.48244335293090257,0.11908860843347886
0.013138686385021211,0.7808378117637008,0.10078910507045209
0.009802951077037896,0.10370714644457962,0.10682377721266718
0.002479696555309278,0.028515798084255927,0.019012795983171713
0.0024632422366854595,0.11855475628942674,0.048615283780865916
0.17323253204933742,0.022418778041353497,0.0021898968347945674
0.28990232705718433,0.027459194613779755,0.013457940451367228
0.014107955745946458,0.08490970402307073,0.018887570832757588
0.11441491630019185,0.23196541406642024,0.004932943581632869
0.04625322708066345,0.04231091062925209,0.0035889501530524896
0.04253283839125203,0.07528031258785833,0.10726054291656793
0.011188993273793585,0.018374283586790906,0.08701231257576543
0.005167194718687024,0.05290183886266839,0.32439426067567784
0.04530711585617797,0.024009300322188454,0.15901017030401499
0.007373118161291193,0.032659028517585835,0.7604207901341791
0.018130797055849166,0.006386574552845918,0.2322493241962186
0.009188036308872018,0.02788251680288373,0.4219518400043713
0.5337369854913366,0.02236607483672657,0.027608064335532444
0.026659616295284853,0.18330974858028515,0.08160828498225577
0.004640581289273062,0.2582784721849227,0.12130361894823936
0.003433682359951643,0.3091753936226363,0.022342051159230433
0.003940408689556418,0.028317972175710675,0.02340976455309976
0.0028053564917633837,0.07275302388631097,0.019974315724873584
0.009520848326157733,0.04783812518471531,0.020211359279874982
15.510531723294363,0.009583477517803923,0.012416738972304421
0.6334121581221814,0.03048879125339032,0.05467887024615037
2.9148151335146957,0.01888240137522525,0.04968596455911521
0.0678574704750153,0.008587294823520017,0.0033263911880175414
0.02094441338382975,0.004558577110893646,0.007453030144660259
0.05191498805543529,0.04734247991908886,0.6024548771886022
0.036233556142024816,0.02157193414291664,0.08664261743248734
0.03320231511091296,0.046951253123907015,0.20374741803882385
0.010150734763195423,0.022679668982664124,0.2433878114726347
0.020522442003468665,0.00788957891124334,0.0528149963397746
0.010659234789556755,0.005645992393872602,0.07643143659288935
0.00873402417035139,0.003231157808341233,0.033018070845926624
0.010741251129769164,0.09790853369301127,0.0630297311938346
0.05199303717393907,0.16154115605138467,0.030579669238602395
0.015075736382223872,0.12270812751714694,0.03561256754276665
0.007303586155940912,0.014118455368940208,0.04282692749949537
0.00668287818591974,0.01779810411266178,2.6539500114046177
0.034905984223456706,0.06122239546342284,0.10266805216152082
0.19877927047891314,0.06326747263025301,0.7778111814602275
0.23381512590564607,0.567014993883599,0.3738440959272642
1.2432817306761617,0.06910809024753202,0.07790443927036515
1.4709194312302807,0.5140249760974264,0.023170513172264953
0.06770838943493715,0.0975604963729849,0.03798502829937518
0.023374913713091538,0.31703388167796953,0.03191650698913343
0.015190198657254636,0.04307530529615249,0.007259179590086379
0.0258250176169961,0.19764731281220474,0.19851768783015
0.006752290168995129,0.874795090381007,0.23551433518282647
0.03789565328344428,0.3372653905863533,0.06363341346388218
0.005916451562108431,0.06046319155453269,0.4567728365720419
0.056574175859380224,0.06340648037584663,0.052952710190145476
0.026189885907819555,0.06037804307021709,0.04981855695144852
0.013300833493421855,0.06242059254008681,0.03302192535973762
0.017150017852828076,0.6043642877922422,0.007822405004634936
0.006857175229618488,0.07114417553425037,0.026804117255173253
0.0033306333190008855,0.632318191869574,0.12969928139197265
0.004888009403931468,0.6930323560179676,0.018495177220186797
0.02695088658343326,0.0734749765984869,0.031139200685697695
0.002983354782550177,0.17749711691412853,0.05698450303353031
0.011342912064086578,0.2117366142528931,0.0270019528032765
0.9673489083057186,1.270827867483247,0.05267011655209268
0.8252340913731723,0.03671677878871283,0.0026994949297587216
0.17737589751597932,0.1290199572357041,0.07816731443188188
0.04892445039664481,0.06110126598726647,0.018774489460120815
0.03110563251228916,0.432420978634231,0.003612339273001914
0.020813002256040134,0.06042569963608093,0.250348326787131
0.010859492423356227,0.05073716206244789,0.1663491348526853
0.027978692793785127,0.05146953218447247,0.05574006849577363
0.02491542100551994,0.052902499848596116,0.026961739332276472
0.015259424907988204,0.5777330870423776,0.036967619509593895
0.03700860378617801,0.01249588680858903,0.04547388618211078
0.007074977535052376,0.03449067912507007,0.03340667335201672
0.07388554879731028,0.029097581051506238,0.0160380072664753
0.0023321927620590715,0.006273245745820495,0.012577519827242697
0.010411382375967528,0.08266668081459902,0.09205871700493194
0.016266923901598954,0.0064777932770135015,0.032563445767081235
0.0661499150870148,0.0088866738420586,0.022580192068538806
0.0016515882894310126,0.10602535639167106,0.11470207311747953
0.004439051328917536,0.08063264902411739,0.011112954248191673
0.06790488044727287,0.015365522971423573,0.03712856250872441
0.3365077676186101,0.02613372130972675,0.11401551251370577
0.03002094106392865,0.20195569617265816,0.029887997462801498
0.3471962571452019,0.0352195547377329,0.007119538351215597
0.06524043712347494,0.012015447789227853,0.008772003410055173
0.02989367747564757,0.10012678091300894,0.1922558582502251
0.041240915638152,0.009883128955816023,0.2547807598448318
0.28306508882809767,0.010223031107215957,0.4352373671773157
0.04284098603227375,0.008856900386481438,0.23729470104635556
2.4524136517114603,0.013201988532027416,0.09603840733513783
0.8571203009325236,0.04995478898755098,0.26446169498400257
0.713266890253374,0.009971944325296252,0.02705529616292289
0.7822650905610468,0.011794493664538608,3.9624222447529625
1.6623168999256184,0.005301173405087401,0.13200459417587132
0.6827420330935687,0.012059185939308208,2.551359694257433
0.04975238288716475,0.02275440643603161,1.291149618186293
0.06089142056303302,0.008942138827797427,0.3160055956877631
0.05469711319336504,0.1467076312692093,0.4971846137011526
0.03301192706694174,0.17513444447454526,0.11551379265887896
0.00916987152078253,0.3956133767048631,0.05963545344528677
0.012524315366553757,0.6970561867443169,3.0137120878757244
0.11908379687448267,0.14284808039049782,0.043105001673193935
1.0995599372206986,0.07207916609169512,3.6233489911036663
0.1394522913336107,0.17907827745374175,214.19797458174236
0.020143221315295435,0.05849255579116665,0.07643586757666442
0.014409336158131152,0.27650771968124566,0.035643104676717996
0.024563809926054395,0.03413377772079333,0.013103335763782713
0.17304468235852474,0.011235907025445023,0.052668291786304014
0.003919185491918298,0.03511136923582959,0.2668157196221552
0.021335880741319303,0.021313064894166983,0.02212018289118105
0.0032576062513236946,0.006238362597350029,0.04099600090597623
0.19923767298594242,0.009576925939372804,0.04844252694132237
0.04202654559577949,0.005480595186591109,0.10335356602914987
0.020832265227584634,0.009164891195226076,0.20009037239920124
0.09296071593123886,0.0051995241483649025,0.027200862485090085
0.023577676469921646,0.009655103239415163,0.08326527045947929
0.02191589092660329,0.15095853283365113,0.0597395164893945
0.011333801937654113,0.777678669682981,0.16543502471101623
0.017674930730139336,0.2606198464938461,0.29479690675979264
0.017783925748880002,0.956720120395127,0.09708548662675799
0.03615215913170384,0.5750318770343121,0.26386792661683645
0.11124297804747223,0.4280577390366114,0.08267466450606106
0.12561010337006848,0.1873441495515954,0.017769173596666948
0.05029970297990999,0.41642871177825175,0.01258602059721071
0.008790748600550997,0.14223983421426792,0.020514022193388493
0.007501792683244138,0.2624921214747819,0.051004102683824104
0.01824146337842927,0.325398549188312,0.03522734904899128
0.006975226294993612,0.5196669455895876,0.0070959276413959166
0.003944867789638831,0.03875345665646429,0.006859314548440357
0.011053589100789145,0.07923162682919785,0.004493871130895374
1.0775491291428843,0.3211817321568742,0.04151866084178787
0.127362836907706,0.10005184862313692,0.0340528421843288
0.0906142810841169,0.12728402896549063,0.005635593569485833
0.04255440359518941,0.03243916202671193,0.004521438766478195
1.8933276501397749,0.0926957575054477,0.004842659578536998
0.15541147767769786,0.13061247848756155,0.014884797250929071
0.05764381291573288,0.11107746482033218,0.46763701542604225
0.34526442791608053,0.07662615514210984,0.43397728350000425
0.08426566333710604,0.024325308790980896,9.30620826634425
0.6945348840254707,0.023816911227235865,1.0722537116159925
0.04066172344087556,0.21408073097055272,0.13866636038822755
0.09269965151038058,0.011423406813466638,0.06495010217960324
0.018094651723791037,0.03533916456216545,0.058443280545855486
0.2181563073911786,1.1007493418646357,0.17434341510197573
0.017334950451959687,0.004304252707240021,0.22825959368062543
0.106769806556645,0.005648510352185066,0.04546529342381116
0.30399660366958353,0.003314208400980305,0.08866827914000967
0.04760476557896456,0.01577726994727722,0.043003965267490084
0.03480552398865253,0.011701104084852337,0.02030039751438378
0.13995771353976266,0.4500716717602216,0.044563122085948086
0.6148504882081808,0.10716684838822652,0.017793465751411018
0.4411003352145547,8.72267552951269,0.01824364467809568
0.18963247044415088,0.20238790234881815,0.006243002625717045
0.2301242948236787,0.1796413212198978,0.23264231009121245
0.11234124750087722,4.07894982140573,0.03264085497679208
2.4293424888010966,0.11428712974651978,0.09450868245192971
0.04703843147019711,0.25487836280318865,0.013483428031849843
0.018630583386350895,0.1349642262043349,0.03244429112541096
0.4934061588746708,0.04143789520922523,0.012393457990286245
2.5486894273330756,0.0460173286583947,0.05312308811183828
0.22035897425647066,0.07677307046115046,318.2129549854534
0.5583372771373337,0.5034493394127441,0.03933667340471108
0.7700143212130314,0.08831752713712389,0.01305067765992045
0.13110462949140095,0.08535180933800415,0.02546996583532091
0.17774841913643608,0.4176610337453431,0.026452340161960044
0.15461042233065195,0.12926669102007105,3.145819046749938
0.04285380510022293,0.0376051890889567,0.2274842263378993
0.038558114472361744,1.9185887214826596,0.0664235035796622
0.09039984053240414,0.049117084173846574,0.018377275580749586
1.2607304517521885,0.22182176425800484,0.007328619994430867
0.03612496758584139,0.17878010537941896,0.2786587520381829
0.024075744841105806,0.036602722396823356,0.6412926428910501
0.214858672129509,0.33002885979488017,3.4192084813374066
0.11674887874469908,0.02357148719325732,0.3427186078146152
0.1481543051039464,0.021177835326278056,0.18881113142735878
0.008109113010778319,0.01144679348728849,0.7108797751394944
0.13675976316638272,0.5369383313632882,0.33898819217527315
0.023219434663002584,0.01163767819879317,0.09404452532249895
0.03776143447756649,0.022318382177121694,0.11765396230116766
0.047295822667035296,0.014283610055954464,0.05135736780439909
0.03518994128372874,0.005802906407969833,0.16969144784881457
0.007472580219614393,0.008988438287583257,0.22834131978957242
0.04066790304842383,0.00973710414339064,0.05559933155663362
0.1032424835549827,0.011245914849909932,0.10745537999374433
0.013605763292296433,0.03292680711966578,0.12097682739345768
0.009585288293110106,0.008265596537675604,0.15843864065425448
0.01665185166252516,0.010344125160625082,0.12481991851373668
0.0136073954494927,1.1462458893702865,0.034384706724837295
0.006612258133254882,1.260847730818336,0.10518306032728421
0.015585666044464092,1.684080206504716,0.012374490390728847
0.0027150945125504655,0.09289562306067953,0.016014897785484847
0.47607410502236464,0.22681695023735793,0.007536911876369182
0.08182072751877567,0.07187101865676973,0.19376921759915253
0.044251005315133936,0.06417147931844538,0.1519781197920742
0.16120336025590934,0.1319949550661973,0.6305823611914229
0.014989025561369326,1.28355105519192,0.046266911570633715
0.062386715831925114,0.2132383594079812,0.030940138939328676
0.010542781983875926,0.02053313421867831,0.07261437621292323
0.05568194561051362,0.3223146674962663,0.016452378709704136
0.04324909743508038,0.08776616240154439,0.004044308944061811
0.23841705486679882,0.2011870419748258,0.022291526101387484
0.14704620787064043,0.049397343661421636,0.08152408107216808
0.1349730240530827,0.31916526105965537,0.0652327318284907
0.18738595347997214,0.07778896734241772,0.06528285440622174
0.17371350487517148,0.0065266321050294705,0.07485930881079204
0.38403856205189435,0.009096072246335568,0.08134285593877191
0.01663091735345534,0.17496386740398454,0.047027706445357566
0.08162159467132464,0.10251720185607678,0.05143456632950765
0.02458221647900614,0.03499757589977225,0.08146491354141117
0.009870122937624437,1.1812828100297768,0.021863284128024886
0.030779559785038185,0.039351840740534945,0.04652500224140911
0.011500361479607762,0.028384224659919702,0.1935011726104726
0.08996134931003921,0.07211632281413455,0.15656367125505874
0.07525176859530538,0.0429868912725919,0.10910846778857396
0.01589512193496169,0.1404906870920914,0.04326903763088073
0.01146497462502017,0.01595175648744565,0.0674167452442873
0.020284617287693506,0.03149364832532966,0.07864377002139573
0.009601045407746183,0.010565629293228162,0.08972458151817933
0.024823434641713493,0.004237377584364532,0.04552352145822357
0.004439989941878827,0.019002385617103736,0.007362132089890233
0.08906603253337958,0.007880735945564314,0.020913508277004673
0.2167727044672298,0.01312481963814819,0.010410552403550613
1.2150994426494364,0.013758912963569982,0.010136750209764664
0.23235839787345544,0.0060789239135456185,0.007929361553342656
0.1707519036650292,0.017710698222677686,0.30478701158440624
0.6105969753287601,0.28971149685913966,0.02095079486026637
0.39287447628231026,0.13418081179005603,0.0037233464191222957
0.036009884432888876,0.04246126777674709,0.008983394139414319
0.091707879221081,0.07014659786941144,0.0036392566844130796
0.15738554511946468,0.22367507467978665,0.0056135530845894
0.15018278366397755,0.06963708278628186,0.07750987240998063
0.5138940653242465,0.060615261009715815,0.6576824896573276
0.012856594677046567,0.0585686046500966,0.35739825431808986
0.03047509759642598,0.06814719411820004,0.102795058815308
0.027276239600552907,0.017838128529245642,0.15231859750918925
0.045430615659388086,0.21460713790404842,0.015604902900119394
0.09951317599517201,0.15853332254880087,0.023384126646854155
0.020214581803361734,0.08967797900461336,0.054715693553651176
0.019628977529271414,0.17090065123362225,0.03993264906823703
0.3830894403177205,0.035735237280888815,0.08241405940468187
0.08786812973088444,1.0399245430064532,0.009014167920867866
0.4240779996188717,0.018071433275205658,0.00816987153126563
0.08968234949062646,0.0449697735193771,0.003648987650070459
0.020421081001078034,0.027514627757074278,0.02481761138587738
0.04885754147566205,0.13417006945966367,0.010000459705204502
0.06806175732925264,0.0756999721448639,0.004094974912554787
0.0172248058985383,0.06274067029575624,0.05503995437761777
0.036287832377531935,0.8977065254635167,0.012286213938612933
0.011172353017174213,0.07682568448014912,0.0031202571396867556
0.013015395985573424,0.04081334792663141,0.3270705706440067
0.2928443950796007,0.017744277494811164,0.1628613162090433
0.09200364072054448,0.11351001510504798,2.595745034349447
0.025478040468916233,0.019501875118961863,0.06257872704001534
0.1659669577081424,0.016393014953753615,0.18449387851285642
0.2472542212695799,0.023966400938531852,0.07770540095011366
0.3982297450697741,0.03255490834502413,0.006600550635101555
0.044502613714314625,0.00931786505073975,0.06806121816974256
0.029633525353321404,0.01069633470021908,0.023644562786889183
0.061469027274893756,0.01977560795981503,0.00868498053666729
0.037275470277157365,0.10616488581345401,0.02849442512439091
3.6215624571471055,0.0033979231788374004,0.01956855947639024
0.031366514468382546,0.02039306862937979,0.012623999432265847
0.05088654675371361,0.02625530189657828,0.009341426361332969
1.0021111467284802,0.41934414000772885,0.13085506207387618
0.035912682385248494,2.2433440678157988,0.3822954696529407
0.04120167724779039,1.2843522891190637,0.0168863767367267
0.014912822987188238,0.9383629390358815,0.22704396207719074
0.38174295816235043,0.04678221357532494,0.002149109237622897
0.02523570360401576,2.042752586575944,0.14261035013855936
0.016079096347598854,0.1125667136710639,0.39190576333729155
0.022015633562788548,0.3080343033474828,0.03593065736689087
0.17729953552355057,0.1446504956024803,0.03904697592154178
0.020734150392317054,0.1383797406563028,0.01877757949745041
0.07746161760814503,0.0732926957012062,0.28602074525071514
0.010280741817723557,0.17296559732901493,0.03415480566633622
0.005656913901482075,0.011444838827905734,0.35150053695996525
0.005561339256325233,0.00993774113047487,0.23568077636673018
15.551703000457266,0.05058146037558247,0.04188741895522853
0.30296167711921884,0.12376739848528552,0.03470059312887482
0.03899494692353272,0.0208081867911367,0.027631685243770018
0.03687304948006592,0.030774287097803346,0.1715898503837609
0.009061881276022112,0.1592892040368083,0.10102070254617566
0.006940241210181221,0.7659702687185053,0.008484930491649867
0.023271454945017134,0.6237762029359576,0.0207958696990043
0.27271152330183673,0.1228954536752027,0.2252667471610609
0.15553593451340175,0.18988643366828967,0.005373792418557931
0.004025255777751131,0.04102670688289327,0.6843340119985079
0.0036808524147314823,0.025887263005212782,0.1182756614242106
0.016947341248671154,0.14704739234350142,0.32901255750107467
0.007493454549120709,0.00959674414181178,0.06558096446038335
0.006460773703813521,0.01930389635591225,0.023983328539865355
0.006342590854475541,0.039407941042298944,0.08674467858539602
0.01551587503932507,0.02625708429405225,0.05346294091762354
0.0027925972046361812,0.01530277359119872,0.012093364457255956
0.0023534953041227853,0.02262869545027904,0.8857397502644913
0.006214934900775304,0.02260790924645113,0.014861068632355605
0.09930720527231471,0.014078970386081188,2.1848771591780842
0.0970463175115218,0.02655177513614818,0.18633697781294162
0.05363732060184994,0.009578840181940777,0.7824425953264352
0.07301257732588697,0.006216091010896173,0.026055270019210396
0.24015030578384386,0.010069510727943955,0.014821942849398174
0.06226471021382802,0.4545849792476157,0.003862056065527519
0.05098735828578171,0.1716207692426814,0.01221352896280428
0.027382646745365547,0.05025557444769056,0.007477881438278986
0.0178857725618876,0.0739545564091446,0.012245726274032444
0.00749683378469237,0.4262179804089014,0.009225738228858308
0.1075628329300519,0.04075710256704119,0.17552389155564516
0.3685402093955086,0.06395768818073636,0.04848566583459888
0.12364413591454428,0.02445532040711732,0.023863723652369228
0.6059190031999111,0.04301509451795107,0.11762310819384969
0.15906733294273795,0.022774092083136185,0.01760817418109034
0.13066545565292786,0.021835369132462198,0.04673897642340136
0.042451107131729234,0.026699608758091953,0.07080000587904531
0.035370707349756635,0.01778846898513612,0.03146554425208023
0.017014979337857065,0.013142691509110311,0.036175766906660876
0.21461025774876363,0.004316811321386086,0.012229537061641468
0.048872876336706235,0.00529308741636306,0.005174565251221939
0.030852542432099915,0.1312767548892121,0.03879523256785795
0.02267964924385637,0.01944911934606326,0.00845536468410278
0.012344437552879348,0.02639077863661228,0.013379569074823228
0.015527961666644058,0.24358034969336043,0.02538114658917328
0.034337388096975334,0.14699583613946768,0.004890836534787691
0.22373221486767012,0.10878799551589813,0.01190892072525952
0.03217577513021553,0.10739903117569122,0.012221646830432528
0.050982002139007984,0.019170257792916683,0.011205787684853854
0.03485984991276237,0.04046965221867123,0.2953452820073658
0.35382803991171974,0.01983597207697017,0.21852125037750178
0.09437010045002346,0.6522547767681464,0.04611241197541079
0.1290349355554486,0.052020891744596794,0.8848568599634054
0.03251665213034022,0.046418573073072115,0.0272466269667104
0.033622753032036615,0.06395390206064451,0.5277969941624094
0.03148111092923423,0.006707451997768906,0.015358597971029739
0.04304609618488429,0.01975715522595991,0.011417563994330736
0.009835669915059188,0.004360972593019947,0.07439140844069915
0.1885522975900125,0.010629783259156719,0.005481918480396577
0.0070133186699490235,0.006560895388299819,0.033217410640561135
0.014495111298985138,0.00560238239028446,0.03323645627943352
0.1379434019468025,0.014142226003885273,0.013767617607737906
0.2614999095478193,0.004315415769595536,0.018929509044006834
0.01442469245357536,11.4159363253673,0.011549289474425156
0.1631612160469068,0.08373540342291669,0.018065233293027866
0.016735328374134825,0.023971674178968498,0.0038483817462098046
0.021080620207818004,0.014694117594248247,0.004750082824018568
0.017387411776036397,0.20605822108488955,0.0061002264991909414
0.06485359621070601,0.1628495822009041,0.663733309104798
0.015456521659059958,0.012724899025335731,0.1313763299047254
0.05323788337001928,7.062427002579238,1.2206246545242234
0.010754628907821138,0.07499777515655441,2.2854343455825967
0.00611742000340013,0.006711049023554894,0.09022566405321164
0.04294000231948912,0.034862118542152515,0.1315235077620558
0.20623466561455553,0.014176163988610917,0.17125770707339802
0.03718698867701625,0.00678322414691855,0.03535442027610098
0.023780173897562176,0.04145464891312379,0.020854842575428936
0.006093801945835621,0.062488093697125435,0.2916574592241533
0.08669161387987417,0.036798386798539764,0.08371890025654262
0.023907156005523046,0.06250261701115235,0.013998059012360967
0.16236373940550994,0.2430026325864035,0.012855033520909307
0.15234404958249853,0.08177134337528309,0.011419341695415471
0.03946776890709687,0.3222973470277544,0.02070235029730919
0.3110009887369374,0.36113884310414246,0.02017379615787999
0.03397629683863425,1.7636227250422984,0.007231580324860112
0.12941978110500957,0.7752623440012977,0.0862063638441139
0.013485654060465552,0.12466287091499988,0.007025102762369436
0.020285922041650698,0.09344035998055762,0.46666827755497503
0.21065584318611086,0.27402142011288466,0.12624066102942114
0.038774524577137766,0.47581876679226603,0.10123617182043956
0.02205704773605494,0.3346543813386927,0.06145445088366004
0.011278125433677212,0.21752784676376685,0.05387361235913481
0.01931530973469359,0.13955486934385336,0.37628818686114684
0.005169751630987874,0.06275630600081429,0.01979223819695604
0.007415164921244159,0.07697900036945053,0.500094696661247
0.009021707041176098,0.09045999021247886,0.05250167303109098
0.007073784681751578,0.10106024381176781,0.05448864315854395
0.005509077190089763,0.009992538949252122,0.02021962225033246
0.014780836013218147,0.013075996502762248,0.013116095011625986
0.06916725209525931,0.04433775558017405,0.016332464522118905
3.0661794419972104,0.027087330636895633,0.03417798056110263
0.05056943412770107,0.03135155153265615,0.045274859780469086
0.43285564131435195,0.012404052745264122,0.005401551852842118
0.11101241870096892,0.035490292205580656,0.03743716921092061
0.15303129021519027,0.018117225256714584,0.007755406655393279
0.025896053404817782,0.01626181380061779,0.00898630151729851
0.02919697006277864,0.01005859614854869,0.04779095453798486
0.024370385186566274,0.26577219144700576,0.45428814025257286
0.054886649750793645,0.062115260349085974,0.03836462653730992
0.010135163784701673,0.30955481742533375,0.04269674849692319
0.030338169447873403,0.1444309645958179,0.30025430270118914
0.019380919358084264,0.03429819259004065,0.015106914593216685
0.018568279397261328,0.03096238134768079,0.042198749425962516
0.006512956305754662,0.018625081977437414,0.03676284682987503
0.8086095861019732,0.01522707921134661,0.07968603785216595
0.0034838507102133054,0.9143810358960476,0.05696509484464107
0.0914989118499362,0.025735582164535233,0.25650313426160076
0.010282977953020434,0.01304516353651818,0.21530851880631452
0.009055267554195234,0.008451088270104944,0.2034589964687125
0.7851507764777426,1.8186413084948172,0.00995776393919685
0.11323264694760096,0.017698528033866175,0.005794915305860021
1.6575119661685531,0.07287502216893285,0.07276712623912415
0.39857729052421925,0.06405407145104586,0.04672959427701184
0.24992610449439484,0.017939423361244763,0.017144831483328675
0.2982111361209735,0.26152724675883127,0.03353420840857891
0.1388500669934648,0.007562083175608961,1.2019355474527669
0.06893394416782282,0.17729636278571642,0.6476503919685208
0.1400297215660669,0.15002770430436127,1.102278191460752
0.02940236115196143,0.06083078061867768,0.322607952416034
0.5856565848594601,0.04056121679449902,0.8718300749574882
0.16724977107649264,0.051612532294129834,0.33989713998241783
0.3031254329190531,0.6725957722606887,0.3880772588230837
0.03164029356241897,0.0713697926393536,0.9644761790837352
0.0773970176500329,0.012314383581641847,1.4468182778105338
0.18275640405449342,0.04290417871533898,0.02428745263817861
0.09829521427689353,0.038072504636622755,0.3851207144084669
0.02288319996850863,0.29718204908686763,0.014647956929570296
0.00626346528133471,0.01353051179225481,0.3175654410940488
0.12255716662380668,0.27722814267124635,0.06242570113486129
0.024730733691511082,0.0033506584736283404,0.01418578290135817
0.028802558203873233,0.07038108145436606,0.10870052460760535
0.03646661246527533,1.2210128426464715,0.1271542847379947
0.037549257938495,0.4554266322771445,0.4459474985622262
0.0326318757699638,0.0027311282595162576,0.05272572144831636
0.0039493125297552075,0.004816512276283656,0.03809943075238223
0.006857329448936528,1.844632466378178,0.023621190734133674
0.0063693477650411424,0.2368717857693792,0.01215849946864262
0.05339575485231479,0.0586416530216288,0.03066101354127253
0.30754046051192546,0.19609741653771548,0.005589131845153293
0.7172242158719162,0.31774098039351967,0.060204465232167916
0.10314847580488025,0.051034496824324385,0.016230342253283295
0.0497865325828934,0.029242570061203198,0.03738329401699356
0.014610056819504206,0.024765804240215607,0.07880074489792954
0.2464458517871841,0.060445843829859784,0.021037103450678434
1.7241022457337505,0.026944505803939287,0.011790198353459487
0.01328631204822893,0.09914699458354242,0.006027636624643893
0.14873993863322962,0.1974297752734476,0.001676549016890713
1.4601595406799206,0.008445512476650367,0.006112949308779029
0.01734878585692668,0.019359372034545904,0.00504939189139228
0.01671474772837001,0.015561246087061033,0.7278413546712574
0.013959187469289544,0.25226061754301304,0.4450468741539854
0.06683514889747683,0.22053251103446628,0.07821869224968976
0.161558961797361,0.016374519713005197,0.6098797200556083
0.06014831540694965,0.005266032375714773,0.059594385073357584
0.029758063971065386,0.02266315587892687,0.9874607966491564
0.006874626053464723,0.012470973024465775,0.03310578510092224
0.013254176516442293,0.035408173039521144,0.17975746686878483
3.8423153163004002,1.0871115268159302,0.5159677290569338
0.978001651244054,0.12060227980386712,0.1614834184990886
6.02500240525404,0.10427215979662519,0.07631666613258435
0.08092873248598756,0.06935246106099761,0.44858548919215213
0.04932175103865145,0.046895066390053905,0.053070191157378904
0.022688591575068254,0.3929402090671172,0.5691235753891709
0.01575397316230969,0.34014279257708385,0.012504228267525362
0.1117818853240811,0.027417439252689323,0.5086499010935792
0.03950483024253201,0.028881560532620858,0.09875584693546394
0.20554055820264067,2.312875165525657,0.0390395505575363
0.01429026333820144,0.30799290186492523,0.022127979814558982
0.01427472394466543,0.22660534285158884,0.030426446786782795
0.026295344143825086,0.1848554753613569,0.3050084253624395
0.013559010459336066,0.015772754198194162,0.013958504698876687
0.033130293044985,0.02282617679956228,0.010411333389510061
0.047654088870571536,0.035108133263481736,0.02308457886995279
0.01046454985797024,0.06885764922141391,0.29941381022529273
0.016936871799133956,0.008430650555934359,1.7446709622169327
0.0076836710834367146,0.037003974155805607,0.10292272429033532
0.011758249306493673,0.5991933722509741,0.28787230272072645
0.33199631662445206,0.052902003114799534,2.909739280989928
0.07820558134680107,0.06397857357877455,0.5199252276214331
0.030467784749615524,0.042923335538756754,3.411597897615536
0.09050534705786464,0.014864945855920185,0.36251638494246374
0.08527727766887608,0.15854761427138853,0.3691041610629882
0.013059276732291212,0.1289890364004486,0.3136396954436435
0.1384657728345024,0.06858579820563002,0.10724859072867092
0.1953634419278267,0.012055645630001215,1.001868442570503
0.016824730772304286,0.006416169190043056,0.09756747204443673
0.2650236878668553,0.019287180432504863,0.04043062396104532
0.011574800517348573,0.01935449942028666,0.025394637898288337
0.013855272895961168,0.014026776057107395,0.05311115270289831
0.03110886708865359,0.013557959343252485,0.27108803744789206
0.009113974990089539,0.01661018839535028,0.6622958770365104
0.20555117557100047,0.014751419789109077,0.03411958481739956
0.24123179667640715,0.036375325706668765,0.44047653759573
0.2263346302768653,0.009538990536240083,0.08014466789174907
0.039479803812736206,0.3797383824415761,0.10489405169648644
0.013870699385344439,0.35432974975395914,0.42778936466313977
0.012141435244486472,0.01931548673371142,0.021976686496218954
0.014088151200785142,0.19843976513242836,0.3333994741024263
0.14766554208649924,0.01458513417661355,0.0466775920452153
0.03702820144602051,0.04173231882004751,0.02324900517493262
0.07870041358846518,0.784235841027529,0.019196388495980602
0.03285720990944598,0.03455309986479051,0.027094591197745915
0.008008071098819297,0.029237050865128338,0.6547556625558916
0.016270696709889544,0.029085590307282524,1.1223824957711586
0.06516836735708685,0.023687018715863355,0.11876463041550092
0.01690869864607997,0.02570423692060391,0.04659332484000511
0.01974427909808061,0.012248914789473446,0.05123751288002048
0.00801608210720941,0.010618513341023868,0.18178382140034507
0.010794631574864781,0.010546162690894841,0.020835655563592462
0.003964454221148847,0.05931100677170782,0.399259328148936
0.005563740862870248,0.012935926248732747,0.5828903047721182
0.8583773195738075,0.034571074059508836,0.27515645622026386
0.21866700905525407,0.007176397760033808,0.15063062343821118
0.036403013924179745,0.02812714436238937,0.06653915787989448
0.26600259779313007,0.08358908508515867,0.3190233378967704
0.026467080736226573,0.03161196092953083,0.07853074492736214
0.02404007078689693,0.07911794904487573,0.038968693810233074
0.1709750980416862,0.019371258957344803,0.04461218334418007
0.05770136310635669,0.016856063486958544,0.02605845693862628
0.13643458796856314,0.16567154649781868,0.012737465291972774
1.8757652001446106,0.01334403366606545,0.03735482019246504
0.020670619466266776,0.6003052842516357,0.07564917314158992
0.01086060559671987,0.13216385709869177,0.010781236927491979
0.016521231871980804,0.023260042242141846,0.013719265280165616
0.019596846373418374,0.033874201173032366,0.009443259557493857
0.02136714778260859,0.0033332610593785525,0.005568011383846792
0.0165434325546633,0.019955994407486164,0.013323741926967881
0.06402402795217312,0.0243971789627894,0.03674359712781487
0.0028456843968833936,0.019554323009989962,0.006153430959803215
0.24563724248375873,0.027453824108624427,0.014721063413700669
0.36112889413703153,0.17125878151592297,0.12910606142309558
0.2079815236064357,0.11645796223501056,0.11170776467804548
0.09761628984953737,0.3209232991031922,0.04594263277086321
0.05440361824119889,0.058441042962607,0.033295941654826335
0.09894803293232864,0.10078404140686568,0.07154438033139712
0.11850626338469117,0.2643072535103454,0.058725543342923445
0.07989848293977686,0.016825869245918966,0.052340912340304475
0.015435705757470577,0.0175913479019471,0.07039972176929665
0.04562297328301907,0.06318548752475901,0.02040404340726891
0.6600174073247738,0.682967394799289,0.011522057930594581
0.292585327682981,0.03817698336104964,0.018413515123368387
0.039464267668344793,0.1363533809075716,0.07101447276383813
0.4691790250597612,0.028470122604049717,0.3459179978111274
0.2294601872093374,0.02279065188383623,0.008267422514572752
0.14279913574487438,0.004665898694365328,0.9183820212500471
0.04759292380001189,0.01282244663913798,0.1013927335721765
0.010224614524969679,0.012576121132105678,0.06271227487883627
0.12433403375398372,0.016095059878157823,1.0631701219128888
0.14396590191454645,0.015222201459897501,0.020509202662875894
0.05864304592889492,0.00622551449659536,0.023096503637021433
0.10398823089666762,0.027444229504292445,0.3715071746937722
0.015475240886687785,0.1797329312273257,0.09384054106325374
0.024536925765286828,0.16759016996700887,0.030959643998425882
0.20840704523370812,0.11636904617253978,0.12712988435962475
0.09519500880226593,0.16787614315977378,0.018155922523790693
0.13246353796472596,0.05212190669366002,0.023529630529736917
0.009111548718794202,0.027436204970473926,0.03731577763234099
0.014594831398447137,0.009541882212943394,0.028397225203852985
0.009409349623428365,0.013835373590377242,0.010260007783084354
0.003781554781219554,0.017997709485728475,3.0569466908609106
0.008897162751116641,0.005708468326519921,0.01174712974518265
0.01157939124880102,0.004848537828889417,0.009165346484181757
0.0034568971731166825,0.008042430667562855,0.004583494361603802
0.006718267617362082,0.017465912851574134,0.636531800563915
0.1244667349517266,0.018147684248480213,0.1542977910495178
0.018664456172804527,0.0162096912586607,0.047218561889411696
0.004459628838547075,0.025998008663413955,0.029681575343973237
0.005444928900641086,0.02262538082544916,0.1653239570755307
0.014008818242029182,0.03227234448471738,0.04981218608823575
0.005686246547028974,0.00542604424091004,0.03624553993257484
0.0034414639233338075,0.08491130220048346,0.04906760854703466
0.004199235971776259,0.26345445361380176,0.004121416999515315
0.12887887190581923,0.042594168167718424,0.03383689298323712
0.04991576136877358,0.05106544772489427,0.0039749698197292516
0.1943820710528815,0.02169460132168614,0.09331813585293913
0.0414393584815485,0.030622525169001904,0.009181679042905415
0.06859731970489268,0.04814274368365163,0.005556494169001168
0.048673237747728575,0.030424539787323065,0.008459918550173202
0.06312480926280993,0.049990470693508746,0.025360320124107216
0.03858217141339037,0.020883698444700477,0.002523445301618233
1.1625196473663015,0.021639179390886186,0.004702457177854543
0.09064395885468446,0.02244389626652281,0.009903885284866536
0.0381643572731131,0.01384137285208092,0.5522390180410526
0.059120498280032116,0.31205765312661604,0.4966607961412554
0.021688195740840754,0.011057228780828876,0.5403490211377223
0.03423282676461354,0.012991121062895926,0.24031610483800747
0.03516337224632843,0.02649877216917818,0.28368345626183805
0.15691807565810287,0.017511612208461327,0.04738241054669383
0.014551251269147148,0.034771619807314344,0.7307896808792218
0.0114946114632988,0.691819340668288,0.03632415556709012
0.02090798910981505,0.6015073230530104,0.11805398047157172
0.1666646968356095,0.08615523082159217,0.07315020556060216
0.15702711621083368,0.09252701216791483,4.2129352631631285
0.05384908876987966,0.07127494019718326,0.039986875749113214
0.10474353568165481,0.08958986387241204,0.00916590747922818
0.10675068702884932,0.03913915727561687,0.04200186352792205
0.4228776062102341,0.02824751748923179,0.12004773015303964
0.15539974883318816,0.029896109160155598,0.008880590201110216
3.579211587870773,0.038360215770623415,0.44404602341469257
0.16479229363926692,0.039045512454594596,0.10220941568326346
0.32815931625160477,1.0559730196981054,0.062325331721507914
0.07815388976255133,0.07800011176337647,0.04128689337664923
0.050939961737114285,0.10600152138312012,0.14610819969014707
0.08516260922455497,0.09019925903681963,0.023499470942651087
0.1784128211572023,0.04675785451297301,0.9106533051610429
0.019251059090719894,0.16705016952954463,0.059479203230193275
0.06609693755395914,0.05618031270686913,0.0069671942123379705
0.0530424571777957,0.019326422949765068,0.01092417028751366
0.050776670043738585,0.01893301287418096,0.048410149323620165
0.012037788047801447,0.00755689292041232,0.017042986280036043
0.023484720889572843,0.019450382132210578,0.0024825088951097303
0.08781289675843289,0.027137366578492132,0.016650370963967265
0.026888980247060584,4.4420653412197675,0.007050288573543135
0.03342974141169518,0.007648923008054945,0.012633377769132745
0.008630641253905117,0.013358048015596858,0.009140347631468301
0.014766304212515178,0.026071799151821735,0.014469665011274176
0.0271294145940092,0.02764952766267301,0.008065496611149244
0.013655214053221615,0.03566629477008516,0.25838637328695285
0.005919485014423118,0.023055764788756098,0.11253912262433476
0.007935779301705723,1.413763962711962,0.049353729371975366
0.0043125936929116595,0.09867719481142474,0.028181145862598598
0.6694815930895804,0.6716232625644496,0.03836086852567647
0.13518365712442662,0.018922094822473593,0.00559619273204484
0.1617214823439527,0.6505093984456073,0.043131144437329065
0.0266897767431277,0.35186084508728277,0.03341933880710745
0.35790970301284425,0.2241698248986483,0.010497439146464201
0.2643175852741681,5.078106853967894,0.011143214660834299
0.052257598155033225,0.5345323294358995,0.008703532771667237
0.5295441644493208,0.07755779220014568,0.07861281404136021
0.06828418412482055,0.027519540220425954,0.0048899558178189615
0.029004192813720943,1.1142451429116935,0.004072043265141936
0.045080908142365934,0.017140897692314035,0.03340738179067167
0.29920372797981903,0.015104611929427686,0.003122527305145745
0.4418277983359887,0.025206493657114575,0.04019033453115972
0.25309713072120055,0.11711944609186639,0.002681266811933875
13.838093964659443,0.019249388909476188,0.003142335563617339
1.0497151547300496,0.0374039382567157,0.9732864802309461
0.012933798785741685,0.018818901032544796,0.2787659605651973
0.20098619890952257,0.012705555403682092,0.8182881266237177
0.017432381328736035,0.020113073705945523,0.2189922248728886
0.8160234105901849,0.04512556353423637,0.1824833259393701
0.024088426299625508,0.009239739301502145,0.1467137085215452
0.3813639287288749,0.17252042150937155,0.7436732863073924
0.06641520059959652,0.09585866174721162,0.04833080564598103
0.04849574502381786,0.2338937658003985,0.029186697367383798
0.009503661340599453,0.016133154556266984,0.01686975931228816
0.006543869024008286,0.011613596532969013,0.27462434283618614
0.02426303140220793,0.05238286608237069,0.026843610711194853
0.011192748111935071,0.02382690789926579,0.03673082655104568
0.020130341577957102,0.009423929775866834,0.00975729018424803
0.009549459987318779,0.007305013566327375,0.04146915958515447
0.3329696028507821,0.014782808665815817,0.03395363824165169
0.18718678582491127,0.014490321733768515,1.0607101792196088
0.018190540320947836,0.021061016521191276,0.1180670179416451
0.06782903359076911,0.00876366407558332,0.6796693343642906
0.02899161238183783,0.022108430100871216,0.6931453275188402
0.018821048321801453,0.019539346929958363,0.3372907739907315
0.12344227739499951,0.0067634023746580355,0.09550778148343443
0.021661064434599784,0.004458286783334806,0.050319477634127315
0.02491413713800419,0.004253469692430798,0.5915441449377961
0.003413945727506555,0.002339936263608074,0.026211756356056607
0.053168828635612536,0.21653794458601305,0.009555767608404753
0.030557595395243834,0.21656511320249833,0.02176109026615761
0.01694201740782541,0.1230428296356186,0.01747267446356153
0.0144983164102207,0.03535875484621621,0.02968254277624332
0.03639634057338628,0.05241898955591604,0.01653822318376405
0.005674931769688977,0.01893230480056231,8.156499967943251
0.01668682877274865,0.17751200730160524,0.019413675424652378
0.016172013398799034,0.061806492684482364,0.031040467174582885
0.01652016708234755,0.2821653614475234,0.011198079069955364
0.2032842336065582,0.033626878742749805,0.009520890412435914
0.08235668303754526,0.013924016799577553,0.782805517345967
0.14345748061602165,0.008595010500756917,0.8875914453324878
0.06436157809711843,0.008384856485888508,0.6695466479895881
0.03885043007755548,0.0841203654666809,0.327043465551258
0.07331000270708064,0.025208051806512925,0.6659546531649859
0.013154847373695128,0.04653340284498466,0.019161656509254728
0.01133959599051192,0.006395831055741017,0.20746561352472412
0.004063768170414778,0.019218485439607302,0.09104099779723519
0.06251654863628552,0.0021449497372952073,0.178508645392262
0.3413902896302739,0.8494547041138444,0.12158562124437974
0.009556878875803277,0.02697247598844369,0.007318304708239051
0.014174389424479246,0.017274265212666503,0.023314079675055086
0.005760359828904569,0.13678907764816717,0.04038848830746111
0.018103800254452677,18.44585630899052,0.01593564699104054
0.012617989130640207,0.013447938420992213,0.052463751429940864
0.007341436988605747,0.05997821816469262,0.011374153069477835
0.024129856302840612,0.026237534571664917,0.007268490091565018
0.004213614659306212,0.02509124529750895,0.0054960572297720455
0.364203424919593,0.01934962084315156,0.008977946746510835
0.2676767902185049,0.04634840354100528,0.17399982404385322
0.4051838185001319,0.045979483210483126,0.13308836252940914
0.37246173452873127,0.6628877788275004,0.07873251945095741
0.04250991732200201,0.01540916727177184,0.07741690695832149
0.05858725398771651,0.2202481674976005,0.1445076412496503
0.02117158107534267,0.006149548581733738,0.4262704503198186
0.0428688755602069,0.02029871267371209,0.07865563602257311
0.051345169478842496,0.023037562064457315,0.060038207266673645
0.16380842305252244,0.00881992589423405,0.5278165129166603
0.872154619328973,0.12524172743103998,0.18152630042141574
0.8833799496683676,0.15028771836118698,0.022754042121298244
0.14402295153140085,0.4719347626880499,0.08433415467473612
0.05406358213536435,0.1804586242157749,0.015197879888337576
0.0598958649077204,0.13595079999477114,0.01115208908660996
0.02905214506592359,0.06965273716001802,0.05168083134997731
0.03791515997115302,0.26642794224182975,0.04088847128889215
0.011235544608646342,0.05264331913444246,0.047035889289466025
0.008159280037232227,0.5159939313594706,0.006758352601455107
,0.037246056247951735,0.004301649837451159
,1.8131466458017125,0.5639392800936778
,1.8676888970925594,0.3444168261788338
,0.13204616357394833,0.04694937326273447
,0.09491262964324629,0.5597964758258621
,0.013997510852798125,0.16641312084230164
,0.08791186765353612,2.9505333828194344
,6.920303117090497,0.08019753396396737
,0.05918767668210084,
,0.04532339586950942,
,0.03189922388685573,
,0.06326188921468497,
,0.015206266614011112,
,0.02476022928021702,
,0.013566344395516393,
,4.989799054704064,
,4.732753800576951,
,0.24509177076985494,
,0.07895485161164673,
,0.11442279317588909,
,0.1526719016894739,
,0.30906415271461296,
,0.4030216643828871,
,1.4538362392044437,
,0.018536751107339884,
,0.20194642072171054,
,0.019071203763984936,
,0.16163755478361805,
,0.0816536237456802,
,0.028745288635705288,
,0.01086350866634504,
,0.016487023424893988,
,0.05300769935504857,
,0.04847476392579095,
,0.017589076680006838,
,0.009643960204785678,
,0.009224313916039615,
,0.00837593030668377,
,0.004146488844275699,
,0.3004442280231834,
,2.2049990280849987,
,0.034704450405173615,
,0.18910659236361677,
,0.0459262671924588,
,0.07582905238002277,
,0.032794816140132715,
,0.09002607301380197,
,0.028642345205366623,
,0.020633699434627072,
,0.01506523301388703,
,0.030805564112406137,
,0.008180879880539617,
,0.010232092303072203,
,0.03423324508917787,
,0.01329594327664376,
,0.18357536747802308,
,0.011758510373814797,
,0.009940855928371049,
,0.10856858494500686,
,0.08765014968094918,
,0.06143277046107383,
,0.03526832741335869,
,0.02391618865657084,
,0.02372657664765683,
,0.014354450395112373,
,0.010193776153203375,
,3.256530179082973,
,0.2267729278349698,
