variancceSgd0,variancceSgd1,variancceSgd2,variancceSgd3,variancceSgd4
2938.929827038059,4099.986117399083,4592.597387592745,632.3156102082382,1166.2702336075804
2489.4812383502167,1772.9037396668618,7167.387155103961,4918.4579328841655,929.1154798303503
1448.7735422601838,6571.645281187047,1784.2780701610707,906.0279779551445,4425.051253083408
3212.464214643227,1204.336288233826,4778.621813035936,1257.3463856946964,7231.036885795684
8092.448700292134,1137.746429823541,3401.1078281113614,598.3710334475659,2636.8365730671803
22378.435488532457,5274.881490223408,33563.28828846651,901.032350078324,5754.942878447706
18179.409841671568,4069.402416942692,3946.535469547754,1298.6358847714546,10775.980530290082
16424.167214885663,14861.220567657183,3656.3383951904866,362.4081583049184,14353.147859836668
14817.745589399088,3741.0994864636305,16324.628862244348,859.3319716025005,2610.406433701798
33356.05932723034,6498.42108390927,13763.99274565239,1205.9888191629557,22487.033276240418
46724.5392466919,10427.315238090923,12155.77645129591,1984.0244241792802,38020.16735998468
50144.83497662646,25185.15038215212,19807.62719879191,3075.7063085614723,5353.44607992727
193305.13899444893,11161.387149422042,26768.12124154775,1669.212355407175,3719.102021298234
29285.003926195735,18292.478159701794,15022.109125270868,28461.666030750854,25051.067242646866
178038.65498611063,15641.565073383146,25082.77986567971,18044.167477028444,10835.236676207176
123040.92036065538,3941.201652804575,23309.525106415764,13230.479764365693,45622.29016174509
29466.25938091813,41050.85941280429,45856.069395340906,10218.735466051028,20597.528196656196
130565.2456378823,33209.67603000351,49419.24156165789,11797.9794065957,15733.144790869486
304587.9848679835,15586.603956224202,102893.99991156507,58143.370110077914,19376.765430798892
1308658.8200079273,13582.825123081357,169989.85176450832,75346.42623880086,46621.091630829105
277200.7009011354,35611.431874498434,51127.41366525301,26844.700355159348,62880.866557603746
347359.3706186434,18554.340199632516,156962.73589131905,37508.156215255956,435934.93108016736
488419.16690921586,28313.29184087096,191362.41405495058,50535.918682526615,309762.9219243939
838348.6517120502,27611.43314988123,104465.6413019682,69466.87339307572,218754.5699081987
428314.4021056516,108969.40285598727,302483.5818198606,27117.010306122917,251864.62484909632
812226.674682392,112893.17490045264,711831.8123975861,49501.482330518855,289613.50252543343
443855.9719321365,110170.129571384,612996.6427316973,272129.1940530884,379272.5169686732
2032781.9607793172,137772.20972800508,437619.246418178,225908.25560559233,412746.12361943384
743079.0744173639,88447.71870778999,396981.5136178696,149848.22315920293,627857.5862764602
1385112.5558080343,65082.29242046132,199865.45016924327,277876.934136717,823023.5390354472
984810.8706710506,137998.52551193826,618480.1771119188,528353.4679722944,985050.4925920801
1322219.933950264,305542.6725586929,1437854.3452350534,177761.03540051292,714476.1612825837
858070.3711936276,494577.56945871015,1319894.8227004628,835345.8149548363,667894.3186143729
1507512.196803633,450026.36032867624,1110429.0019460947,702410.6488546529,1113017.334503463
1788222.2497549418,665978.037262714,902286.2361263456,676106.4106700039,1697415.3743238002
2320601.485100139,278426.8257877775,1514951.4822333516,1059139.4841247336,1538192.484085314
3595111.3123234026,625702.1180285364,843187.8009829129,780652.3598348673,868847.0922295307
3070024.7938665827,778820.4450112897,3585146.2438840666,963733.4318798236,719969.6747173457
2825759.6108835917,757210.3155495622,1522003.8468594728,510130.1792960372,2259130.2380465255
2877417.7399564646,1539240.1223598132,1596006.034853484,816503.940905375,1478424.255991936
2777227.89489609,935255.5089207292,1367104.390150925,498054.38403750176,2116089.625244365
1958593.297042022,1145229.3621986106,2522756.0921872538,1112672.220366857,1851338.5785401664
4002643.6594317094,926043.3764200278,3789775.5998172956,1218174.4719390958,2482338.6288405675
4804845.001087667,934989.826234363,847196.9558216745,3997602.173665489,2135904.063872485
3079628.5073139872,1274965.9795473763,2167131.8847961347,2893020.2454278,2700762.460792619
3384860.16159592,687300.2204135581,2622012.965391237,2737656.60851045,1652998.1102088795
2093631.2954482606,1149053.8001404996,5117329.466319876,4079202.281595343,3229572.54667344
1704023.370563594,813986.1239176004,2974563.3395090345,3319176.05765387,1983039.665653349
2688740.4646339556,1219700.138093167,5870709.447130316,3577793.896494508,1990246.9069252561
1943648.8922296655,2152588.7819762276,4901941.248470708,3017202.1890395354,3354739.2566252425
2302821.0882760417,1350716.3693600344,3844939.340837732,3059992.828507348,2618458.329872758
5751476.734064808,3438363.847764781,2082443.1047109903,5961217.564342283,3879029.703685957
1770409.6169810735,1403915.064935835,6498333.905847287,5992925.681459336,3308382.561488445
4006845.0526568294,2031755.0434567537,6448042.205325661,2950791.989458043,2404847.747829168
6789999.146829159,4473015.829230838,5524234.770924518,4048940.174531911,2942747.7765435646
5973920.035927342,4511230.451674223,3156517.819636493,5215289.007781286,4180804.739246444
11349861.554816589,5431378.493302298,6300479.264913139,6046554.003821381,4021139.5794956414
7349203.834979964,3009225.982974078,4731384.198790135,4253181.399754556,6803330.653810712
5654720.584666598,5015410.233382234,6349542.0630167,5609422.235695673,5785543.812863055
5695030.922965135,4206010.388612722,10917700.047537144,3747816.69656471,10463487.936693173
4188860.8567929333,2799937.5242776126,13980804.419180665,2107731.542713554,11416765.285710935
5163862.717464389,4597550.006005153,5567234.0111874575,2460539.4414109224,5980348.220235201
3132150.3480946636,3721763.384707797,5679578.698823912,2182894.7379110605,8767311.499429854
4549525.571802566,5300810.103582393,3396499.1488975016,3128651.522685396,4184888.781809979
3894996.4917888986,4014411.8551759324,5139645.456450628,1201051.011648561,7381521.0223863665
7167260.27671575,4397958.633439486,4498756.707463652,1677529.0924132413,3595146.405865238
9102891.953275455,5506710.466557641,9576879.940969244,3240605.619159938,5558157.131635965
2484035.93725626,5755354.425037031,5418758.1952237,2713956.2327100495,4104924.05212174
8214239.51371877,6606613.127788417,7577114.592254769,4471537.104781746,3489105.6223554513
7583181.318634225,9444813.176367518,5112131.54165202,3909765.9841107335,6367402.409814352
2400873.12584953,8207780.203082339,6178092.347986812,7066825.831470218,4930587.738227662
6105941.556374565,8639471.06820671,6656268.255912034,12108989.784361638,9147110.658612862
2932301.2215098464,11269947.3678835,17439558.881280083,5246010.224723742,2484810.779265211
2384148.1314742225,2674264.641936526,3078217.3146136752,3169007.592832583,3810954.662884523
10858826.675790649,10323010.144997252,3929413.8700756473,5045043.4265138805,11012633.221712671
6658443.662557098,7104100.763364953,4014206.500679979,2312681.391257638,2678924.886377226
3033900.34134278,7437448.851004405,3397404.0737918364,2373245.4337479984,2815629.906080875
2915688.331094024,13065940.426155135,5266447.315257173,5685949.380717447,5792712.424317833
4603451.086207151,4702032.135999337,3283663.5143127018,8470627.37254415,6170107.59753528
2542359.3498313758,10773796.211205132,5461366.010744512,2131504.9805217143,6968420.019664053
1875197.312354057,6727729.579623448,2258301.372012091,2264637.878907477,2655896.2283478207
2671956.8560363124,10460251.532757793,5458264.779893461,3952394.805481406,12515349.55404384
1051387.079584372,1837365.2763295418,2050223.7940450674,1520717.8006081176,11040231.399695192
9493959.129926968,6078916.818069812,11392694.472096343,6606224.634548515,5188877.925031697
226327.7530381157,2977259.3663656395,1055716.4523061863,9628533.561200883,1990062.1029266338
1422871.1925288155,8983029.518116917,6654391.295593596,4028848.768153252,5231458.671369281
265118.88758292655,2549138.124055072,6671809.281777235,21958115.015563548,2084272.2711609623
1224670.5403730187,3375680.502223793,3115114.9293709784,11659217.88851804,3433402.60330007
3487560.61295268,18050596.35672956,530085.9637373104,12547626.898180999,695439.2103896141
96161.50171467524,1220139.4384235092,475718.4407659528,6469099.212042107,5397827.724475971
1408324.8770358383,895850.4538442048,160593.66921572806,2351681.1339157713,1749484.398142166
32328.466372989988,5771240.946632098,2051862.3355659076,36821.80616723848,1077848.3624358503
54909.399707920005,9615894.49907384,176629.0548742787,240858.15654832777,12314057.271373369
40075.76303284098,5425968.645576328,4557054.508199409,30363.715606549493,5364381.606508668
47322.31614977532,1863559.3365160334,7779961.815573716,59255.889417854225,3932757.9347110894
40794.633601292866,4033892.436464308,393264.2175416737,39154.69564703797,9084756.84566471
151495.37628923546,465944.5943493267,1754324.4635274834,1086666.086839856,2862006.9889723137
109241.7482654021,1504539.4041352447,501899.85970362445,4515793.712906238,9463661.84181827
3958386.9803186636,847912.6739626871,140120.72960148167,120744.84307152839,6412914.3187190145
42598.45334809034,3229030.7705930416,7475973.401359625,1315739.5494936034,4890466.5618012445
1081915.5076628458,1212811.7880433737,6306334.140787199,130564.8808991042,20702205.28943117
159693.8944455168,490990.6979629519,794213.4306683148,961089.4475349091,5082241.140552214
307711.258327319,696241.2636638248,58936.42863332532,41738.7162584055,2757330.9985797703
98384.79169630658,3117490.427689336,35527.2323842348,364639.2051685682,8230386.91223312
2159317.9355106484,222308.28177444587,54180.169471855465,59207.869332193535,2768049.0863712183
447633.2558820784,1390549.9339271646,438399.3458026584,6196406.840177999,2573119.1178827304
499166.83336949337,726672.6461738545,64579.190115288795,1754563.0154219985,2208279.997176354
4181586.0641340325,388783.3351967363,13610965.242284764,14757649.546243683,1193069.6091846188
327560.25242988,1372834.9180167562,1973987.5513359644,27326315.30698355,1033596.8798239856
30539.848685160337,222254.95425393333,41529.72810035435,4311620.272748483,1768304.8385773604
878421.3362799649,1193163.8068405786,11510716.220427241,127462.78420720052,2903734.6484713294
1748194.0434147336,3251155.976408132,2616351.989469399,82265.31232145807,403293.4171655769
13237580.86945125,274602.9833472479,62049.42422480473,422959.6561262026,67820.9879917027
16154029.444429602,272777.309358863,64306.92766415994,148534.21920419316,116575.03562541625
5769944.496598458,10605255.087788343,44898.74545376049,151220.66082693945,1575000.7918461591
979671.0250283753,111069.7785967828,385637.79481105594,2486894.5408962835,300707.2203117118
1052052.3306021835,379350.49943422223,982685.9197468832,3789609.6890093554,676772.7134191507
1056909.8509830472,314660.0683681865,49064.788957193974,147593.30287086527,860707.2236305416
35425.92872865225,364568.3095904769,39909.63847835164,110332.84971071625,362170.4029590392
25846.685775423204,43610.1429475065,77299.12512210525,388683.27944365045,1534686.7447967161
13839850.641246948,652867.0742048672,360054.20622353186,1287810.9825824178,5635872.822300401
31380621.06063021,247870.81640168442,1855497.332582491,98535.85552691409,2192279.1108182557
46337.0997011089,2802489.84193589,40945.5493024379,36317.172358595395,169098.58468483895
10322874.421225132,3218837.931725784,97598.27970187024,86556.77803157893,70696.3645389006
55129.243401350264,715822.3609631328,945587.8114188575,150167.1092846584,77011.28056433682
3001883.2617064985,1468344.0112253367,51365.17463823897,205435.28369430144,445722.0939622468
7076828.294787391,888818.2856881013,124686.86954143445,3021123.0773024797,1277701.5562760981
84646.4609250839,978894.3856010544,89048.69518476723,126881.29171740616,492477.3147045014
386750.2858874277,612924.581690979,306649.18350472033,42142.81598457885,444794.16151406907
19858387.017409816,1058984.040159359,1158099.1621620017,92909.19944553643,1001465.3416423568
3780904.267506414,872930.3429968149,39482.32056912408,65025.642252521066,1164946.5954922133
50795.159690158434,2590359.91211211,159448.39978130316,232921.81831271504,450238.13625518256
752998.9976243314,1017448.1324560966,2313809.2717921343,111541.02752647432,2243162.5566207534
18498928.259332273,114415.74062439133,2041976.8054813698,1368266.4065405887,1457783.6817936169
134161.69920435135,2185272.1162746255,310691.2380713881,62849.300553319335,4143672.5038464135
148448.5834854808,836301.6095105205,666979.3561168073,1180154.3782567095,3480271.553269389
65774.32907377544,739993.2108890477,19784115.074161347,127212.23494114439,263672.32058870536
211943.16887219565,168025.6880342681,578786.0261480756,48129.76850489098,587430.2752474226
147898.5238206651,108979.09684173568,411787.3723805586,1507528.112213892,1185362.4063401674
114264.2658410594,1556794.8749700729,543001.0651125133,855265.1008901391,399984.3739788613
137163.77540887878,164730.1204538283,1262635.5027603935,164735.5894866454,50842.98955676549
146269.64962069967,126838.32426761012,3319836.2366236304,11549312.603515673,1177852.829656948
231945.3574385901,536143.4168727924,61102.091904254965,10828571.958474383,492178.4301410311
61944.567971221244,114157.86373758322,979961.6548701421,391173.9128987371,560835.6014080837
1370036.2389729132,116092.0242912535,1514257.8052622047,82033.09410220847,1088000.8004841316
53491.34506133302,126082.39014837172,146527.63598337575,122195.2844349636,760713.0238406135
860711.1443804789,421278.67113889626,9045027.470606452,129629.8662275464,312427.41827089136
68477.28759202758,496061.04096929485,63844.11337861922,1697545.135908864,710430.974950955
472153.92239203944,7195972.357317489,357240.99021782266,482539.2717097823,1748380.295370289
47971.75359755008,20037.109893036664,93254.98959816422,115604.03839241187,426167.5197166699
2121444.8689272567,43575.79928415353,376369.13158725953,1164751.9596674878,1149227.379376235
580102.4536190269,310450.1630553656,583526.6528779777,3969907.2756351177,9121107.253663603
528686.1364290842,592621.8632506435,492114.261528066,4169531.6276186593,338011.1216867349
39630.68963804098,47004.278957350216,55194.05899284025,192022.60394343518,1822064.2493835157
449308.709624167,36675.25025601222,55585.568240477085,513436.4691085398,141703.0633614915
34784695.40227355,89784.71072181608,55078.54975150003,1373927.0535239286,663743.0871367226
120979.94953144883,853302.5514363443,130948.07349194644,100797.5234579008,705592.2403518844
387684.17127681064,857330.4570824163,150840.8454588441,195097.10858547955,97929.29201526566
372132.74665890855,137082.89515776926,147792.6355415937,145393.07135088582,387645.66916003654
220662.5192028981,38965.46649405192,206030.41367947543,508604.6954235196,42944.088000505
2875134.8555076667,114688.30457397018,1317375.8109944658,1824264.6180762127,53415.13214714089
235275.867786365,2423259.8266544645,55141.15251845936,70005.11387130972,880004.3241263874
303128.04736071004,1560618.8097712824,9402949.022628788,2620691.2050884175,57849.56285393718
254322.50040862407,311239.3456592167,1171085.502793088,43131.24896574958,34312.99588250903
3291931.787693903,516202.39134330564,11572701.98471925,43035.783368055934,120303.03795648251
5845743.563887526,282240.6341600495,468004.1995994603,26006.045140405207,996530.2287585355
111210.11970041468,808978.4512556957,210331.38613941392,66837.91627095174,392395.9882304879
17772.79856955044,689762.0724189716,13380830.451010693,464981.2996628329,65405.93466650984
185715.58848210372,739725.1223451329,17971986.95781146,733528.6762623729,129164.04384936352
43804.1120658433,766328.2455986327,151380.35824176323,253045.28854317134,355436.1466231396
4029343.7029750757,838227.8789728016,256214.82076288687,1036076.7918054309,88488.59602523645
603597.1828323208,1966730.1646220498,366935.9351924197,55729.578149062116,96935.74626098707
505023.53877603076,324138.8299561638,112081.64449344194,985949.268447673,213374.07234190547
2240754.5850751656,268886.7744234325,75971.06009952087,811252.5780389583,865935.64786073
3841867.0683734617,5825134.67569754,157398.70618143457,62357.50993311141,169615.1539147625
4507918.7019347595,710718.5980719193,378351.9109373074,19441683.308152154,65463.65165401722
102626.27459757696,353017.31990781537,682573.4253536902,590539.2994172461,45062.74777460875
82889.70355542461,41288.088530213296,38781.02789042953,50762.359032907654,83971.75465240316
45592.18195507663,49122.4377300407,51278.254471557935,36884218.655043125,46650.73441345866
39794.00348272051,420620.9790069869,936687.880189745,7306723.3400428705,250566.6781080475
66905.31795266455,176693.60995216056,96591.85077472214,1253861.764500816,52853.2636027287
32589.580315145413,583767.1176530689,49852.88804061305,2655679.626638606,542817.673045846
38638.727662109544,919199.0287028735,322734.37860471354,4889913.779810651,66122.84316368945
980729.9869235791,25863.12541819997,6671870.995768109,2247046.5326166367,106590.7279594348
75646.42200350453,40233.61485772396,222031.49211623968,2404452.8091290644,35100.49725738965
862453.294220204,6898745.527744474,569354.1148066192,1630928.6624985004,902495.772441536
9529056.692774639,2172586.0883243782,286772.69565886445,1667855.6208084852,807324.6007191183
7383554.87595209,86351.3559802658,7238748.1755757695,1693442.95939152,499527.2536528396
50792.09354011733,1630382.52865167,390800.94271062606,1594185.269749153,11732108.518015252
55952.19417993439,403457.8429144677,115983.3187030852,4322684.129921915,28530.938322501264
51354.11967226134,741711.6151068036,226369.34997727396,20349529.410705995,212782.82569826528
2032134.6258282745,8685974.104105607,257768.55151388416,432298.31262100616,16910123.99915212
35744.27939167283,46181.119511085446,671382.512243022,531354.145749602,605090.3496167401
15319294.70620189,37380.22469210478,998733.7417598322,55889.877016905964,1435568.312062986
34234299.11521351,79617.79003597007,3940723.9988063187,60572.98734982541,6328774.634183453
5270761.738684188,971709.4859221643,6993246.984209793,182729.0714347544,3094816.476464883
20145160.618910357,150113.47671543562,8718593.330883343,1963092.598304293,2536084.154052357
28257784.125404015,70693.13995858324,1847925.2221707597,2475062.9930781377,778445.2627631768
2077417.975205814,92213.91860718076,108171.26680796038,48143.448332237356,574369.54975399
298905.8797898786,298586.0887646737,91560.67902741466,86590.49241699901,2948356.408056578
815981.467140533,183108.9088789963,67785.59244820577,918877.4264067437,219918.93483883294
1302763.8020072689,191675.2657379038,2039600.5325334,81235.23145039575,2140809.8738914914
1000925.3469362103,497014.8578835448,143407.64033474514,66381.90811126088,189280.31787181657
360625.60538001766,2179731.9017289733,2662467.660744754,78291.46626255338,37671.924484116644
93339.46362895824,511276.4486015435,33960753.747216806,406752.78797616996,59578.91086957087
2170256.717346974,73134.92583815317,115002.85136600875,80402.82345337991,167715.78020890208
943591.2472671911,1338655.3919860513,752890.5520239733,232553.0978481848,933723.034444711
1437950.3151090792,57793.51341409276,303989.8896929608,74419.42870189645,99785.82349071398
49850.88455857277,209650.32963622862,48702.60201435762,440113.94972063927,243892.71542274486
248507.7484739609,66128.82189832805,1562478.8152392905,326836.63377467287,68007.11198587992
212426.1036102625,1823979.1688225984,1178956.1591391831,175624.9366025864,40470.28467889711
36293.13693652311,158821.49718213463,767365.9895754637,123117.11767751933,3837873.6179726887
1672461.120733152,236483.29468904383,2936365.2379867295,293221.79419070884,168328.13343196586
52332.68582223418,534618.9975573546,17467831.34677336,122880.24243316494,34592.361542835635
53461.611531209826,50728.331224389505,707583.9163779133,174305.15036838403,26787.320944100837
54159.55725404348,24553.40852156742,216788.24204911114,1148720.4880336532,249622.23466388142
59808.460117944574,465090.3847050113,867252.5055643828,285253.7079444351,1555996.8593110128
38824.34921775782,55425.40985998044,137352.59186923594,731940.2554875526,29008.003035867026
2482741.7135482384,48856.25976169841,54374.03771973475,366221.8374908412,4275907.621964067
47428.32963648361,439634.7611464131,98005.13339545998,49952.77091400523,617994.4391723118
224525.7874490676,6445410.491230409,933281.7933345309,413571.78493337025,46946.42314133501
78801.42170969312,837769.7170171919,3052252.9187643486,63873.37423762829,37356.28252388943
4546144.344216707,70194.7117054323,1029717.7451090396,73334.67883449217,61249.98115225482
1879616.9840461886,52195.194813903974,69238.20573512462,563422.0793691822,79814.193277844
904305.5257136847,47589.20783493418,2441424.1934481785,460258.3078926517,11288542.126248328
315393.21849684475,1145706.0932130602,58920.03252809198,620436.6911907909,31105.663347347963
85316.1255399072,101877.65943813896,45419.25640404042,65131.94460713125,47722.290519139155
60912.199384297375,48375.39492868398,40080.914356517744,40211.64933467428,33885.49711447361
3888984.3456318,501169.81288142956,2638038.494261303,95774.40648868078,84991.99475270294
90799.2730311536,97636.71770749957,3278243.3179948884,139002.14648030145,2464708.410187511
497460.8604218408,93780.12329943015,70342.40430944393,3361365.2336390084,201498.32890866484
56015.87308679342,21048351.63121112,58299.79922534033,1829870.5027438,98717.70519745926
131755.02031652228,72368.5314812334,55190.52699343146,2963920.615261084,1039070.8683271743
507133.004885271,61859.794310228666,62331.39375554991,1598165.4149803766,278212.63820423017
336069.260517275,59678.86282996362,47966.79992145162,1208162.2124856322,1521478.3964890838
55114.77781192556,528500.348787657,73976.67569976962,10093369.494607665,1566939.6856584908
56059.7649999611,312224.1553122355,92775.1420278064,50968980.729007676,5556653.518960583
60496.797280255785,93896.5951288624,61136.46676719342,58189.03278599927,106444.46813564064
225896.42321788834,140789.17929153668,1660369.1686070538,64688.61149242419,53720.890798867236
45452.85296233216,47573.10366675458,463344.17156734475,1801249.361093993,122195.3844893131
766864.9456317091,2734216.033611375,808823.0694559698,71629.5311633975,142817.829262884
268734.25568454154,153940.35374454784,763266.2575909595,81660.29474812148,117926.65288130072
10130968.407573488,66954.23043590764,495121.5627801499,615679.6602493023,573943.4359601695
2175451.942516962,64097.501360173235,558868.6272821903,113680.77980197623,1119338.532307042
131769.85135449938,556898.091412351,117832.97518536232,229776.88923333425,43022.44669815207
1227776.3038898716,544493.5930064482,221772.35014022357,139825.36761394632,50915.86088491577
8178425.640854417,122471.73767601591,1270115.827921697,65195.68447509268,52708.071098477776
66082.69264430174,98105.19942418173,3229573.8985908986,113449.61655378336,54755.731894711236
2348943.5573397046,44350.73539004453,14584990.304728767,91254.13609920582,407588.06027752184
51477.86097092299,213664.5522738838,480584.9094687092,214877.94087015442,927448.1174459951
5571664.210218914,355175.7415666835,86185.22286926658,56630.183615701455,4354117.283238562
30491117.73227809,18393266.104350656,9869361.438852452,504995.763256605,86815.28013130907
69240.56682751485,937727.6442917218,75704.67141573205,827834.577303892,197986.70451750772
97964.83661051333,1249850.6273297942,59321.40597322473,98495.72261527306,589037.4153201563
123487.58383045215,145649.634518376,232224.84093418112,117965.21042432611,35164.663497307854
19908993.177738063,667857.8995131266,144923.48743465776,78877.26036454165,29949.94218926204
61938.15574675394,528739.767291297,851530.9322829577,726104.4681925381,967628.2219682287
1848569.6401464413,264130.2148713017,111301.47867244252,199778.98367497887,256784.51804164975
2747277.5254135504,768237.6228036706,78763.94968625472,739971.6753480388,49186872.10307467
2784138.938413624,244097.723777744,84717.5634883605,5254895.990676999,494608.59636667627
2047276.7230127102,457318.3585903842,49537.28151091578,6748722.820343643,95482342.66641152
1399005.5390811502,226604.29638663388,68966.52999799894,4881249.356857337,125823.34047954611
1101720.4800854486,323408.3204929721,5253676.8515021475,5470450.634371475,1066559.9099490913
1172361.0939135577,1745986.682291476,40217702.59966833,3769820.1449458883,130042.91358151799
1827694.1476876596,853615.020099327,19153258.998812698,5421722.74555961,192475.76118052995
1286524.0968986684,53222.142089675515,12212021.619295787,6522345.706011946,256730.15104312723
65350.24607942522,1011037.7079076564,18835432.496415477,6216444.189067579,644960.1086377148
49488.053738303206,251608.11387624743,354771.6865008539,7135201.394053293,593974.7228546583
1189523.46766881,1573310.509560214,65214.930930718714,210549.36989614967,2198633.1079895105
274196.8736663525,23607.662114766947,335670.84449091204,649996.8359379255,645533.6749652998
515344.7310964926,178605.94233181074,114902357.00539912,11339200.592719072,58518.394194620625
106050.50072128879,10048166.422913438,35636209.38614164,1231250.5012348182,1395900.7049711465
886322.4291373035,20299183.877495777,4874241.23721963,449363.3138124411,301511.789620378
57639.561732094735,2824773.385184345,7942920.094990147,170748.35799212434,55296.359785181936
273236.7459782812,272618.2679061259,4385840.780501269,2111000.7234226526,69584.8424626349
11128308.550881281,3833799.241107154,4137226.192764599,2366565.789582097,771865.488801717
11353021.617629874,532598.6710836067,5503490.97092226,242903.07711220227,2370384.684053285
31822.886154472202,84903.83135381328,3214348.16406402,5179654.000911899,116036.53312940472
40532.57545859306,2908547.216420439,1608686.0699509345,322789.03983955126,38618.69281757155
1116312.7357829923,610697.7055826107,5632121.712691746,330187.03388690174,42896.22458822061
43976.6960363994,1476356.9945088276,3105235.421788954,1128971.9875360806,36935.02287457351
71016.42459407289,4284222.297629412,233320.86911125854,483653.37754523475,338693.4078198577
56158.55785866905,3238195.1323355557,1765841.494734827,115231.74420490788,44937.48348400128
124892.34341946448,3472809.8026580433,329146.1647496773,23173407.492279544,331997.9367432615
129738.23352479831,3086430.9256325,101472.629024829,17702224.007643774,381248.4925192272
899171.66373385,2194001.943515382,34781525.54997851,2061583.3972222246,60175.612780673415
68686.1188460123,3286261.5381114995,94801.56691806996,1057024.476403662,51242.11728556374
400272.83836757875,3752690.325551494,41555.04802482431,565843.7461361963,231203.25668214832
77973.42694289822,2850458.4519884004,58017.756708903544,181368.9942436703,410155.643102852
203256.38243199952,1930172.9674195433,579290.0491124084,2570439.232231901,6606458.673913615
197477.69288138137,2446746.416243847,334892.1871091696,7386025.856335658,52309.354789702964
412979.7276194505,46079.06184407622,361304.12052776484,1730758.4614519414,51889.38739600124
193117.77579008273,64180.07607981699,1587261.801438894,225701.62214489147,243582.0545165202
720190.5869940723,93780.5961165306,60499.15115560405,630099.5587157126,60113.11876807775
54318.63972064441,177986.0643928348,280466.98319332337,135436.16336411354,50598.80600564159
1618481.0859397664,161490.79988560936,48607.14220859376,124232.93792196587,815002.4190079959
357883.63141838036,1602773.410492933,85027.82996744633,1294730.8027282343,1503890.5197431783
61841.22209639396,2251818.687390213,115128.59738248753,1002129.5423833117,30303973.450011496
240498.25912470455,1436709.399334288,1438298.2663754195,108576.56470242536,57341.90925622894
2192508.0225701216,2835759.9448550595,545952.6344636976,111711.85655774314,11196600.480921946
163763.0942017016,153693.2655581215,543169.7145715307,100383.1479411885,47737.84961409107
133818.08697932155,131621.44481958932,1220582.6501668757,155345.14817608535,48224.247074940344
27662582.77165442,96736.28520550157,94345.87611881617,131418.58824014,2447247.2023042776
123502529.77789882,681181.9088151645,203040.7048453884,84894.28470683153,4803164.949643226
333354.67447641224,710297.0687731847,117269.77985019845,80582.55984050046,35412275.980840705
93843.57784721014,16578594.72622221,98895.94864587042,149741.46506945157,206734.5175279757
539720.3248569677,323972.6203771558,136908.89571562863,664621.9867592516,461952.9877147224
999624.8603513539,254494.61639937884,162066.0292619406,129350.39541457899,1223320.653131427
153261.71948135315,86420.21056317993,131569.5324382449,1924120.869069093,165164.27044267027
2963224.722566219,67012.2502355285,168822.9358965509,137920.20031150893,98078.4062840068
321398.1934573907,925453.7776591447,466863.99198648374,6479913.199288632,106301.42779384795
487614.15669881034,1024057.0570888275,311544.10084685934,171862.0583200688,123494.0634894794
902358.499169032,49937.133654618454,1799888.4589317376,65223.2191078026,134773.92350423624
79538.45541088482,57151.303582437686,266095.58446376445,88188.17012260109,1473351.9469269195
521912.17244155303,77239.74021233214,59227.55350845764,100641.84683885275,69682.5316831813
600665.5042284302,186996.9979730081,113592.66154012625,465158.1252936636,7910162.350756294
529398.2707845522,5834128.684651913,56705.342898809555,2254404.351383975,524553.6769888029
105579.16378918262,36159.083838747,56823.98252334432,3222510.932747238,782052.5623028574
927263.3193177892,83061.87376740683,204287.0056575768,444322.1907105934,55404.9749053425
101954.37781174312,52156.273219968774,517070.23078248044,149050.70950399138,466628.81839098426
1690415.9752568959,309353.7908652597,78279.53679441732,1126410.5940406972,46875.615782471985
1460492.9321905226,61043.86389916641,922869.347662286,2188214.483191706,52261.82419699687
912767.7165750677,72499.14738150046,38336.70929869411,128775.54482906764,34217.77111951186
499175.70386472956,6445633.966168064,172215.60402398728,1421985.4882821615,686042.8693422809
227778.0610126398,1185625.9181392784,933415.4228552775,148309.26158885538,31977.846468150634
1003458.7615549921,40071816.722694725,46338.71467792848,956643.2809113339,58827.12527417941
283624.5877460353,71268.31020620736,575339.2557918429,178397.45200583123,53313.6703894328
110610.25411242971,3296275.7595613343,77700.03821831339,2190928.9912376595,261831.48994158313
144024.2713146114,4614681.8155016145,86085.48850511984,1109931.9625936118,55083.83266529158
99991.04204175533,931512.7458473232,1197182.121139458,100341.18891461003,64475.89785175766
297444.0640752785,1339490.3136579716,14722193.30226307,157549.1917922169,186270.52595257325
66796.46421182985,696794.5503113363,31262887.959366865,248612.9390884495,612613.4874028707
188264.4250417833,564296.408849896,165385.51756936722,410329.90770049783,43524.197014299665
1827758.2107937627,453173.7573266947,63331.132303666556,274427.6028192717,1416835.4543942383
88427.933427292,517588.57586826634,764122.4968324229,1888642.757719949,5301735.536678718
187316.44846164674,363871.44282153086,103938.46303285689,89763.46836983826,1703500.647391864
33349.52237095317,238030.45986200272,135641.56920175118,2154996.5569617646,30128158.76782024
839136.8275947829,42173.893537905795,129719.02963468965,611437.2642847868,9379028.34415082
2348763.552807773,125038.5757511976,62485.69945487681,59502.13963434901,399454.45152645535
72756.51788085338,71880.30021488294,3465103.1132710823,790501.8808511636,890172.8828541808
573297.9994662589,62437.66533397278,48041.956271682524,118725.89888274268,460706.774894333
85851.96095096001,354896.8328283506,1130948.6289780694,150079.59902083722,838272.77723193
2745240.129000624,552022.5727601033,32696.311071513417,39229502.132433444,705061.1092436363
96420.78706901097,2812192.315187191,73077.16884817876,2676013.627200408,499117.98854396795
251918.31248530818,48030.13204813678,45970.12839335111,328741.7651098701,1764241.404156322
2082490.3086488352,303276.4515098336,3145582.9616487576,110231.9508360546,546255.5099655909
434850.22948331933,86053.06139457111,171594.0460757207,2626158.631258899,424780.92846667196
185129.56563461642,73316.72064713885,138729.83148140574,123853.98522551308,1924968.8866318197
1001949.194518535,98752.81880552777,360690.1005285628,218678.5409674387,1219158.985716196
819966.1692575666,1329808.4733604107,802706.3827239946,183230.65919976824,44015.46375935224
1572203.9879785085,81903.87019407413,73627.139471868,1232426.2454010628,41233.240721030204
40459700.50467987,77582.48078522451,940486.3337743077,217451.96487525862,672121.1836622269
7088675.494045297,43317.56173284488,327654.49855084094,484289.4861972627,459694.95778092137
6843710.713860258,57028.67748286482,193997.95886853253,344751.13244204596,111189.09358199518
48075934.74597357,2162690.3066066676,398660.75849010854,271961.77854639,564837.5007882339
426105.1323077616,156180.97889377165,67971.44625902317,203412.12702245425,302467.8774138924
97942.44253714006,83780.13491563276,212417.0699441202,82510.5784126657,12375411.763787981
1612794.5428186052,49785.10846742199,1123208.9554077676,651341.4753560127,132990.27023315436
1105892.9477691178,125064.21171129488,75313.25396156801,57832.475677377515,49622.60584546845
77244.03634180457,148498.33529963746,529816.7099225638,38731.83970144243,49548.926238852095
192991.37338895668,72707.3963719355,143123.6055127585,76413.61147850695,1602949.1808647444
265588.64325584983,465099.22203494946,732570.0543566693,16805665.195169255,2927686.5276752547
242718.61466281436,387366.6790663377,427821.25650329894,1345122.121808155,4834006.881935109
768099.1667155839,795124.7652708004,889710.8647326566,62256.6422714581,897548.2823987964
72420.53268898233,61665.491581688126,56758.60839694679,58212.40453080615,2303150.8156476826
85898.40913863102,76122.29774857356,1577770.8821710402,235870.04444257086,819555.2055027288
161586.52407507037,61256.61229853029,1741565.3850633842,108680.13919687064,854283.6383194535
179966.10755409868,167122.5374349243,1078766.774407208,586498.7958449693,1564656.6120526704
605739.5621081423,919428.8902754986,91187.22310957854,552093.5551884919,1369508.9519085423
411516.9985721696,40338984.10916355,2715037.6083377874,1067633.0256850827,835303.9206395781
152535.84150940806,2216725.103134816,92171.90254195212,99864.62979101636,1025512.2918206459
468367.2731605507,1873011.063533549,1206688.985025336,6129825.652654264,777706.4443594796
71740.11036535168,1488687.5565134794,139812.45943868076,971448.6428563296,1943300.7710124492
69936.36781269195,2277453.4801512943,48435.85443127908,109689.06226358775,158796.01479206517
201637.91822537046,1869094.5745525376,123078.81815432677,287175.3630493327,2039856.0702077753
806898.6959118843,1348344.6555929075,63616059.151039526,1107171.53218128,87156.21242718774
47610.8448233441,1454466.2258844683,292842.4045882276,114118.59523170293,48910.62730285336
827251.8094719934,2122016.849940284,282435.74865032535,74863.82507714152,69463.71917564604
60547.75608228834,1746985.597466413,177928.93618543082,97955.33929548057,1687284.9249988138
74768.85669325443,1235183.7729598447,361254.86278063356,1923933.3670132812,210735.46467651057
52428.74270113151,402355.1721703337,149649.87531709406,131970.54155207274,61672.02066007559
137581.65084428218,107327.534300475,436028.31086105946,591991.7101308648,79851.03485249926
73366.28963791033,677880.7841037599,1790582.4281082302,113734.59696692938,78944.14894063739
2465112.955444877,67909.55041275472,696519.7739321932,1280847.2118609967,51634.99778513012
341595.0354863293,532465.3489929538,125715.54244457856,94893.55489956572,1584882.359455894
571234.3979413548,2337387.7023197627,80579.62899093781,594388.0360956308,16571491.565877361
87592.46122472802,3498301.2114195805,62095.082271156774,1803022.6537085793,4564098.522283191
46803.292062540175,255166.15615017747,967171.4044572051,1726252.8021571196,5936169.176125051
20894981.03132698,7457047.30323758,493252.68157490174,1740332.7467600587,4558289.595210507
2311493.7442718595,59561.22622339559,798935.7432596006,89755.58654905268,4679855.058544504
2051257.0851015982,568986.5476486755,784611.2152027341,314051.8016306737,3869809.464004694
2034719.3485131594,40409.63847320709,1135436.7014900418,1079209.382457055,2990754.3687088336
1558911.246305876,56950.22967881086,93700.02654800394,560217.9021989679,5264159.646409212
1486434.0636965637,810100.8985033574,54414.79266032457,22650844.322431635,3577644.788786031
2277971.3673011763,109697.35559109694,24401839.599845506,66025.93633977303,177984.36407343158
2133698.1544240005,65784.36060241664,554264.997527778,156558.21281052777,1296827.3847500712
1440607.509345737,146564.81873919393,403539.9476068025,536466.7532201712,3422911.372164832
2962719.1906157625,100930.48016478997,21608.96754204852,1895211.1037938115,157075.81032546627
4239680.704205091,45640.69008205636,197727.34321015427,248656.80558729626,2621210.0785544417
402873.531243192,69297.77305677842,729068.1231362814,266260.009760248,422255.96245920396
108284.51577722783,91805.35726635535,27013.61564837781,1623318.019889769,47385.79269231472
3393933.8622599076,69019.0739838159,1104209.8902573332,618766.4008169938,68497.852356951
153722.6691358132,66638.78717841406,102588.29697444024,4156811.143346793,274108.080491324
67297.21740372042,92657.08125777845,577325.8778251059,179980.87268376548,1483701.388245265
63614.04235761997,334405.4819417786,80909.76961662913,111924.42791128752,40061.710213221224
107031.63597254871,75451.22895813371,54622.75242531378,235084.78606263138,4385751.159106259
481563.0760817388,98962.60817641177,41619.68750958798,67387.26276637739,1648046.2591124247
897307.6530403901,15230037.490183312,6394847.604449471,100632.20303619673,11690565.468286406
314640.1913258987,66127.82065469897,11854956.833190177,455946.5705754502,57511.986200945685
206003.23857536033,104970.47992741357,40095140.035592645,85363.50850804106,551048.3626021317
111598.85253981265,1482791.8009521496,176068.74578064814,113224.08600843331,68524.82746653254
66356.38243581957,547298.2210129452,224997.69120559367,148257.4413903418,27385864.94424186
70904.05929207047,108420.2477094432,368194.3901894098,10301610.130353061,33758544.52046317
96433.63190178142,98463.71845981212,262445.9999448345,2165466.0063772434,83048.51318952435
2908075.3631997574,163495.00742013854,254037.89957989164,413206.20966940094,348946.8951855119
219479.35051277967,105560.45049330534,1248065.2331285886,1385699.0274436756,131398.03426689253
74349.35251241029,132442.93564690553,491103.13309474086,2236250.0579658374,339140.58784998115
542423.0046447105,77604.68118399075,230103.0621443737,762266.9868881443,592676.4796319306
92175.94949772733,2728206.843159925,510873.38571782503,2221736.4651397914,432009.7888246449
1769736.8890694154,187446.89382870428,60142.74589319644,451998.9781596869,64331226.56851206
159914.16652978142,547533.330202968,682544.3362104589,519154.38523476955,75344.9292352044
525951.1222684266,4564377.330026928,196903.86168513595,157899.67975171073,110072.64617043026
130954.29547612427,170721.93179401883,2315154.098085018,956812.3560851236,596802.8964569839
112457.94818962495,50123.48493807789,214319.061499149,697186.6649779133,32840.268446244605
119240.49665485593,309737.6883694718,486476.61298545904,113530.38891588102,396358.5247216288
145802.07604141583,1458034.6817338136,75290.71065577006,254771.21533311973,61657.69671329245
921402.3933926342,81624.12650882642,70332.69386242155,235092.09440916288,422609.00907209713
482919.09883124044,263820.305536977,271679.8268414137,431127.96394519444,416777.77281475055
136309.414703312,65056.01241802156,4183073.648212041,3084335.0574279125,1019553.3262381016
93980.38013744052,335715.25367310387,79783.66708201707,496469.6150565434,336045.238134479
3321808.725191381,37669.54356383469,132502.24449341669,242201.122404864,834277.8608617799
150431.679391459,40763.700130931466,39574737.99050555,246736.48301481182,277603.3839492073
934085.7444721616,65385.85113605156,510592.55234300625,200334.02911549737,840171.0570543725
459575.9929691271,34959.084584018194,9174966.798867026,174640.99261680312,797448.2960025795
719121.3026495129,71823.47190957569,118688.40796409981,299184.1517120842,1473334.6505141833
1011609.9266503259,42725.38628191387,201866.3500181297,2441078.3844200894,2817012.227174026
91429.80728806603,4667395.112424463,132992.691584431,2188993.5493384656,468095.71726223314
113527.85126139023,291711.74564034835,98351.33541066441,477215.46810240526,26006.597719454337
105131.67078000237,397520.7777095092,128097.50073169102,1100361.2334375833,859486.8599102031
360507.80919669935,99000.58620958825,193060.0020756036,76563.40081018268,50079.94891405251
1017556.2814281277,5893643.970879864,116113.96113241283,182877.00346279985,109153.24682660282
18249224.440495268,71830.49587857322,106802.91602473085,128505.47355191209,2731557.7057643454
820192.8746480935,1944706.480716616,216120.44806913412,885681.4849820957,26291108.842770875
2038057.4684750857,79614.50695697173,86942.99791581572,295056.3775446539,2103503.321089903
77332.99181305172,5756181.412700195,95391.95604457677,520764.0041308105,504047.60785172344
79414.51467917845,80911.42828562521,62840.32742308336,390716.5796435594,418719.94689016195
146547.12368803297,556348.8446961836,1698161.4570165107,1253599.1904141423,451740.20208139136
8426907.901413197,21075028.93943134,730334.9769024414,559300.3462074255,254999.50878420536
3640975.649582379,18922954.87642882,529777.697683587,134364.46903522668,535780.2233361021
5889276.975819857,61869.88200961629,67556.87357263308,7040947.97215758,630710.3783013914
4800733.545587412,8190963.645937212,3782813.0606167107,114869.86598213179,772016.7058951203
3628357.828614924,588911.2473863361,2136773.727651814,864037.6454211292,487130.51027277973
3009788.4371177317,222342.33226223112,135575.3004984102,657379.7944932014,63185.13573805364
3144464.4413783196,483437.5250083505,65553.41008483499,591181.632217864,115337.71980936357
2866833.325050259,271590.81590463116,57436.34594279043,99103.67047479335,62591.48844689361
4278676.341409715,57115.471845543434,109810.37900371848,74308.64033776711,302580.19876726303
682039.8755104884,132554.86701135672,225181.09660132905,73785.06628783855,400215.9120895973
7891038.7505522305,57072.87338556955,105602.15911656617,82635.71423412919,1297045.2507919117
105325.64924635837,280111.74643153476,117680.62994472898,106095.12838822663,328921.80190106604
176346.97374889004,61063.12969730531,85935.01807591754,128387.43274692443,776529.1809514575
93791.27833744834,8150098.857283345,1336337.1002192905,47195.727342128754,128381.08290649777
630789.2547883353,11178327.945499394,1785408.0401757802,239090.73225535755,69508.75005485347
121985.989239665,157146.0323790908,18273447.848411243,126500.86425045023,1377734.2536823626
111070.33104811408,2185904.892144673,67383.00637629812,728703.9678415384,668303.6046503225
146838.2523092124,61638.21356727946,104050.72486865497,192468.27781253352,2325615.3873978774
132618.4263968553,75274.23355302092,973768.8818232021,2655994.5684009334,715975.4468641813
97255.38110617959,67755.23165121727,305759.96230594855,67695.26446941265,82454.72987549548
106944.13347197321,568666.0540884468,126530.51966907499,267695.74255627254,100683.43701073917
4368388.056122809,60105.4054021398,717434.145419092,120549.49440498008,139915.3398327131
40865.49726131345,1591991.3028064116,2012678.749708671,187572.71578723326,71679.03095528521
614138.1063141716,81650.53948124865,87625.66193406137,182624.4830239195,57249.522841121245
342304.6087347948,103756.33667721767,1387768.5793166843,352834.6721412053,490206.6123202576
87883.30828573584,99782.80030574652,102376.21969663627,475097.05884860596,641098.6280241782
140850.42424717182,66947.92744318617,83345.88664538605,313053.114677718,83743.54302544157
94205.56712050298,817933.660332137,999220.6287972403,4351170.659259191,19795934.66608024
6930238.780985524,111659.80829041556,230132.94247777827,154758.49540722676,59810.10209630124
14217500.471015777,100466.1802937031,1565387.271440988,121726.272281148,980913.2864429182
16374072.220927637,105159.07939519257,1497676.2151228208,2339627.0735685527,1060132.9032690087
10563272.224837095,718064.3093123537,1919175.90955015,356701.76156945113,296620.10516251234
12615086.843952699,1640449.086834852,103595.75970530362,109796.70671489478,74658.16373928521
14731988.946918717,1191473.3835650901,817036.9080685978,201230.05611005658,637992.9285302708
7421460.12297888,285335.64469866216,100299.06269865284,131185.22922846794,1284468.0669059516
16307858.93658459,21216226.441178203,129067.57653207623,224685.164303941,1164407.5428899035
8608720.00964454,77059.56300040087,1884975.0258295278,2835560.881637673,480384.60292083345
12059305.801321449,215471.3096739896,109912.3683568614,148124.7047628119,358670.0641518861
168005.3856994715,100294.46355213453,132728.90042002746,199820.64080807273,525106.6307968725
11023919.095027186,4190247.946142655,1419150.1200166,196019.36225353184,3367606.71262259
61260.41037312883,734093.7643441939,266982.9872564342,201277.04224197607,618978.0839145263
243785.5994493692,150165.37222891994,111856.73495986231,158798.06785213616,482709.3754942442
152651.4292980714,1702452.3395914428,94557.89096156822,230994.10733095297,513222.3846836467
173804.59882408695,447738.603231736,108628.08574611173,206030.87440415047,545885.1038162191
199564.17219956298,651456.936443646,222404.0304553907,370784.5468394572,133035.12346559047
830327.810333348,2399518.737238531,148383.63211828234,185017.84122067795,42195.87730347905
696994.0507081983,4213937.829059507,676645.485864115,100321.78212796568,85072.81872127585
1390850.1061574558,1041574.9147862492,250065.41853884928,1056111.3027048733,272517.2224574903
1972165.4598082781,14158233.518347897,219788.60297650757,525638.1643034094,1920252.9215308474
104830.70451165932,1516050.0705656486,352527.555502397,693586.1043948857,43554.0691239248
1112159.0148863636,1199641.1280092564,427204.80630548607,530436.9636121495,43053.93125028667
99299.48905670256,1098012.0763825164,736438.7666068666,213422.16163651107,130857.7034052886
595107.0926252102,6137326.439706808,667971.5426659248,183172.34831011138,1627981.2226381032
3953342.187269757,85820.46560042091,667923.4528397822,626163.490951499,61661.38764977562
292028.6708924762,1172344.3229605998,1011060.1238007463,192387.51627672534,248611.0082258532
2261516.6555337757,1503587.7316884466,469226.6295719611,2024601.9914973,75699.42328308243
137071.3455355376,1499278.456843867,59765.20927630871,1510315.4076027079,77300.18326511024
22116993.33704082,831423.5780823913,79683.38255044294,1414706.1589680265,696671.7983049159
3941318.167407329,898748.2621372958,93949.7808988789,656820.7978725814,52873.44078190816
111569.01219302048,1221157.1764438793,112239.69058053558,95336.97870731143,350591.1622071165
4142203.8012064137,986287.09508207,121038.894737088,83057.7518417885,70256.6347855817
109034.83160367368,1240975.0774196847,152116.8981377815,4571630.753481494,4101306.7272343556
11174592.056382677,694777.7959664603,136787.23487820398,74744.12675668631,78828.5291480848
1200871.7074630372,8533302.913992412,2445755.6548822816,138399.8387270222,57703121.506756544
110605.83096088032,1323695.828299317,1070442.4409737082,853221.4763442418,35804529.88526948
111767.54939639755,659194.9906852955,145431.17672662612,104551.27008621216,252657.28552634362
502461.7459534495,138530.742405389,932692.7050062958,553042.1580715937,80569.17083275945
131857.65697888887,78007.2576612268,328172.9701530442,119142.74383422078,59266.651973139225
873723.9638499775,111461.65257893437,80309.6326410903,12229227.879254967,74156.71597460759
455539.3034260783,120881.85006769652,592660.2168536953,1784650.055652752,56330.50795725166
313488.59329153347,926437.6912141689,126445.55552648127,90922.6666715971,1737871.772647113
285683.5052807458,104025.59154070131,6196499.79378502,209362.89989619033,127257.14794400234
18372502.165185116,282078.47269014263,427665.97163249477,32893384.44423563,42554.30825356436
238115.58066575538,190281.2102479065,112577.5742461272,142541.8033208723,1232742.4731180635
965584.914135823,99258.36385010177,80634034.6049453,96538.7027447988,87519.1111618505
1404957.3121609935,92625.83092728334,169099.26270026356,128989.66683223595,403121.35535494046
7497080.128286436,67452.45663165611,213027.63847235954,88692.87708177797,183015.76384600473
92051508.86412242,59677.12637104203,495548.2231601759,142572.11044367414,120372.19869934669
178127.27557158805,114310.42625545751,781492.343220384,130925.93559404698,499704.70197676297
351156.9768091456,110170.56933312552,3100915.284361292,151742.96407775374,302605.0279617117
745578.6848526708,69869.15159418268,295902.4489406733,179565.8936150229,728097.3995413936
12543242.041130517,5122044.64220264,1700657.1213804055,278634.6723486586,376966.0679336255
1318495.1129069827,109006.33098113304,865032.9508750603,1971472.7173453365,431362.77189885185
557663.4252043428,4571585.246584879,532806.6154958757,258995.73943839685,72970.00210766429
1873349.1026961429,459265.53879912384,751611.5541653105,3781620.588011008,97686.45061338262
847400.1198159435,232690.63370578713,683354.6719618518,835853.7666428015,11179069.918515254
762042.6991384223,32436713.387038585,2462608.575210345,1936351.8908906502,62781587.46530329
1059065.5264968986,82762524.60469116,620913.2715780971,23921286.30581225,563195.9457722544
130358.05421487904,150190.0962231478,613151.3927867205,540599.495368551,243742.26230634522
2170654.927188555,144853.88806258165,799068.0283751389,118716.04089471442,195524.40624801372
133034.32265190542,108429.08549101598,567582.1275815421,139314.7916379295,410492.2307234363
1422467.2517952132,5666079.259790717,452321.1853175446,89004.3525549724,631149.5890553829
199237.3422680128,117658.46461389966,1032214.8711102903,92036.48734470045,641384.3089143764
1779546.1444374295,113141.23110004503,135615.45052704433,12664778.555533154,553297.596407811
121651.99207882045,1369414.1764073065,60978.16541241614,108496.90138843207,541076.197097537
2279547.207199382,280023.6478851307,63539.40176046938,80984.65361924612,407621.5966481282
248554.75651136006,1014728.1925860756,51753.408025231074,306832.8911276632,69846.16742799066
170010.34122300945,140316.1981987598,110055.37851214074,95888723.97974773,72532.4505441283
1695579.1961528864,69936998.29327326,4332121.341873521,340715.32023876027,81320.30333269296
359768.7674320421,114888.37152880288,1691091.5870264557,1149457.609130403,861537.2388332367
1597123.3960670182,85237.87676417215,4094041.7956665982,393957.8124314237,129418.06695061123
783739.1254750519,63786.04081718267,2607559.2934038425,277936.8625059286,63408.769254360945
1623545.9309973079,664473.8342841035,2564810.7162622088,462988.7023615255,65038.35379755355
3084341.6596688316,8486435.748568948,1680398.5831639885,832408.2284405106,43940.53230897658
6513793.633170383,41321529.753394425,2083744.3829557498,298171.5183219628,68750.73060183703
207321.02024448727,87332463.23519999,1394627.8707884115,442819.56066536653,3354053.4459713455
232505.69631950278,207532.1478308777,2129546.5531008723,493782.11282338237,81962.50687058794
128630.02835044521,1150756.2361384942,1218321.8099386576,167314.82420994688,103017.34108398613
83073.36850186561,206194.9220807104,70384.59155944582,238338.87887818195,325859.8011638393
270496.3851592353,913535.0088993062,80532.78734524886,663481.8612093141,3362873.32200024
67215.61099513926,97038.9121978001,143106.34773089248,126290.0573692522,205113.50445713723
6515807.409407044,111354.03420643506,306241.1298665094,406993.400086523,271809.38864766964
102386.1537779816,1097945.5243887117,2663235.022848266,199191.627764718,533138.9334762172
2498524.4251259174,127924.45733753752,5415749.520857444,530986.9364127503,423099.638102167
203288.38307656965,153841.483174865,5352886.133117,804869.3355751478,356602.70547630504
106639.88959957281,80952.21068028825,836030.8434248173,683985.1645467675,2339748.6441927124
709566.3414315829,236811.79645047043,519692.85417360306,1758860.6397385374,399521.72676531225
4743887.623100509,1312441.294186145,920793.6082714808,1019741.3263005501,78383.48501288689
1996754.106243105,860300.1574156985,871889.5675171821,79728.16553609719,51505080.566309914
682460.2492119052,78398.00607232939,422191.09143927286,156478.93797001356,1025565.6907181073
2220648.841829079,65193.800433894925,438763.7107059284,2400886.107575344,159290.45556638745
127622.93421641551,50951.84876238961,278166.6929810821,1534210.7720190973,193487.81738309088
1416206.2533494458,2594888.5442843633,1678006.2638245756,2518733.0824758196,363120.2067668285
254045.14551565924,2090230.1350068194,444930.5959522186,505763.2804796256,160855.3532166584
360077.83389297104,1570888.4186953492,704655.838465265,3350734.2849201565,1959039.397276243
1101016.1926530844,1596216.4114987492,881155.0975032118,151656.40770772798,244570.1060978162
640109.819003552,630179.5266843898,2219678.5539437425,90683184.1215462,843105.8081077682
4822491.889224501,1784813.812601531,1309600.1090701974,3353144.678472242,219057.0937076246
159348.65109561142,2878983.685664259,160427.84323968008,94165.139042302,338018.649922433
717548.5674415432,1618691.001076019,96986.54397103087,265465.6117016331,114918.70272568957
151958.91275620708,2252494.8535224022,400310.4978813705,98938.13972597383,332607.8914959286
2312840.8762432225,2063662.8972462693,127324.65078025308,113900.34977883425,328669.0875295021
108020.37566138011,3771812.3270121217,1225260.90656797,95953.13446368158,51623.5173288283
1531541.490479637,83358.7823102304,306602.018014136,502356.5805630353,695864.6386279716
2069644.7652396117,78386.22074713002,186372.35713177064,213045.03026527242,71150.22166487633
143687.2151819655,192706.57560551187,640340.9528198525,1864115.9204639937,1640449.1182800522
340230.40307151666,4393391.8123234715,121241.92775656964,502396.20985280327,2430993.687474221
149578.038271765,1165187.2461097771,867551.3635777074,410516.093090869,15166871.636306845
266765.2855956495,378675.2428936951,336900.61235164944,467069.539441161,53055430.44436389
340254.7126789884,936227.1846954145,488526.0788948634,1960770.877388101,639383.7408306816
1496363.5724064133,65921.56312761706,1080977.640783648,1109461.6370922923,1553361.8134981864
433142.16767763725,1372695.717474243,102001.33105872267,597454.8535044454,1845563.4076412383
1011053.3665883994,198517.2331725855,231525.78914109085,627794.2581397681,5291048.856038451
118757.36648365356,80493.49648782739,119090.37312483009,7714708.454722099,3374721.8760702396
168474.69135715463,59513.43170299244,86307.79547750676,2068751.9751749316,2020336.5403485184
181494.67585609938,113658.77754665175,343542.93402788683,4350783.6573773585,1215286.2225130475
153683.3535981046,123819.371986819,1862492.0700925102,67870.25443207662,3138548.1549031856
217707.5702374752,114563.53962591886,180439.26892541797,251303.38313319162,2686735.4647961594
590463.3415709517,252709.18035972276,65833.8831553275,1201790.14827975,6370026.974965453
142027.02831526625,129434.18500454645,176683.53749058308,887562.6025931796,7435718.203160744
1873004.0152345325,134204.86120779833,97260.43408656785,73565.50956097685,1824453.4659794718
1379443.1632677736,467281.0223272403,313979.4882322964,1095627.2726032897,232606.17845257226
870988.889495974,128210.8286572207,122508.60032992534,89725.65834981983,2168405.4068876985
226353.35477264703,105588.31699953276,222240.2725939267,9256372.893517617,247948.1960514841
548166.9710573178,94500.71187490321,36485847.540403366,384782.55658393545,162236.7095252294
158364.66023434183,117907.04283987844,395010.0806586389,2738891.3268185314,899349.7390189485
275799.51288163406,111833.0630827909,708076.745083223,97721.34999465775,209485.11503706218
414862.98083715094,199078.41190238562,173956.34058717452,665116.5519176834,161936.63939750844
1001533.9110627256,1944828.6622986547,286101.15999893344,4609212.767491949,421423.9737314675
2716316.3326491485,195814.25079968772,150955.93475696302,121351.36140480198,149854.27367297813
1482256.557818451,96490.11099907193,202620.4800507849,9806981.905886441,58417.592289339955
3723843.983199475,1147432.967079726,232372.42791689662,9086959.23492346,888462.0504393227
888309.0824577853,135621400.57654417,2601497.1362148495,1675233.247135497,91119.69204084673
1178039.899486033,1502364.5207147372,841896.3093103061,76980.22912986904,1402503.691868022
672151.0321640496,1335619.4057545862,2592825.2558140852,412698.7400324432,82936.26423622119
118269.52445311933,1783392.4842666897,143826.06114429765,1609638.590904412,127251.33443226713
11614081.717541734,2293702.6538804527,118409.69222037274,1769029.742107208,244588.34360273764
242563.02468664022,1110452.1038937,490901.052237093,1244816.563138409,117778.21371717445
373392.496028564,751577.9946115889,55997.18199078587,941531.0902117272,6800924.5544585
484694.19296037,2306322.500445535,106766.34935701021,655188.4235931283,16681089.971853547
458629.02827554883,1406999.064172806,133388.56554070988,4342432.424255697,113060.92154627648
648372.56383348,1335491.9457094779,8065589.469192975,1290645.893141075,975675.9250781807
1146845.2903992033,107079.8109450516,2359364.628054121,796650.0931732672,179325.42520328565
922350.0230879767,139242.3007399926,371294.980855918,4329364.268917718,1340868.2488213852
1688528.0030530235,5143692.433187362,102363.46168800304,278134.1611666704,577134.1743161893
995193.2781705847,61433.19767518593,117925.49747696759,1267419.0869785375,12488497.359152513
188334.70821570285,3652629.738184131,140436.36376190872,1784879.332174681,4325657.719205866
176304.97560947132,65257.62503976034,668041.2282691478,783014.6955249571,14463263.375352379
134076.1522319161,70264.14669853105,142398.98329040216,413993.6744107955,108396.60827793612
146691.4416212529,94378.0853529884,1348760.3052834584,792395.4213363158,99440.48533329523
4603738.005527931,72819.87245259629,768331.2945282533,647704.0696095412,161501.46652968426
454024.0310877133,83684.86926421858,535009.1603915701,1863125.5337760975,100718.00748259979
183305.56517625676,1247212.1582850195,1431747.191731386,1310144.0616874783,7079659.418962652
1774661.6633553419,89088.98445831763,6258479.079358915,1875170.3569931283,113360.07558848477
1521753.3536233485,176478.44402075882,5691707.984215301,53995.546659893196,281927.34346787794
1133715.5735348142,33835.35925794332,4086661.66671663,77801.09667914963,69463.67946819798
312601.3598748374,1195778.881567129,5881184.251802682,1154615.696174139,81479.58542629535
254619.17273650604,43063.74950470125,5618127.11720284,116607.88274874995,99982.45391281617
214878.2986450954,38469.064936075076,5899109.471237573,1412630.552915952,64670.56175188927
2109364.3845515796,1796717.4472319337,3907349.921202243,286842.7155634102,525921.7043817953
2037168.012468911,600304.9966364541,4440109.81373742,104177.98790088364,130199.10212590995
521797.9539783377,69160.79028755445,5472109.784962332,110617.1425979645,1403747.6528732646
67285.54436283097,71773.51224210742,1258483.1603818932,124503.84089496802,1233803.048176141
3028268.327336178,94450.66343476977,127132.36387522749,371019.0565715259,539444.5847677361
5066108.277529025,85949.9117212518,69442.98018829388,778945.1371489699,74189.36482942576
1381759.2891233517,119593.11941347369,122481.86866610628,284208.0568276037,97006.30846309129
956132.7789271103,838206.4565000839,3983911.7686516885,201380.08993235332,99257.26870517209
879032.2633271419,1534272.204152262,74893.41801474559,1439919.409076881,2374060.8833086877
929422.5501005383,380903.0039631475,118649.53819279028,131474.08502046802,84000.19105485323
141722.5196772511,163143.86400153046,103860.35922122882,3261053.181966072,72451422.2070041
116244.04192387828,343731.5165774424,1394419.8042037128,112357.33615262767,684207.6585557547
997899.767099252,213937.45333576621,4768018.8218922,91480.88405816452,73202.40431246119
312744.03806017677,64065.13835901431,90174.98917241735,123898440.96188915,232471.38630717446
91644.63312681139,57846.06723112773,86948.67790926075,132819.06580202657,110706.98350735217
967578.613220328,805965.2497457995,68720.28395961403,131804.30234387476,7018530.367870052
155271.20756277526,51874.50883527235,173055.74789100344,118718019.03365858,71524.29104170753
130154.70404599093,94732.20054122435,76661.52223260804,175977379.77566582,7037803.993602267
122163.22829289029,35813.79326806516,942894.3018173776,32121775.990278177,38186319.44023863
83879.91430272178,62975.06295796252,1559972.2922987395,32380858.370551966,11180871.841832284
1023352.4962358857,63603.507317191375,33123505.77790824,87496.09812679107,3341985.4390790346
1870552.3516531365,1695221.737240304,76131.52971048268,187243.71640412786,2816474.2288475763
549320.5392338474,15762501.969728641,185386.8143885911,257542.93898447882,1817781.3030123566
115803.91365434308,2945321.0554972226,37093.26384040724,223822.10732294913,1253633.3526362423
783888.9112731339,89802.99490033495,66569.43461655252,318826.0135409534,2519246.2103049047
1206126.568645283,71242.76235289297,78068.58226650693,223812.0195487897,2158175.354057393
69764.3297946108,78932.83161706163,49155.309054654965,269064.99684122944,1810586.3560529412
1474093.7651259946,413204.7359078863,594229.9517286635,369810.35486591124,1938211.810109071
9129535.856582182,128399.5541162216,74502589.2254794,266947.5411357789,152594.55775739203
108818.58531011484,364920.9104205248,87892.34010173978,171141.45955782838,162482.3538309355
170926.05553089126,116931.79700729062,94853.48345694586,226689.74947264796,1676130.3587458343
127073.18236531962,729103.8331020209,758541.424274905,624551.6409135299,149543.66940005863
126306.64293322293,160593.0091794455,152175.8762298104,73080.72417324582,2837742.455725424
885583.3130457824,881221.874783637,1223367.671184407,1464288.0284426825,1962020.0294282162
1571325.2418138527,336550.1442515193,33091970.51495221,141731.3306550773,684652.2911994148
160835114.81561524,559170.087341806,32246099.6257189,152189.213749747,1747531.715497587
1392133.3838864083,687126.8753895676,44958335.2866896,995273.9719807701,772178.304751979
2454701.1768731466,947703.088756067,2075045.880304524,954042.7841588976,1618221.7270573329
2905969.462123935,4185692.366737238,373970.80951911164,2451313.8608604735,374254.6366203488
1856596.41876467,1633213.5123029412,253985.5817859422,253984.07812636986,2284160.1766822534
1481802.154904934,1545187.2014276548,302629.511111331,30058795.53176572,185026.94629836286
1551371.301633886,2412175.615742659,3806405.1295861136,434257.7126135656,366573.0990192633
1962251.7317540327,718114.1966443663,789866.0389166479,69551702.36705746,1390777.7785336021
1710895.884282363,433506.0689936462,170255.52451527776,220071.46398181046,824782.9292911392
4339697.992399139,1019485.2484694031,201515.41848051146,136033.64331776992,2547807.0671940083
99079.1506636939,1149239.456824028,692561.3004990609,17287233.754322186,3574789.1328679533
619660.764226232,686827.5123205917,781394.2279961485,732898.9181513586,134269.4497254768
87088.60573654587,697909.2145389272,1482542.984505003,848328.5625156974,1277450.15720881
99160.64420935303,3504546.9783253167,1575941.009787101,216890.29173709577,2993995.591921038
90266.2112640858,1992983.4202186088,99038.00275013938,124648.11548170194,121683.18334945549
116625.11655984823,791908.7253243924,60816.89317426061,155929.29050146707,744100.7391927241
77664.02826173697,103683.20475285703,264894.6149034638,4924750.252255674,122701.77148231724
98337.27590546497,68661.18775925944,176311.65467531822,723811.5750430163,409444.46436275396
77603.60873818948,100744.13451027326,203639.58334520023,3164036.024049781,160779.18479972673
30498046.33297175,130272.49770972169,271468.871636883,96846.76185301683,108740.84951502383
34095348.76717064,88588.99232457686,94989.94752459742,89474.97513112915,62741.37439394864
4641967.955682108,148841.54205534107,112685.07747419013,245616.31222384318,82126.21501150688
4910859.317200949,186455.46449950853,18520526.70442351,95890.16552862653,116201.79075192963
6692368.138956101,3416073.3822610024,1552248.9008053695,138486.5864617793,63104.31417079089
5656901.239735538,4129835.960351765,170757.02080342418,733680.9028830142,77240.4166194423
2572412.8480733945,731795.7888930528,2209661.7910948843,392542.42508146516,1627316.0776914544
3902771.8508728608,100865.07325783816,199709.10468632582,145044.56623337258,499072.173554447
2975030.5408436526,41098.226721690145,243824.60046610268,100097.38647806313,1521286.9099717133
2765187.993729141,57164.41803932092,435321.59058281116,855935.8188737838,5187888.541531248
3899980.6393083027,34039.82638995412,195745.8169783525,71182222.07347994,29294510.22667045
203459.51129473862,39327.83493614165,2867504.5041867546,1137973.6353410252,105259.07077810167
931274.4591240655,884396.2780405558,279706.4626402384,687094.3342614989,102083.62225961752
97503.39494348408,130524.06012078586,239250.41299608658,791383.2577389842,85709729.4947001
109339.1010084856,1590948.6811133327,694896.873233038,665335.4584948258,258979.5983532119
857302.1488125566,35401082.98527879,96971.85558003798,1825273.18583172,2409698.265210783
144012.18342094144,4893689.169437863,263662.629617843,3013906.663049697,113360.09460180314
192138.52314198075,6922385.422877336,88740.35618522343,396902.35539796087,171850.21762443823
366671.09750590514,391960.86471031787,85548.21539209415,747946.5082177517,3885908.547837457
211515.23732315862,110646.87627566974,92025.07493355862,441202.6747215548,343996.1944613701
140316.6056920247,71320.49832704758,120378.76903420288,1305370.296599169,145498.69250650314
2082110.2396776485,534861.880223359,1846010.2835702023,87964.6992543301,660185.0040003491
127964.44336926284,61588.468741371005,8998023.71873668,1949672.3401977846,441414.49155707506
5494904.473914373,257532.31778293403,218913.1830428716,3748829.5530785336,517623.8676651161
151179.8337983404,84799.23249145268,13555943.925150417,161160.18878507015,365038.6651418703
450380.02387849847,875541.471367277,1056981.4544741812,10929550.46027332,409536.8205210912
359716.5549185877,945699.8474768372,178086.68431328647,124142.82849210319,4999342.073053356
641111.0721093925,2044025.7369830431,681745.8293209304,140470022.35338992,2654025.080854398
85088.33599058386,1625581.2434386218,107581.8671829384,555055.3946793166,1677792.731325185
90787.33146113307,2743891.1160278893,151554.43810905458,893473.7226630136,2398376.1739301058
598235.2267688334,1832708.3764704743,364973.25314040185,329054.6198644509,2267132.453020549
91079.85571340931,2356072.213711725,305119.81441882724,186916.82000417684,53882.866044977985
64391.24054734922,2261597.5596481217,2456792.106930292,1334550.4513566257,338979.33885236323
1856691.4947569598,2268104.2648015646,279311.79061952705,896288.6428610554,63426.26268167609
444402.30366031337,1884602.2714071635,179422.06187606597,2852869.892893807,120708.53489893029
80655.88688536778,331566.16437944205,90172.52342543824,3254465.992449826,182334.99941021728
94233.48058895675,317677.0883120467,645718.324405525,234442.41144509055,3528106.386243486
99598.72590364124,84457.23228802683,102689.24399964699,250430.75675144853,399458.3962142867
120381.77961703685,943346.4030847222,166778.4617371446,160648.74191787143,829965.8284461051
136308.69384273107,102601.3514906897,347715.1959642655,951646.0745422242,2360616.721455175
555318.8962089315,1855981.081606752,36904312.99629993,134152.69108192375,1065354.2472609188
77826.49623059333,175279.29263896632,907568.3032557378,208933.75924765965,962125.3099539396
99733.20422811752,7586291.965632843,193194.7198942536,568057.0618048924,2275692.549694536
5005930.019395163,3992539.174562293,784021.2017783278,2753057.7129100263,693795.3955230848
232191.19678704336,148344.4639517205,68261.7297898328,97785.67234826816,1273291.1937896719
1697433.9888806595,71296.30461504756,90603.24028968622,121165.57225554681,1653946.5937760689
301513.79755264975,77734.23946377895,178283.27685496854,109219610.0548136,873458.0089567443
340231.0030609472,73803.00471824696,215063.74863035924,579100.3999631213,2584042.6016854006
11125467.490942907,604862.9724544309,604028.2926663775,199568.1602764163,1998197.1324834507
153619.0489688015,75994.61157228178,307581.2371191259,358085.5335032988,2272419.8004321004
207948.11909686515,60948.667196318114,877544.5813410094,121543.07123396124,137784.50225347656
257183.01297968772,1185828.480078328,454856.6659404064,332492.2405341664,68871.89629108545
4147104.836551387,133602.08889518102,523613.51887323253,1389017.0248535406,118714.84929471253
1771285.7962240295,649673.7318957875,526438.7037371928,135619.8981428098,140843.4563383995
2372940.9807904805,2148153.7305613346,999494.6187425358,6585158.641419486,83217.29793562459
3580521.362749543,68118.34735553231,74335.8104029844,586523.3129685646,16284950.820967417
24414287.86838721,66576.13280917339,68508.87897329537,159799.06055679152,1098902.636377749
126953.98678902385,330175.7592136227,101342.88919382516,216773.27505650284,2454604.8718482954
215418.21243292757,84231.89910981215,5847511.791219562,136025.02469799042,974342.444818779
191506.76852341942,54167.28032188978,514968.65780060226,143983.57346938562,78631.60906318383
319646.2584756068,434939.6834117122,1236399.227086237,98031.93302720072,264960.60521802626
2994028.9889551112,103403.45305140907,3933670.0886750664,958180.9602319,185376.69378845597
307167.25965854,54265.84524268214,2839076.4412197764,694878.2086844643,154154.14685551054
347342.3594635803,80104.91792368337,195058.0030363836,93724.53346863273,347490.81322868424
1776545.082911091,51218.807812877065,978437.817777809,1227068.7592501587,406258.13811149617
1676930.7670071467,1929967.8582717143,44915.06901948732,98744.33650305122,1351694.6106542246
4444581.767311167,106679.02161217478,75155.09010118559,66744.22460315053,94813.07507064498
100018.24649360258,161867.31378887064,115980.72010406086,1968788.8275564439,149402.74596486083
103292.64103641122,1677632.5636737216,82508.26418859432,100684.8434744804,87221.1962979496
78022.23888129144,72126.65192983445,1911826.5660552385,129412983.32080276,131564.22992201
924587.2478735587,1213463.3897067131,267161.7657664789,103836399.24403681,88037.44851941077
7838303.4258109,126043.04747092225,142170.92013280818,730536.2271025549,3713750.3795869425
854360.2216740516,717536.6188073889,88787.45173819546,495685.08724405954,291760.2590279519
95226.94307451262,125942.5330339343,464771.55346954905,999021.1835312796,85806.45222493105
447133.4550620301,6905960.225018318,3597664.360296222,1909569.045542439,234484.43827203067
82977.49981640077,91094.14226210337,880391.1546542626,273708.58312884293,55690.90780496139
435689.7099612173,86863.10207252645,68450.72040775929,785603.3166970337,58696.36710824429
100559.42069101258,164775078.86036548,92670.38762173851,455602.72272374417,1192888.212649708
91229.55559617575,3366679.9693899197,129420.35247482268,882907.2219459339,17458674.62206158
1489723.025226705,313015.28920893435,1540920.652849434,5693758.776388055,9064678.135283152
97383.66695920183,452423.6817156052,395924.8448662899,121710.39042944724,21579980.811520644
142193.5305663874,619745.1938555395,1575145.5862841676,367325.00648335577,61169.67814054254
1292764.4125463227,962383.0066539504,5084886.697832574,118230.54738057514,72228511.78761892
3120407.022239085,607548.4325391733,2787597.0596145988,213975.7914656823,121801.04098792578
1912002.9296144126,1578198.7451670477,124656.82810230397,285967.7265173219,90665.21673021675
816912.1985083779,2033851.887135481,1643278.2872041592,285952.1981185531,480647.58711747464
1822041.4121715408,4116367.2708059396,602230.4672025308,379975.358039838,72897.63598262859
3362492.898507681,3353218.1996792783,171690.8378150294,667706.6681858915,31619567.01305358
1203470.6833222471,1804775.4824723261,119164.78611355265,1829565.371408754,28899527.285536222
2402454.1906580534,344610.87867125054,330951.54776881257,3598808.393152561,71360562.43727854
3795062.07982164,439413.12853076373,195724.83036728104,901792.5720503194,750432.4082626963
83994.5334833024,81068.54288077218,110372.19456416118,119045.86579175774,1585345.3164931128
125074.60035158464,124797.21967642193,214853.08775158212,42449109.76928033,324606.6670938673
3530859.7358587473,96187.46342049644,68512.88757938943,398905.13324548723,307935.34031989623
4620361.8409543745,115557.74899649055,132333.44446463318,209952.77884753558,221046.52492168813
144975.04726164285,108296.95574266388,178635.59397311858,8498815.004987309,1933128.5088797868
1608621.0724435304,56331616.943275884,21504571.820550766,35359096.64768119,899679.1050961824
5217515.028695703,8608908.597380908,70963280.26980318,154528.22661547043,1592123.635849864
930722.6158381863,2643708.861301264,2073417.5326238244,1472694.3912306349,1195399.3912695348
817401.6081418622,293508.1361699811,234391.06426046113,143284.82912741837,83530.60800430703
968251.8116208812,162748.48695413047,272605.2159767316,137838.26324753524,2346579.965505702
1802605.0188344026,250612.34443524503,360985.27660271886,148702.70139620168,1218855.1126240299
236721.4054406812,111748.43441397679,222380.8475100568,1912686.9331878598,255927.0917559255
283684.2685830764,3575460.311511508,230661.84005430818,327091.3237041441,176574.58217954476
3309884.664024877,130732.00190540646,635175.7198346292,187534.61895192543,143847.22612962683
681447.0276907858,175466.1273902924,474488.4906009439,1781928.838684842,263921.06473723217
167533.36155208622,2550809.0252100932,253852.07745304654,221867.365269664,124204.24450210381
101493.35613642892,278642.857565981,101105.53739387989,183585.44665796854,366690.4193064493
113854.8113676713,1173402.8825389287,31926261.782543775,1425119.136738885,236695.9677968708
107270.82029300526,294033.8387894669,1275289.9303525598,232932.48508964188,470986.156322926
192419.8553909776,1322410.684855691,291748.76731954556,670252.5028704564,512398.1879281416
3008747.0179097466,742566.2632453758,345794.4825384147,128290.22445134277,1577606.139311905
972606.2197203082,1172873.543548403,549675.0595758234,30028834.59312226,4227660.740892845
357691.2340887985,321293.7007216289,450584.65102507174,4077698.013696811,24159476.30745538
4986013.40880988,149556.06534602836,432062.7385336503,146853.63165325922,441797.4576897894
652366.7050323484,105628.68673579178,437071.12803356955,59948579.93045162,330923.0505516104
263802.0746806811,157931.39768997647,1664063.8528180313,4659274.189759713,339258.060874513
2133234.7175913937,171825.95168828586,146346.07545282462,853984.095554762,20343045.314506944
384356.1802900237,4022565.3612236464,132168.40592294568,1968693.2554282919,265717.4847221527
859147.5435735157,287059.86871783674,79263.10278828538,703767.403751497,403480.01203522604
406588.701477707,81056.98783194175,71537.89276097114,3399668.694217146,467837.75501096365
101523.5780604651,2857581.2756443615,4301399.8788151415,3066376.3715528143,620071.6537258151
561889.1180811956,80566957.38360599,134542.97786684186,997350.9879406521,606788.0641169086
44927517.59707399,143491.73278735383,2789311.0840829946,564926.5704472829,98813.3832071778
39227708.276342414,64579.24400427685,1411480.068616488,2847208.6395593374,113995.7907534865
195079.60010467615,421758.3001436613,64788654.43629114,167105.66681328215,3421524.8251068564
1034492.6451438343,97085.70082393204,145502.027407168,420174.53031026205,120978.01082731901
3097126.838411362,29698308.569224976,326558.7385386248,258177.22550423603,114569.1057975193
285606.95413665834,1203407.6531003877,237159.54415860958,227071.35766807583,124159.75626204218
275619.120908731,208903.6072900015,101585.88336286464,1673632.2052100368,126504.52068038873
1353177.2012779303,2339539.025224212,2649613.187098357,6376884.36787585,941357.0048589244
1705785.5323401962,276681.5104615544,42385926.87332537,642969.5439630464,181882.68936518944
1766953.9439413028,133751.51866907504,180655.72774370736,752073.1785111505,94753.52420062762
2967652.707426185,165858.01889894655,3015342.9659502204,3515936.96146289,2112702.440330176
108965.4776770878,2056050.7343413287,86364.18888766822,987923.8390088526,3541924.619040672
156991.01065003476,229752.86762232386,8195695.065505947,128439.61174120559,78883.14197644521
114781.35142791574,1472127.9826450916,184868.25166303501,176518.7893122096,3118409.8176703034
147041.04256591367,1740124.3398021236,1182216.0879579673,1178133.0228532106,348098.9074512736
1652596.6811526967,824110.7881451545,872822.030625369,212626.9789313547,1796823.6507657033
2128657.84974257,242623.55525915217,269567.4285945831,154789.5146313103,63675.04867493147
98396.73884471648,1575530.1897559387,2499860.502957838,4358052.1401821785,15505058.47156471
84578.03625251079,1028113.6218464321,743417.8623256639,491839.1283564863,25318155.56112077
81473.56055293474,80541.02546649128,2219034.8672624,167210.07956475997,218073.8598156303
1261930.4311949338,266945.99448107235,645917.6975853015,199260.8956412751,113523.51795023285
133346.03326850472,103127.72332389509,622034.2807715813,178525.4911190357,108729.06339670226
2676709.6566938558,827281.4068667408,2035880.0898290921,149552.25648362268,137890.9577821567
102298.31768278583,127712.85706014614,2118178.393141607,92759.22891550555,39625854.68419256
1540151.7392116194,71082.45120879821,87591.21147201712,1658929.2209959654,37369408.07489693
111257.43820140687,126331.39821649628,751000.221850032,215204.89037988207,137837.67350671004
20082564.060575347,162293.30685609079,102111.47280647416,1825229.386849139,201732.77660220617
124005997.21900854,56880.093786942016,2464840.5334410355,146503.70994261975,442996.08598377707
92061.19274057206,90321.41481132593,215504.46152320452,36688543.289300084,1975480.6533951806
149495.84060103298,94626.2850060473,8885605.679195117,19144069.349201255,956043.3643748243
106961.60432173988,55356.682062211876,6845113.196215804,1716237.9099820494,110254.42049199138
342195.80860432587,75750.96264218492,5226653.444066626,2464903.9427539185,84516.82153096137
124384.1363753391,113063.38405765238,4889547.590089794,142699.4626757329,118493.27400584967
621108.668118875,491418.9816470248,4716012.970217388,187584.0141506719,344906.29372498044
227378.23963527085,486628.5373640913,6901856.609550024,125451.16388299294,88228.91518874216
860370.1721608944,334187.66375831736,9028141.083570836,119527.07428510413,131526.63020233804
1349682.221957568,350641.42741256306,7635744.304853563,1287872.930541121,104092.37052902757
141747.19848407275,2535351.7824740596,7547218.907381777,164779.29163709527,135608.2153627561
185475.00981883658,2060488.675710423,1119889.7686438698,147737.4949562374,98618.51029508802
206379.90011987285,873426.1073554052,128970.26165183043,220626.75578153113,184484.5865856451
324942.68900311243,224132.54903328212,94427.88112095355,159616.07216767577,936783.2405345887
1442850.1245254593,1070493.7500017066,115728.51466317837,723494.9473958017,82303.50616347007
645916.7331113322,270405.16209445125,363010.73559515254,213895.01655239353,1668765.6237384055
1289126.1148275281,2950417.152373341,493441.55932833574,5189927.856354501,709926.5410818285
704591.3057746983,2223949.7630559844,363634.4931224382,176425.6001076879,77024.90117173812
763357.4034758789,531850.8289049242,390535.7812718471,154356.42120091055,2736996.1781696375
1170517.4176871385,2162092.4376974935,18404773.969533533,157484.75652597044,92058.3269067341
275769.31992292276,765577.362007777,849420.3719735886,2690535.971186534,82945.97110913214
11093504.348221522,99092.42910159042,1262988.6228304354,114932.55296670095,1063001.4334879129
174892.83365182602,130939.75787700531,14293534.42453588,176500.99798078067,129346.59608831814
71318.66300815377,1138133.6059854655,2004666.0207049255,103361.73071273205,138951.19005607953
214814.32230641093,135564.164560233,7031349.080737961,21913638.755054183,113236.86936933747
138884.3747304384,71813.24644815491,2912382.79228708,193841.6211339508,107555.78217601911
1063778.4877817256,3154247.0449058767,3082122.503308446,36253422.71142484,182873.69068078152
3783292.667004096,3361946.444812486,3306072.03916012,64350043.98140516,110588.65892804803
96603.98539962167,104803.89053138424,6997114.392613883,251828943.32736742,954609.8046706853
701448.008426127,49768.01270740151,93774.21436408187,41468253.0362563,482197.6174779715
104782.7569199884,126660.1768965111,79887.45199085095,46618212.988175005,96799.80906269557
321392.85880258714,2257377.5716214925,68491.54470663016,42608265.2063697,218163.27106742858
464104.90451301076,461110.3193889509,57929.594733440405,16744661.969415855,114209.31188156105
198383.5646210348,81817.52336775273,546070.6111134873,13019296.920692168,370305.1644751671
593858.499040009,67311.39139220866,103042.42099789117,12238679.967469644,2180013.4630633593
695592.2678550212,309723.89608548,1486066.8066961537,17393517.54532083,3684369.5371230887
421170.9502462696,2373571.3111824603,1562660.6591004624,16678280.64145203,2509859.5340911658
1827093.9830885292,105796.13803694937,227882.55531066866,22164604.66252403,4062178.4086818895
1234610.7538498875,285703.3698479584,155005.22765587427,297701.1053024335,1369788.9562172764
1113920.6924541136,1472356.4618434291,951050.5532631642,10618519.001093114,76369.42311302324
185978.07944361653,93542.42450742573,1416489.2631275593,602054.8595140305,2682631.988537587
380680.99376371515,435888.3805936917,2705753.7148989025,10640990.564161558,131052.54329098658
12957175.353576733,433134.0138080354,721851.8806717324,2590945.2609420014,107042.80061440273
8155113.157851823,257774.22419306153,2141624.901364302,16718547.804624073,149243.06825145998
331221.16375462775,883514.62507777,765758.4459890749,25032914.846696444,168560.77830346892
1586921.5429114015,67840.63978501811,3336214.6548749236,88253823.30873218,327929.1148933856
42665600.770850785,156785.65893393755,1965153.5817633655,295452986.99212307,157058.7724088453
204530032.684287,4835821.102693688,75652.46571563254,53311392.26341417,755219.1553834984
255352.14354762982,53778.70053603864,76755.96401121993,44030981.99826522,11941611.069187433
315128.688790554,1130547.9569452347,91382203.0304924,87554470.27767995,54005.90803976235
1377000.0912939315,106785.34012359408,1195239.1178327887,41206680.221712016,55714.59886033828
564680.3290541233,83853.01877888205,327201.6520969795,66018596.60221439,1373918.0452232778
718001.761035569,118157.1312373978,203938.74111400766,38354229.04224775,75410.59651557586
1386968.4509613337,1050559.6411031578,106602.6476754825,43106596.92246213,73282.08885639868
916896.9375381534,6631070.985517755,1106820.6246328352,37617974.781388804,2089547.1023906895
1123562.2917006826,64255.34303929461,100028.413669893,36198842.61814587,35871.33333080006
1965886.1177326208,66858.66655764356,95626.8657496445,395236.9348251969,578553.5769243614
963623.2786762014,98633.98243749423,2261354.343303784,186975.7504247374,171706.78740104294
254527.3597910083,45448054.79109575,100845.32150151159,119000.6100310262,340565.79119997553
149065.59836952927,166369141.88970447,99893.7283942612,130793.77096242069,254496.68160904036
455304.3246767102,187682.12359383944,86882.80027051392,8427948.920334322,211157.6309488631
134727.02504364474,202929.44947161368,8946616.22523973,681739.0545402964,30301818.745792795
139169.2374842978,276371.4917519224,271256.1626101922,5951432.966974697,72222.56242814599
62093.22915122452,166450.86215522402,62934.008831487874,1475301.5923952719,2915475.0609376533
143681.84997472423,1592004.3673720353,41191.93456186236,3859054.4080761774,1398067.720178353
370007.9012374517,776367.1300756745,820027.7225245885,342286.18742936547,1318284.0066369001
2884158.1757594133,1886810.621918612,915707.4240324727,69644683.9249926,3651271.3046736717
119459.6848885158,463359.2558844995,2117107.0682554147,663226.1492141205,1910745.7086891895
716650.7825323242,6953739.702063314,34943.222732306116,1730784.8429553628,895851.5740526677
132431.20029570867,1404576.9720124095,2019181.1916367095,267023.71510410326,994922.6361091789
5739467.7854665015,183658.45855636476,1610662.88032155,299178.3453700328,3556099.499067689
214252.63110988974,159138.56928697872,713409.9950921568,270441.51223167626,1114433.1087059707
1457765.6707798047,263652.1183710769,305991.3028301463,219480.35545596492,1207483.4686732418
166054.11026577733,309327.1199437452,71118.68020256743,1530316.4868190486,145496.36183030155
337465.8149014203,1195751.4900789321,472934.5808299517,354924.8889466574,1440062.941133227
261905.36322555068,4287090.091636043,971513.5344263985,1254910.2376536564,127540.9932770677
255403.01435376992,59436102.96915831,1391942.4269901798,534904.1009129777,15179155.159055956
242610.38358980016,1312451.582138315,127766.40176632113,252965.41093849164,571038.8861055435
342911.06311378867,149671302.45825124,84283.24688829927,150964.76584117088,123167.65565738175
634037.1776582536,20193256.559333548,98240.16463837575,2634695.997277119,87888.46304585709
599166.0407348555,20969513.36078926,121382.75837302406,192912.6472543166,809746.813540824
506163.15425376385,11633159.828535834,64243.058417021806,1193313.2018108221,56219.68184148027
3941825.8650957043,14254228.456257373,1495690.745779737,117978.61793036979,97649.35606679897
10255193.081224719,6812629.230091861,11759154.229147647,3261391.509815623,4606310.158026454
84348033.34729719,10454132.782040603,100391.10070613524,132832.26782977456,1133667.3193979515
290973.1997233095,6678675.971294172,83426.66687474634,254772.5015364764,75404.12080720662
232691.44987174263,7479846.493742693,151236.64462846977,134219.07428996896,73045.74054552912
4715406.80327175,7915420.584037867,352367.598609554,809352.35979243,1982786.3091909646
4998663.129600667,176893.50004678988,361376.95391131996,122822.53565990456,2199578.8716906672
283846.368735997,113521.07917152254,284008.7693271345,2683327.9956100658,517614.92137834756
227068.47817549578,406272.1327611624,661647.0446785577,229803.68221899495,626650.8368136447
5003012.168949176,114941.42808467092,538061.9490608523,1615756.5024955797,5797388.695407698
303779.5067989281,84980.32901047892,880577.8178769798,195990.87492679112,548062.5089378003
5790331.954369336,73101.06403466246,423203.5916129261,1661832.5500374378,9457825.506707923
1026000.8415509335,2476870.414990114,1991418.5173235605,92918.73051502279,1127357.5789947931
1938270.434876853,59941.975710778956,310982.3123121823,174344.89854241136,3095015.5201307274
6814042.407462912,84359.70485159064,2756079.2745105154,250405.26661709248,53962725.49491938
122520.01499255015,169953.32187495593,382068.32335895346,136057067.17728508,72343528.03786919
3308957.9739593524,148606.33214937977,999431.6854080673,117713.10187596476,45175845.869744495
277702.52641497366,119460.84997061841,270819.8142411217,452616.4093555355,102234.92107670703
180536.5054637686,104859.63271689757,613802.2133809018,4985881.2246691305,2063655.5889805956
2116708.212298204,161801.98825847675,1121528.9842322941,924964.298455821,3665890.2573068705
314896.4276371321,102027.0652821608,3289459.8119290103,328487.2615274775,198393.5467287703
135663.3935888246,782861.1825544279,109024.10413753077,920250.5589301187,138755.9161470796
411736.9307412323,2342213.115008786,87490.86482878153,326443.80582815286,404268.0316475048
210217.74287712917,1018116.928452608,91757.25440626746,153936.39837370257,549931.1664109933
107818.68364020494,899086.8283262287,2841767.5545227644,7604046.839239634,399263.63691271783
109975.67413869717,4647760.12529157,86755.73635857603,1560641.190050819,769918.9867798093
496863.1890195915,105828.09725580749,105393.84919620797,818844.577593681,105837.44314533175
1997100.659870517,329627.0011431266,383424.4064087603,1278358.1335418606,52530.80759175027
110803.31041066193,233873.69992308447,2260295.6718183085,136271.66416878355,325391.2298042269
4027438.09071906,129563.03115993622,80173.87218934532,1406447.8938879208,726311.6473679635
342293.57589934435,1430561.6646088809,29646542.432943944,114427.01499880897,127764.73565552366
143060586.8170339,199101.04860475534,98506.27613235678,145834.21095555834,165877.9674000095
165691.0395173614,125397.15417087571,24964982.02229981,1092071.1740606194,99964.88980557358
403049.1979418193,138838.01938571013,1911118.8134627957,3681736.7085850416,99602.92003123816
541367.5983162537,122500.18622214002,28501163.968483906,243596.7002253994,257766.4733828757
302157.8359040588,371928.8414266213,15447770.210580643,206705.53926773192,89838.79068679528
675867.5521073849,463784.0667642392,573126.6658754752,94938.57543866661,7449747.091833089
947266.5934041179,261432.1154187008,228642.35193057157,135400.12314496143,2987615.162027535
44794103.34549163,50643835.6114041,280374.47022910975,98892.90875235916,378282.4375873957
793184.2536251978,115150.21622016799,221129.0464411399,166627.89932556864,937125.1942352557
73148.43923951281,787664.970568174,443999.5800642738,85778.59851458379,108948.20937745286
2409971.3025904433,438816.6956276628,116903.09393032118,119788.22922272692,674584.846554399
89674.91480987376,126783.69170912557,389564.0267664141,174618.08508224937,493386.23625082296
923913.1401664905,128751.78216180435,200562.43642196775,145380.40051671298,1446867.243237351
109926.43618045108,202467.1126499459,233483.47936031802,229976.8591736288,80525.0225229329
2169305.7772475225,130491.51444413757,78951.10034181265,276366.2925667862,86652.11103340979
295969.24683742627,2384830.195240039,1204905.0414576165,443501.7193261769,580850.4910541961
104403.52102902609,119548.37543312028,94004.7074319122,160576104.30119377,86084.9826123011
153706.011253065,865254.1266244114,1375062.9875820621,151940.9847487466,717934.8349482411
287723.53949827614,2444374.7026253836,133110.03315032698,153108.71130015794,978095.3746445888
3553001.553997295,11238467.458135072,152364.25445585922,239856.0196132357,72209.4747293388
1159303.3068101944,76669877.59545794,570713.1734486761,7160535.370398251,5861156.898696155
2770307.470295423,139650.66985338303,135191.60228829444,41438243.96414551,91177.3729505655
152153.56191151237,127990.7289043691,234287.95359080576,68088050.53908989,85028.2375120421
2369311.707433365,74663.97609599016,560799.8614450168,136728030.4030013,11220429.127713703
137684.69222969812,125512.0375751566,224865.55078106164,148862.02840308534,105018.67067065544
118132.94446540656,1885998.637723881,92320.98584251599,270681513.6582853,17092890.3826589
2531230.1690930305,89214.29343704184,984900.9114683206,1210108.6941513987,1574428.43402934
96510.95257571804,98534.00299153166,48214459.548809156,1357279.2178041223,105608.04859471218
149264.81572296034,116610.10215438702,5442985.978932078,709686.1688792038,4517385.606573462
121478.18200494205,156950.81874959415,1118729.833535994,474874.7821299038,98272.94473869239
188000.5406929165,112383.38324607392,26973379.061422132,2168268.2858550893,84229.95960144262
157946.53444914278,89717.85008410136,100146.27940151733,578592.2681271399,76349.35102854772
95231.26138152406,77887.16566384875,94010.29560929506,221015.20267560228,649750.0574798377
213920.97148392804,115763.63218008714,1409460.644697413,681747.6126179525,101998.53410581016
2245740.428147107,111829.21201247677,89499.6357181241,194234.04569677968,106985.94746540296
72259.65461860265,1536556.201606722,88712.03624584306,131429.41925821253,287477.2424855004
317127.4394855459,1805158.3453015902,64971.05462671397,141541.98716074566,760858.2497818603
734819.6677024716,101143.20926037259,58524.79036772923,796041.2044558099,169172.8930058526
532928.4057444603,70176.5379385433,56161.78512616618,221597.75582630426,104269.33212263945
16236720.694164481,70670.12724711094,72129.8082450165,3447476.2908154447,6815028.711435586
287118.9297906882,589452.115893685,732620.4701206477,760090.814854899,48127.530414738045
1888749.57473714,2050823.9696213617,95576.26854003222,152470.09653673525,1618246.5779931871
4129613.9048518124,18660705.084034584,542077.8552606069,126867.41939581158,100549.16035912703
166278.61352354306,108107236.80897018,128968.21558213234,3736903.6030674223,120369.90274035445
1618297.8918896373,3596625.2970480244,2538000.8275099606,130135.09391527639,1166647.6384572522
91125.68198795445,2258748.6264058715,300216.5328721852,2803187.2995691104,465237.74697343336
2286340.385118145,3285093.944255047,247069.31227992094,131158.44462747467,92038.74372474238
102990.91722037927,2023279.0410289506,2108432.909397931,642026.7536774591,3660774.8573480095
209818917.67401218,1697540.8120588122,80045.72922372325,113158.14458740395,119414.00766455373
77064693.06108779,2579075.541290103,6253269.082528905,111155.67936134122,508009.49411376915
238370.4171778222,2425908.9525172957,4448222.5780247105,163366.34456064116,181547.58570172612
165469.71278818895,3478800.493863528,76852.98252032055,96157.08683923521,2683785.3945034
218082.757873063,4090399.7384604877,2113958.805917079,3097013.024646194,76144.4123549104
1622868.8188426266,385297.81190122274,120774.38324126811,6108479.856559893,85536.52862889763
559183.9861924336,561149.1213821522,939982.7870979183,220793.06182560965,87418.7472100392
637150.0855506265,85970.9272232867,137439.78213650285,340796.6926193527,60386.17594416208
781085.1248497467,1346714.4705947312,566569.7339778449,236981.06715274008,1711115.295810214
1898472.5569075658,55441.70380288033,684631.2041904111,195640.18411058382,289009.59586998646
1820391.144282927,84624.9592379762,114157.73918088175,979134.5913559385,265694.22669190745
120299.85826928576,42040385.506023034,275226.6813930531,264936.49914771505,5344137.472936529
2758020.84977124,22085.461716214493,160026.4601639415,280973.0393199278,125031.16634668314
150563.4079901019,95278.02293378755,54828.79186232021,190719.91920205185,4567240.679638832
130886.4607969779,129560.50701000475,108971.3089756805,198813.68966069128,7531998.490278313
188417.98268018008,227808.43630297904,1278647.9218925491,2291827.8640411464,5487914.209526094
125351.93531433176,244932.47009241488,1463870.4113664378,139844.90670282353,4851345.26930451
110328.29875607071,757985.6975000201,123034.8243938062,171455.6105016054,2436769.7055059895
190430.73299935518,1339225.7309013405,1861194.1661716606,155338.5827673141,2025811.3211836051
125966.243704274,137187601.86665523,252241.5594879688,263668.4400663155,4883300.540847531
155639.7466678882,110951.10126215476,219345.98071496753,125367.17939849521,1240977.7836068082
128673.42582251319,147813.12668190696,213817.3137681183,113246.75686824742,3123698.919316534
735962.0532013398,1663127.836340362,156171.72951027186,95551.00478600513,4118361.5056375405
147978.1849441631,667175.7171394973,537330.9982384845,159670.69983243116,2257958.7662944593
229558.0923458904,474148.1324499689,394587.8823291641,98149872.34178618,36692.425544745434
161882.0447049247,535414.2171418315,276218.3542223397,44693995.14114762,270094.41637255496
892754.6685746631,418068.93386334437,253050.96369189312,631860.4933548701,2328207.2487521986
2925987.059738365,2328816.6745988494,136206.94175301064,3455558.2181053758,56928.09241277105
17909865.67418142,121718.580059069,103421.41843969336,201440.43239450024,53264305.93747419
5268703.562108404,957879.9507784102,118507.86186827841,171990.36276342845,3250167.7994257193
190252.88113022497,109386.0588119925,120011.4431078269,217174.80090772556,1205351.0222124243
2590633.4756910913,82118.91381254545,68608.96783791145,1781692.351185777,113966.63357335981
215602.11935876415,158816.54678824148,113983.49848141377,136639.5123014585,472142.15772558877
123553.99720995495,130310.65729058442,83224.34660785814,180931.1115362206,75113.19764915903
2444251.495053834,109954.4252040314,70108.99786748459,486860.47497274197,2537924.3657631543
80179.864450761,5534676.613757474,971894.680711556,106280.02513207839,1271389.9748954885
1247974.0064322213,76381841.32884243,9963425.39520962,100975.34192506198,192649.20506791284
5384251.3796048425,104861.14418543718,163881.97362005807,187045.76512551922,1190687.5574336767
125725.74333315392,104642.00374154812,112430.37860492658,157261.41334347977,86974.87674173662
129933.9687550321,2814540.5003292286,258802.2460384983,104899.80010616801,107155.69503489688
5031170.6997403065,4654662.443405038,1905039.0410268346,97536.87680875466,1029632.9179318165
2466285.4691467644,3753284.045012412,50391035.636411145,133850.86036214468,1486401.9057109957
6878774.146591781,2638923.601830769,176419.68963960366,1236364.2864886161,73488.10213624043
4245651.459306448,3115372.3480050666,121261.92857783112,147714.95602060593,108189.493414298
991608.272655836,502959.4774314757,82738.28276397391,262259.02974262176,126016.7847226308
194552.70794007776,729861.6419251666,994035.5174257252,192328.4607572179,294858.86322631943
145778.8018655047,538012.9375980366,107775.58674415166,148170.66547244944,84224.99209794604
8558549.199062709,3206391.929241491,119500.71186130762,1365074.4072837303,85214.07799886707
1343592.3310497855,174082.6567267688,1465477.2388923906,1891414.6015495867,14550905.832929593
5671409.067068714,1891832.9799485914,1424161.4210843674,203285.9891926807,7548386.914772823
201221.01266633056,105217.04284644988,124712.05369863482,9164246.972330075,20610141.885322876
255885.49027252695,2072562.3970278422,116105.13884522644,2612818.842502743,93866.29200749201
206239.7865384536,120428.95805820075,169498.37180559014,824658.1699065854,273193.20586346585
,582782.3076714501,91133.06129826904,569731.403642921,52165.76304233933
,1725307.452817048,273031.95203956246,555505.4610714542,104984.71815523555
,1024293.2962906573,376055.2589580207,1249355.4557715626,1733929.1703596166
,92415.49200770451,334310.16787020926,638060.5002558585,119234.48674304129
,291478.4551266412,735785.1185458234,374452.2497709406,1715341.7330504805
,111226.02874762997,400609.9539867108,460453.6367363492,176482.16646180095
,66524.6459489082,444555.5606344963,1882941.913154798,119799.29276615006
,846790.537466807,3867159.96131461,502968.1258143862,114101.38168861179
,179082.7792196546,101892.81921914627,131277.77501739387,189736.48041614634
,1667794.347505434,127988.79684392043,96353.48093635878,120530.9073072784
,196747.55966739528,159168.8756619427,321187.1183267197,92421.42760037555
,152620.28190906168,6780168.348728637,302859.22236052237,154468.5547151649
,694140.8738311308,714495.8803089798,2213297.5859369077,939686.1200502429
,214706.68835430537,217256.9090398654,,899509.4794906965
,372637.32626508514,141967.17973972275,,80593.43284763258
,5011424.833487596,142874.45759993963,,2714205.337233709
,13333235.548854271,149233.82463234797,,61741258.96894676
,478027.5694161886,2166192.148262577,,125188.79570349026
,370343.2496450424,188796.23742938344,,4003593.9414204895
,479689.5592192706,514927.4924083916,,
,344881.49414933374,123674.33982943353,,
,406433.06641642156,83926.34395342921,,
,263315.0063149644,117137.89948066011,,
,234624.953256434,705310.099291543,,
,376968.54674813175,480576.53651365876,,
,216244.16758613515,100857.78650632076,,
,103271.36173339885,1024677.636934195,,
,108834.57387308637,1207950.9498670674,,
,56502.27253732594,85171.41629265451,,
,52906.0470128888,132230.8370107626,,
,50068.17274782134,1630838.5462026391,,
,218036660.49855748,148594.24390060286,,
,250460.67272570782,116983.90391040845,,
,463500.40100845287,117847.77818140975,,
,3349958.9487454602,450179.27121990727,,
,240094.09265960392,151157.82776077648,,
,772491.4913172642,495018.45566816605,,
,2091661.185191339,216018.94225122267,,
,2409394.8380075484,2270266.6222947105,,
,467694.18541024684,105977.73164155259,,
,327218.07475852093,285770.699826104,,
,73044.60128920621,996594.4543086718,,
,78081.74902323735,161957.68769968924,,
,3128519.1218529614,249964.8703409406,,
,473791.0186134361,292321.49782350933,,
,138999.29467905176,425776.9156471352,,
,51431.05149958158,,,
,1914985.8833455406,,,
,74136.43105598155,,,
,1936052.259395317,,,
,57453.362027237396,,,
,1443127.7630808947,,,
,78210.20518111154,,,
,117861.01466685512,,,
,3123088.6265492965,,,
,1506371.7467627544,,,
,89913111.489845,,,
,116387.63133744514,,,
,143288.200306537,,,
,69127580.96411803,,,
,75007316.07867466,,,
,1138230.6112321455,,,
,189951.2919050465,,,
,327772.9939847617,,,
,211046.8341400187,,,
,569704.4258940464,,,
,397248.66610076407,,,
,5094750.248081401,,,
,603712.9329863231,,,
,734103.9008266061,,,
