varianceSvrg0,varianceSvrg1,varianceSvrg2,varianceSvrg3,varianceSvrg4
769.3936791384966,423895.0049200053,630490.5815987706,481583.2173143316,264786.1994512091
1443.929700063025,423671.97836424765,630933.4598297848,482097.9211943688,265010.42587322934
1456.312999250621,425777.31065368373,630064.9366631464,481626.36708957225,266355.411782255
2076.3296138816136,423167.8882822221,630944.0043319012,481748.5807519816,268079.04926672555
6802.750775729035,423564.246237516,630370.5494837064,481846.4819722216,266921.52697723545
61833.90245521789,425971.2338581764,688420.2565477258,482167.88317760197,268224.49850565364
7546.384482835152,438410.395355966,633528.0291998917,481870.9582362908,271982.1695728002
6143.001789218733,434970.4669366582,632702.8736962399,481762.4062239396,276724.6571975391
25344.246062490285,427570.8238230965,645571.1146762363,481875.5075499335,267047.0224479697
23790.064865583827,3305.432145141115,8061.282504367718,681.9686314779644,8735.14784815367
19982.877506283894,4182.6893159612955,7456.06760230851,1769.2089684024943,14240.523679668268
32171.81572583815,46439.987805404744,13475.199160728647,3906.599918521998,6239.23070738845
65098.59426006941,9367.344005140438,23106.603908011763,1772.2701384465631,6323.407384588238
19437.998102647318,20135.011941279477,17415.567155743203,31694.69122287614,22088.910444040244
94782.18301575846,8982.165719217748,22931.36275543634,11481.000591793836,10026.786905649917
43961.57576932374,6174.481103632579,29923.75098322152,8448.291108029029,65975.79663885971
22202.53589771127,63400.12450137714,85772.60149645465,7149.0058137002,7715.456414604992
84429.78371416968,42221.848217056184,59182.71996425798,7870.603339539484,7345.95332738252
99886.42336483503,7053.491726868207,26315.241185999563,24431.88310480187,7809.95549176998
731409.9382524268,8361.597296647806,60358.768102470465,52379.80283548411,21070.295345357154
136650.74094222183,10120.761614134874,26797.991327612108,50989.27332839479,37748.19839473638
159402.13089039194,10178.805654220943,51490.94972150755,42354.51084020173,174007.21697843645
420013.64058535954,12607.177676749581,150890.41003054118,31666.81870322361,91987.23593545624
427878.5610539905,15094.882720099107,86425.40445266498,31219.36673243524,81200.3778269996
311981.4087481668,43433.58719117961,120390.4486474175,24001.435883111586,100481.3391024654
1184164.4046622366,27253.30435947149,652570.2513745809,34569.59281966793,264790.3844521891
346493.6512210633,36809.16302424764,295013.40222504496,108455.20815722796,253415.60978763626
4546507.933247668,55575.7543975198,257581.10775930434,171757.70251158072,279511.86450133054
2535282.773668303,53040.06967050921,336198.59948956553,81744.09347021401,188934.74504111407
20885671.51218932,43507.86952257244,187293.52572728228,202269.4787675062,4737440.299875706
2023043.0131063466,115388.76560416537,1128834.2571215825,690629.2691815172,4104118.723566874
1266254.20441364,303569.141745107,1018240.0898855764,169668.95418926657,1038347.0065744541
863987.0753188556,356960.4846320022,640803.926451676,324444.2303105623,1127550.5404060595
1493689.7658208464,336638.3147349909,582770.9123566207,497256.40620996023,2269393.143491806
3025821.0397249437,633048.5832607497,1039152.7622961199,435707.0850765752,855622.19865214
2170052.4373340844,367642.8955711533,1219534.0223400453,622301.0256675726,1334387.4647011217
41864224.25116596,1266433.3055072255,2113902.9575457703,754623.5872098194,1207906.1594080112
4141653.0137333833,3288777.3715484785,3033662.1971885087,16903189.52192103,490920.8605947226
3207126.867614488,831744.329478515,27260862.192783587,692685.6252164617,1642306.1558167548
6978412.934328925,2476224.77013998,2117157.9858077765,851811.674656882,1328523.99143922
2923104.6958667403,968017.4507405173,1290216.5289058741,654735.2345356264,14674818.546399921
41191112.093289346,4089295.746050538,66066408.62192657,1917749.3364219365,1047315.1944889987
14524891.667591235,1041307.2473955742,4290664.001416471,1470905.6166929444,6864778.1115092505
14054426.587517649,2518568.536224306,2086901.7236886038,3051931.604779926,4111964.7712438297
3546974.929839477,2056837.5675664714,2578469.1932659238,2182786.009111676,2316170.4042308554
4649424.185944686,1000569.9255472196,12158719.542634355,2173148.2372847656,1028748.2929050231
3159766.1480285944,1833718.3153240532,11123383.743544783,3359793.7319994504,2608753.58505407
6658445.0181916645,1461363.2136500916,3031089.1775705772,7053270.152138414,10371352.733689316
5858753.983666183,1350764.3843201394,4168279.237040137,4940830.791000823,10477833.201341227
3081492.1210525073,1951025.867535717,8281003.320425888,4409000.400066058,2931865.322504365
4577162.089093036,4438257.401749469,19510715335.906937,4569214.1692453595,2066857.4230931466
6477543.577568162,3845974.7377726524,3324015.86959913,5341587.789861744,2860337.0678688795
2612147.171230757,6990745.447891875,10558691.640258934,5161725.168973985,44929667.73270877
3184515.611002961,2770214.8128343867,18901706.765014045,22628973.797748175,2315418.9220112404
7542402.554506485,10073087.20099933,9067905.356297122,16925316.838742822,35669874.89502766
7770866.381220397,4628895.142604231,13361729.132802367,26806357.120348394,3718687.5451619173
12198469.23282298,9853631.445592605,13217683.455156911,11346632.824000614,3037902.007781194
9567475.380369568,3575243.246500912,5073890.953708855,7210014.255547704,5033329.524502118
9111963.628383458,19275589.933623586,9116436.327148695,9860698.49001984,98833618.49077545
157581332.92426467,5920549.625546503,524277398.28271914,6274363.612648011,238440784.1125312
825384520.9603608,4278469.705957927,16788034.513801433,19681340.097189777,8454187.73898905
8715886.09231472,5139165.200090409,7120919.807022883,6081694.822811282,8520565.651135873
6300903.534675559,4677431.576930979,13481242.645177742,3557625.6616616584,52854278.0261179
14151041.371349089,6509473.334790587,5856712.7390307905,8327706.406955452,5369912.401089874
6788359.731494946,9876321.315199615,105576461.50256364,4485711.748153047,7916949.719716815
9431865.332714403,7348596.710805818,30832115.71619817,64345279.60273141,3937222.2393011767
13129464.506865252,19330927.972105213,194662130.64835414,10414679.423520915,4233032.423272498
74051412.6252786,168040123.40104365,14251286.090721376,4067022.768642839,19960231.683651656
10171377.469188247,8622204.893303433,9171231.227339238,220796957.55302083,60583661.04328835
8935160.343910055,10868435.959614227,13668296.368666492,3933723.618137085,1260598545.5848544
4120644.8031774326,131148808.51479936,9643354.865525978,131038127.5558765,10778776.992547669
7235742.895498551,12583860.032964211,5250825.302614173,12196832.849646933,22643611.30803646
4318455.860281529,16516957.714840759,10541343.449748565,11371464.62613174,5809374.54601546
3993016.85154154,4735039.738329778,6150818.766086114,8833237.290734073,5139276.751032874
12253142.27916542,17495357.81517735,21949463.415767215,27173904.85019169,13071758.657940825
48069373.6001271,8867380.128891256,6024257.815794692,4857578.900717156,13955348.145383796
5170068.187763377,11678443.959279958,4617455.228325052,5606784.2453026725,3548221.835919479
11944122.210541388,12929067.3491894,6431229.148396786,16540120.030354995,5739410.8574765725
7193719.282735085,5812547.516991185,4812793.054250517,22394242.58736125,30157945.4434763
22626749.068096302,12422708.948121447,7248002.064412441,4163667.1289167525,82974687.60324445
583637844.2604356,7245737.797819183,4828976.755808014,5202204.212954538,3688325.285991673
8924882.76427213,20079149.72957336,8237106.08640758,3517361.8260501614,11895241.294739246
33634102.99202185,6368498.492329354,4712464.620031111,3068177.7755559175,12046927.682989698
27360539.90413478,9136540.622959979,15394166.5714466,7837025.2950139865,5995965.890682584
604590.0830907971,3004418.6977755493,2939016.8910966,10577517.471773874,5623577.126123252
1445703.212900748,3889385.5787292854,5780124035.7571945,488601776.9335971,9633239.002647698
428105.92625172355,3894646.8182379087,9708430.070499336,758125102.6588316,2871284.667497931
851939.9712718084,4849940.547546339,44560420.4254527,7722151.386117437,3394039.7779680216
3284037.4852615288,16551431.095452439,2671489.330531149,8872332.951241687,576799.547276756
331737.49166760885,3647883.2931325063,1051756.6824185841,6296061.648740424,4378902.606706092
1223264.6560060172,3737082.4687782996,1352833.3790330056,10522441.708155176,2943601.4259086936
238212.5174489477,6609078.738612224,2255751.7714458383,217088.10398850025,938088.1217001549
211219.69971256,10617139.199826073,531027.6193494946,257227.11905059195,11354761.338363573
681666.3586066229,7077108.92208872,4694346.19119091,161106.8556769312,9522453.569057286
219499.31233679794,3653010.9443931915,6012588.298532691,201951.00647943883,8884653.814895378
346620.201567664,13817932.304004459,972230.8536922872,221887.54764201405,15165769.466354188
221952.71906944283,4319481.110577022,1889785.7329250895,1299243.8843132611,7582897.707841213
200080.0445904232,3224123.756014445,820484.5886741735,4755449.067148037,35481450111.14194
1976827.9553604044,3992977.2605432207,690868.2128825189,131064.9689216004,12523433.45807719
146685.0235189692,3507723.6636931817,2845592.743220354,312536.8262337598,9443616.933906682
1234883.3852280614,4725679.170500599,3287314.4415307865,128327.00709848502,25229392.844774954
422335.76405679435,53672152.05963572,803331.8435290465,1288262.4388892846,11904272.154362999
389703.21575951704,2009270.420106431,208925.45632755215,300610.7775462795,16908867.268104747
498610.52721439884,3351947.2442545947,176667.56313551078,311344.6046666076,279112525.88220006
2396513.4934662664,445476.2977610126,221232.94143583893,116029.57940215306,8415866.976545
148473.64374439744,1024535.3930458332,311998.3737851796,6288754.1709533185,5949578.6476156805
871417.3819069103,5010333.780397468,317650.41526517225,2857325.551607887,54856325.20091544
4064104.9086335115,460122.0775338779,9944524.40381779,18623779.29459241,3786488.618803253
276862.84194727713,1089225.1136102974,2511631.9726417717,24650344.588908773,3150412.1888757357
84842.79527193957,858716.3145514103,132020.3736900911,4341895.125989104,24253893.28596901
290194.7779155882,6045186.398821597,2455451.0701607205,2763232.189314778,7371920.93020122
1769112.406371983,2356381.4491817323,705364.8013632903,802946.2503033425,6505239.431778617
13140346.057238147,978033.4155932176,1230311.3934137302,586551.4302863793,789456.1299303072
16361428.036601096,698613.2788689865,340795.07696689677,293942.41265390604,372339.66342602484
3822520.0935651544,9083038.565584943,122782.12720010111,208068.84314579098,756377.9159289383
19823860.68906378,418546.743855924,442543.7006061056,2517674.981271178,449071.80116995785
579291.6887232488,442796.2297390848,346200.9042646836,4460728.180441972,438266.8098138548
800972.8337586959,8120528.7473653825,147074.98399289505,284914.7638750728,1063654.4851796466
604400.4855776511,10075749.398744024,1080104.3997165323,382833.3270547366,481345.3010477757
295042.4691990541,398270.20849695697,129000.35378165665,433017.33730344154,1653269.2504878393
14148489.607495602,644018.5255329789,148312.13416577558,476459.5492527399,2093788.7872891305
30922014.99995941,458141.138434817,1538311.8487815931,1543836.7176247276,908975.483653133
681071.602522383,2867790.6436990052,149987.70585801962,63639.812035476774,367554.61852710816
9603559.072862698,3358913.5247174078,129559.94656787308,110360.70378969502,357343.97159966
626280.9772841319,2043892.2743255245,309746.38913145853,2746915.8228166723,704924.9526250367
5810275.064907342,5524726.368404599,294116.94278064306,76004.65696211133,505351.67219501134
7492131.677040767,2618518.0659860577,545981.5608193625,776052.9492213299,1619371.5219509532
749321.0332622939,11658783.201544989,901910.737696916,3052082.742729768,380279.10581916914
839845.9557211063,1708576.0245930415,171869.65499455458,128756.20114831188,2609808.0910099912
18117117.180558667,2024990.236542176,1245568.958784956,474307.55174651695,1577058.8702918761
3088828.4074400472,1971409.628199435,154329.66085482953,320647.11815377383,1549157.7667035554
537803.7265577114,4278746.941408724,231834.6437193047,184011.16237658032,746138.6924541502
589503.8717467594,3438862.7008685423,10310903.472678201,592092.2184498641,5263555.889663829
17823649.736813,722987.9011133403,1311353.5530409147,45558058.687965944,2647339.7624396686
547663.9527491461,61625569.07956319,1020126.1323015476,171206.38386085423,4828732.141772814
567423.9993289178,896539.0993339552,2122919.2667591474,325749.78909424844,370162832.98707294
419913.0322085731,1071506.3730138533,12964513.15025654,263585.69192233396,244967.9765241354
498893.3239947113,885140.4082671886,1307317.7415422313,398237.7622134233,356708.9100653733
543155.5630829291,905138.4528919834,929154.3522760405,936178.4910530779,424944.70978428284
627887.367980405,1818558.7610631085,1062229.567375747,2771455.7373385145,10137608.519587057
572631.5889521417,198061.58759860933,1476821.342204416,374793.40251303726,325776.4224554829
1293837.462846429,611122.4862860043,7151770.606173543,10359927.392395351,619726.8383337515
175657146.56631714,1557967.539359265,1070829.1145484545,30628409.008886248,2224958.6546607576
164771.89300946437,219279.50495094433,1487572.6686714622,269801365.4188333,2618125.449985115
11837265.371577382,221609.09384211883,3594516.8221682375,629996.8314783974,3265180.3202489093
462728.22324275074,236648.10195844798,1179114.147726607,829699.2380338452,3043099.2636118624
335972.2722915055,283919.9483773291,35276731.09108195,2827220.7613676586,3119928.1883697375
141312.50718850445,853548.0221069932,95589.74899580625,2733145.7187818005,2370007.5084618567
266897.0151711366,7060946.792401213,499223.1654061105,1680910.7301947987,2905689.332990976
186216.22236780424,158281.05136151175,160113.29198503305,827340.3323001408,10801689.76153652
2099334.332885699,138684.44946942636,213880.12000004525,1343797.5340937315,3126284.3453435237
148924.80664964556,154288.17153139936,183463.43629313185,4215968.024260744,6074404.623627193
140074.37872371761,250252.83065380543,188181.44925001534,20995384.86366024,1183119.3922900138
96315.54247680125,169834.49553851303,180744.58455005713,1630018.8549587238,7008778.423835715
253424.7534710242,337063.9518945604,395002.4765075127,1678377.0019604927,805618.7038170078
34858715.171919666,228410.20334903942,239008.12243456062,2360407.941417333,746843.5489483944
145250.51116950234,369231.55126296496,334177.38233558636,1617226.8180401581,3545141.870754512
1967935.789696234,162544.08278041938,334030.3622150327,101413728.20634425,656163.193721135
9107322.992536468,204588.04109112037,278674.18216201395,1644562.4274964798,801354.9501526956
1407513.1328525764,81685.72545978439,3752669.316428834,1626173.402993273,641006.1846771949
2227975.864696332,190183.4827843149,1429212.8665189217,4458418.260606673,955597.614298394
1677480.0614939923,380859.5435466565,350075.302929845,188158.4058411072,258193.8672825867
1663551.7914724885,807194.145098781,10271527.241204035,3255935.7762304507,93227.71977511587
1881101.5053054558,1539268.7697188654,254399.91249791218,234488.16611836923,273615.7744131531
6459800.364965444,1529537.2506750254,11532134.552493386,230975.02362384836,135693.991650194
5000292.357342051,1377641.9418408768,348848.5946909884,226209.58285128186,403971.90433269396
677553.651942314,1535734.3174750207,198622.45776772164,281821.7446209975,396496.09917773376
584523.5464161832,2957508.394487719,12683168.038448226,372989.35937868373,300563.44024502096
737306.6292963623,1710417.042223557,16570022.692110538,235902.77143585586,342814.129982268
745411.292062018,1963893.9335993496,2860640.313105856,318203.8405801727,3271465.1186528206
4370364.676905546,2021449.0295527293,900704.4458570689,958314.0360227079,298712.46676861064
403238.8511329378,3747753.5760844755,817031.3068634558,59596.17945431355,339397.9308720689
187622.39199864998,315823.9492720373,795866.4001075194,516291.7855890578,519558.765663357
607866.3995643214,308098.8660816895,1029255.1538508654,302853.49551808176,470598.427459355
1102617.086325374,4178312.150655477,1144270.139303294,166979.12290620446,475450.7521793711
4248610.715130947,188541.31978072587,954040.8315989352,16845949.42555105,85348.03296300293
191268.63582442814,165461.69089199541,1079259.485645219,868214.0238991065,100272.17836432948
266324.2667510152,144274.67418408557,659290.892790712,512583.6273460837,161148.0194467153
113426.60066745375,137858.73535191244,103301.644741835,35284306.77384412,77738.36185435063
92037.3893565085,238772.0854886334,263110.45218727575,11132899.863677688,11246812.132410057
2036838.7349922531,161894.6429795259,297438.39256884926,232259.81686135608,94916.05079991593
102157.24975894856,245934.2118019475,166259.57097807998,10947332.787153605,931380.8552959679
239135.13317696808,485871.1891183979,420506.44163596677,112109936.96023878,690411.7232021497
262872.46910383634,137161.22703956638,8203895.55658301,8017832.206961905,239766.4184035728
111634.64319757759,75640.40861288797,339787.7792034095,8209386.218612349,253169.22844450703
181919.21544529212,6859251.701720565,728784.5739649605,23917382.1983538,744676.0292726821
7313357.307714292,2308889.898755256,658215.1951507302,11438952.129833557,77146302.27258362
9276610.082374703,153170.8054335482,24363143.579199106,12579260.566410728,75314652.1139023
111488.17574430763,348500.03910378646,844895.6303660196,12224812.957984526,5197634.109989016
313784.277397465,91215.40330575492,369112974.8517224,11288431.057625622,267156.4133838981
1098795.4979052285,152805.61404188644,10449511.249806713,12624454.0124213,481145.43960903405
2003105.0157280827,9204868.66758916,996342.2923183141,986902.8503106867,11255431.013246885
146587.7685588491,77584.79849667463,1867822.6792602297,873344.483009565,5696302.4831457725
15152987.38682103,572772.8042069682,1732727.337853489,762665.425240723,1622956.0713335746
33983098.57058838,329726.16440956877,4703306.364037611,795036.8143004575,6604486.902494537
5508707.227955164,434164.9800764343,7703246.667445144,815667.3300576282,3717301.2085556774
18883085.13383683,322425.85292568547,9405973.068998348,4239729.490166075,5085817.093422074
34274788.60464919,926845.4361965965,468973.3352498914,1903938.074855725,1000113.8869897637
1533478.317618165,344992.3290907936,208455.42143226374,1932559.971184492,952257.8592030406
600566.3756293567,603493.6178898901,186951.92435546842,472281.98765656486,6119447.941733002
1352369.0660535675,420336.2660398312,168749.1917003679,254281.58853860767,866417.4104516248
771235.9873593487,474374.05987338896,437131.48805187206,164309.85764513706,1369201.0599988946
655731.340942084,559340.3489952232,1077197.7485606214,183115.6345536408,1186159.203684655
619106.5408771306,2592438.4920752943,1112969.0393497073,351066.10032399185,818257.4550128657
636446.3440836037,142966.80812137373,33671651.66313824,160561.24365823474,719817.6631693642
1238323.7415983086,143176.89080175624,214059.24810009915,2520979.0705858483,735157.5907250674
785776.2873829379,280203.22623845027,1092117.4962481027,159337.35408343162,1432662.1177771825
367585.02767725225,124455.85716698485,98610.77715811436,214880.67373951394,767972.3044398266
617936.6357408335,173171.10706862758,298165.5536692392,357708.3301048854,744596.1196376027
356179.9142331454,248768.88714434137,565666.7307942085,336793.55401484534,101745.20100265529
1526165.8826600686,715319.7205871505,612465.4948973608,974520.6782211483,424296.8713422823
380705.76379593345,170163.9074944561,406499.46722188836,475478.78790424025,3891016.5347046657
607762.2718735273,272017.4093757936,2969396.5636716243,1217108.3025405367,192816.30711071286
98793.59875104624,390350.6304222218,17927902.027101666,771964.1011729875,270575.652498545
97357.52756989456,207063.8034432833,662641.0622339804,395597.1645616802,224102.07688773237
25669399.455976326,215955.11240522657,627463.7001402271,2715781.2011820152,254079.37491899898
760933.435312659,1055183.4706428172,797870.5213804563,572228.6604263793,601047.2265331963
74012.81439370579,139432.25227819098,992975.9982374918,804235.859571127,251623.16572545317
58948978.88974707,104219.08499241239,644231.6550785262,897157.2687349359,4690082.460734038
92454.72350069901,504090.60608033894,955994.2833932429,370780.35492596444,201920.92748335894
186346.3969190044,6271249.6622054875,747260.5732883019,672751.2019545559,20653288.718093604
286210.24310494575,199254.21108605573,3611263.930759852,218179.7221113549,93417.73814385389
4282495.790436873,137778.30379520694,809210.6205875471,251590.21243580146,340916.68896307715
1658689.1863520744,476223.7246982126,638491.6469074653,319869.95268390735,128188.24914758581
170458.00513552633,271977.06974970916,1959447.3594416392,419513.1799899295,449282042.04797107
169342.24084945733,486912.0951110661,131324.7845177073,317245.447874559,83370.40305654309
396085.4002145241,894215.6575242436,921205.1161360461,262364.19235944527,105636.32862444637
383625.3787484177,136608.77763900065,98651.36113635157,256817.3237775166,808201.8570863248
1940887.0660688987,293133.574301611,1653205.059925416,281904.82952148723,1039097.5345227892
383531.9825505216,1309819.8756073632,1056029.9972508643,556919.7938536259,3954632.3151095575
447840.9424708617,140694.83912892002,58339.090143914575,13049548.812520158,1450751.8782583487
351532.1167176101,20737169.36311656,86418.15492451696,7075417.181799854,1144413.979132805
381352.811263563,340343.1133448863,141665.95483144082,4145744.0236993157,1706855.601154097
589193.1624208534,516659.9064704963,128156.83340347918,5051888.154649638,1329316.2331328304
485708.7492699497,711151.2199244164,82057.25735287445,5452112.478447752,63043998.74715863
169837.7352575811,375525.94571554364,181605.8626733576,16255154.384296453,285643732.46275586
160970.88136681225,289216.41125017306,7997542.415895613,51403551.193830885,6836705.713417287
188571.09704879095,286604.65703127417,97114.36500031254,1104793.5824858379,1508340.5026482365
409325.8203032848,366166.9375631129,1593167.6940484305,1318030.9957521702,320572.09495337313
168937.22775934378,313883.10566993966,407893.441057489,1473526.7281094114,514097.39510347694
990684.653806159,2948306.551912203,553714.5399974867,1116844.5306406957,436331.5641203689
1717374.4917117557,319742.5749078252,440735.46832139126,1225131.403896203,373815.36631139193
10716787.416074544,312746.68760414224,564562.4522611798,1703421.321959795,778431.2541613914
3523682.932568835,501360.679074146,471123.614769406,1308055.699841055,242243.33329467537
1815151.8597684419,689798.2932634664,412114.70617913944,1199431.1892657124,303576.6388783372
4436286.33650938,395236.96570790716,513438.69913813943,1225558.5362571427,164423.04628898803
9215791.093880737,14514456.50976264,858192.2308402775,318597.6132430468,128984.09030403214
742966.1172934548,1231855.6246223948,3510147.992314729,364176.3655792461,220705.22547912004
800678.9236644438,274042.3539844362,14568908.051774846,114423.50245542273,144350.36985852598
496386.03684215754,360177.53141738975,325642.45900454256,173361.8882865053,210237.3409669421
12381147.270510059,1159820.0222787221,356433.9454207141,1144036.9899718272,4485415.380665548
30320434.739074595,1492682029.0369306,9201906.443143185,581362.0801425262,237360.95557487378
951049.5118957973,4661921.049557612,172733.40842449537,1535757.7640285706,242514.0536624253
436987.2644741901,2881824.4083107347,199940.34363106955,598581.2601414879,467147.05245116923
306964.77084206056,85036.1102136897,373082.52825809317,1813087.0040660216,182013.03149458836
19981411.81043508,152960.54404082883,129629.46384170491,518470.7652946405,202815.18443949253
336058.92425044335,7190735.474370651,663902.7447464343,1179524.8691776705,349855.9923964769
7662355.707026929,3177460.4754941775,91885.27821111714,22116269.881381843,1594630.7109714064
16806525.61287544,9011433.560718175,78687.49108563906,1172816.4245579685,49520189.46389894
7778866.856314319,5419633.134651572,232102.29690089947,17845062.856998175,588947.7720954155
8518447.34801416,3413526.4657637835,34431.750423831865,33542611.604137823,95792011.53053963
9254307.52886735,4475682.346041601,132120.35474841678,18807324.09671176,1594071.540798767
7082432.067849726,3163225.311836119,5431088.076010709,20862559.626963396,1084034.9439829434
7198865.538769776,3432131.867419035,39966168.60653165,16743844.079628903,1158652.5119573323
11653213.471181937,3294985.979090187,19008217.6544806,20451313.42466876,990434.6838964077
7698226.836447097,284834.5354940799,12115713.718214381,18903543.974671137,2204543.1014120653
406434.689691812,446032.63472963416,18912450.123058774,7001691578.868039,2367930.361680633
284399.07901661535,489400.8657290588,183926.7391109938,20090437.416122045,1131532.0697089045
702037.1618445833,521873.2546696033,105328.16610552039,1121709.3480977975,1541641.1675733486
291015.2031488802,392108.0066861585,117554.03495686845,1573454.318432066,929685.6499730116
339982.0382236042,305077.9133295052,110802041.98327807,12835269.340037376,10256534.319758583
161535.68842943464,8789057.23138921,35845704.725400314,2793884.8046574444,1626395.6957704658
12993507.730001835,16136172861.851488,313609701.9488213,1598098.4884769304,225529.88552386803
1060125.968758184,2727803.7004973926,182918758.93086892,1512405.8522433396,443127.191318853
843887.2706286062,1169736.8148178533,19653892.67384598,2605854.9687639913,185952.47504572786
48068603.27110259,4102338.103761395,28237306.0433975,1618959.8939856382,378261.17866742704
11120276.995215744,1200519.1447982073,15600886.670767985,1300818.7086460493,305734.37026366586
2624420.805642169,968817.4925004282,13579276.258855492,4649623.860013766,736851.9571507794
2744630.164888948,3885069.7104808213,11594541.769397952,1657446.549978586,698638.4166283421
2835340.9038608246,1015889.3866610121,18387383.973285,1290974.4753606468,741284.7090429555
2661839.4142468637,1625178.0586087513,12276175.704733165,819732.7507270041,714276.4887745068
2670298.1127321776,7216823.022039022,1160495.3282502037,256970.82239175157,783668.9417573207
2784500.467321643,378554018.0471248,4962754.975315896,394020.4409677139,717938.511320527
2711858.198547109,40216403.40875312,1645343.4385942032,23313520.322490927,740646.413601199
2701568.1752336803,7097633.535783303,1180361.6503162512,17441648.883667782,732474.6070010399
2779435.1079140035,6744513.05319662,35704075.22348601,2548520.8168082465,818508.7489270491
112374.37795308129,6294191.474870446,510058.8929870256,1856564.3350607266,97351.0241186807
610128.6035875066,6300536.342372416,980725.2447504814,1769162.0486779772,121492.38113470977
553359.6102880728,6287086.908790465,732583.5467966369,2105586.29454798,170583.76720661946
376163.38253970986,57763258.44085726,709531.4122712433,2373336.123790497,7250462.7302590255
227918.088426562,5889778.262492547,488831.2213434564,14618208.70222666,349694.15756817756
8585662.139203556,713078.725536529,1091950.8530454163,2346359.5855077975,95444.62434732694
392595.7335042805,766011.0312470056,620944.125184974,1810871.0291438126,1331218.4738733277
364096.94719027344,756933.5220779957,465831.9387760529,2025268.4533647029,141353.8379391668
138738.2728361089,773479.5362627953,784417.5091399971,227152.6940494949,80936.83539974573
699041.8900701554,713408.395161092,418032.8790835783,247388.15655578012,885295.6475379019
203494.38351183044,989940.9348409248,522685.37611719826,406310.07317623356,1520824.6455716982
192131.5666500201,2929343.419231613,497705.15209574124,1703563.5920653797,29407219.033233993
247549.07218017054,2273510.358225733,1055196.3243537126,629994.4920182098,317868.7798374932
397921.5505841862,2421832.4535270054,621249.6855242837,658413.8284406018,55321201.87019062
388099.5822968307,2067019.653818037,911121.7280590682,552616.8175088677,100817.7707200294
394381.71108626213,2499585.8190149274,665630.6367344615,1712249.020421823,16276766.002609277
27400448.702245895,936003.018442035,442647.9634111253,716500.8077239166,2544629.2455248544
123803255.40426905,984638.8039319274,455575.5059204641,464925.02649218956,4751874.357079134
18608322.52038178,881937.4749729014,2413505.715348459,504503.20204417215,35000957.5648178
13145853.306855194,17138588.98546332,2538117.5075341985,541545.2120878303,1824918.8693858269
13438954.531296873,141724.14589864045,2521636.5961792306,882877.9891595205,27737231.29411669
13246274.215293918,376016.7962416219,2497894.9128985135,261912.0470000041,1988883.1826514888
13364224.334061485,592897.0400797016,2681827.4150899975,736675.0397832333,2482065.966193
15980700.74270781,223757.87106311732,2446418.712936246,160930.166776177,1576525.7705637594
13225778.007444654,293797.8728139262,2763980.875518949,6671642.983103276,1072396066.640891
13634296.816352498,304324.6510899155,5354063.36217707,2107906.8005410153,1583617.0973247287
13456140.010166917,134028.4495214573,3837079.3938391376,2012073.0964116035,1529172.5142523386
198365.90055654247,120668.21562421818,384487.389812346,2101045.287604485,3110239.147425685
163549.12320516098,224745.84768333682,377937.13782490016,2043523.422883562,9916446.901882302
4682503.718730463,187749.6641903494,1361030.542826521,2233167.5053380285,7666972.166084389
152544.39316602304,5723149.696628507,539754.7637613195,3720086.5233109826,207042.86810323232
738201.1158954467,138804.30476619778,373266.2905676952,3925217.8486378463,175702.85964537133
400147.945775229,114397.89438633558,395029.6407322141,2166279.5865064887,116936.00666844833
174415.7940217089,126519.98087428616,465661.02911087446,3691393.1319062733,129119.32986209478
673221.1743117991,161150.4988950662,381045.4895557657,825621.597861107,94718.52428171437
698831.8847326773,113839.11764053053,527353.9311140596,623533.1607212649,9026062.085806308
4044070.7801954476,249166.21845251138,178860.83887120525,521197.50265858235,680152.7060248251
13140780608.657644,6195461.138961931,190088.7772460533,627720.3956989009,738620.3478436016
5795709.887701001,1367676.7442472214,1136764.392459328,739347.4424182378,647790.0491243384
4324921.68294723,38121286.02601451,155940.70471877974,312275.641052822,776528.9400888972
3820154.6649196064,332595.6218400045,379010.14403331524,1959541.7921115025,656115.8056893694
3705749.755063045,4221946.9029627135,138877.69749982818,619750.2596680563,674044.0618894661
3811804.2137829848,6554883.194310608,2994602.0732850293,881718.3338841915,674436.241551755
3794183.327715638,4649920.787637306,2831335.175109812,832144.7703134365,661112.6449232103
4859198.283562157,4751175.927204901,14255209.02439495,397841.67543577624,301297.93152077956
160215.15292075847,5004938.158447756,27650823.31060508,415828.2691248872,222228.4564533002
319743.9744849334,6257322.8819531,508278.64273525716,398567.5483218329,280687.7865584033
534422.9845858486,4013547.525266002,382724.54158749373,424980.09257920244,1458979.7855256961
971859.1821209426,5111437.612766471,851904.471752432,808667.3480589986,2645371.063921648
696294.0646564179,3823764.2518225634,443710.0050675821,255319.97096388708,2260180.048268969
592997.7568849102,3324527.38740923,472065.4591218665,4684146.932490333,29674878.318142615
1608432.7749093107,252760.9343060387,1699267.7457568243,1688768.0601846292,9252960.659246355
1745350.3842299678,110657676.05972955,659589.2407398825,1642682.8563492934,3838781.586524285
135655.426845105,528018.0564454077,6212034.858958069,2584158.1224227785,2852470.9336405518
372985.16215159895,608669.5114561314,321877.2453929582,1691229.5095494455,5381082.247946714
206934.4979566657,375788.5176469145,1007612.453852466,1722954.9333604842,16875563.986534473
1711578.010801614,643077.1425975186,289895.5021126885,40805469.5702236,2696642.2565719984
403720.47989882214,1870033.763362349,2394683.7788655977,2364847.4610706307,2373877.8911308045
395038.67874264275,2210637.2012724676,284306.39513687085,246437.28191797028,7298971.186991279
819947.4840569663,550775.1177510767,3915652.590665331,332785.21624821355,2874771.515592537
922067.8203808028,572652.5403206211,8683481.609906718,1072125.7284388293,2517966.7749381876
613603.9548778438,663723.0203140136,5046181.371180813,838554.9477611206,790560.7900002695
1452114.3023269023,806894.1687148968,4113747.8197031,617690.9808784649,288341.26072893164
1013761.5599829474,1417669.8241561158,3096542.871724506,813503.0344900271,141781.0606358779
1194319.417741233,601955.4887459441,3758795.606079215,1338302.814481225,553391.0467181534
40948934.70418141,1025362.088167212,3206967.824993963,627777.5873336401,610339.8729102623
7288199.210287886,538068.7048194013,3722574.4746575076,687019.1051033628,873075.8508350176
7349369.234265053,2986724.171479505,3024397.230593792,1837544425.0126052,587285.8958276479
45323289.76143704,654936.1519366608,3691380.8300224394,947866.9921431872,1044028.4410452438
3136741.546285791,125272.59122706484,44321268.63125673,677244.2922105007,767130.500752507
2883698.5942659015,275466.0362502179,14906070.849416833,297988.1947847994,11727407.783740122
3280844.2866035607,141640.97887307047,485273.48483478907,395615.69406576233,644763.183729847
14887234.476397287,256044.66279639982,242157.22943154845,1098518.7273485614,250071.4475098269
2893250.1977459546,262740.8853281862,165455.5499820756,1736308.355603044,178909.99267639808
3645487.919086324,274918.59323701524,143658.1619218753,1385400.2676529456,751641.5480713283
2937295.2428757604,225940.5501732143,766233.4646657888,17639236.0381499,12419988.592964001
2987324.7732327767,2265808.6464172653,179970.06510749517,1441612.205182982,5238752.116046025
4030473.023803167,287133.90560198185,228108.63191341382,198067.62283658108,3535497.3422629833
685989.0590044349,248206.68612612385,939444.0474881728,138368.49134839277,10458696.916779302
299008.35540657013,211185.38999994844,878368.9440805854,144765.39727459257,3870023.87615119
5967414.663761173,191397.68949826056,240157.03172361583,170629.03183455032,253229552.23311067
347726.1375721863,574076.4902565562,818899.1092631016,587374.431348901,7542800.462964133
337081.34789359855,204414.80446935288,169121.8056979467,407060.2823468234,3095843.135883251
54514013.965124205,40462766.44389391,471319.63267144863,1329668.5216639368,3207541.771184258
703910.8208024364,31653519.818333365,249791.81010259473,557383.7111587505,3031855.484082247
428296.9261377662,11020634.286427952,1378051.0531128796,2320487.1704061353,702399.6551320563
308008.4885086587,7169214.234644465,505398.841329203,4951875.370414916,10185174.97185063
181886.0843999029,8686536.864931483,230870.10237151475,5303851.591224168,635796.3791000859
407866.854757383,229482452.67931342,251296.2676671837,4837169.911555791,3744629.801999856
453894.7980571894,8876951.923757778,63275937.582486354,4538350.438968991,622533.6117949004
235443.93527252035,7688991.044608823,3956546.0670342846,5962264.0694793,560404.9772155191
534224.284565643,7672299.32705845,4214981.370034441,4430464.641288392,559630.6453760334
612600.3111188468,12601610.325213213,3065484.041248467,4421651.191873378,953679.3281739878
506036.50770583656,5932892.808225251,3070402.095630154,5763533.063238688,143330.55695272502
588261.2865848616,455307.21317024715,2775436.2315910636,4463200.452870816,222476.72926395148
507073.03432153584,510730.6865728063,3084087.845612284,535076.1905241123,186461.64462989397
6670138.455540178,1106958.2477890332,4069372.0038496973,185251.44473025473,2125965.4208300286
7763607.986416459,462405.63160702866,4041420.604664229,326436.12937870657,224007.01040595
640354.5131825209,807930.1927170818,2757940.1702553267,129633.54792235768,432402.74283306743
535302.7215533447,2679401.067092154,533594.5823498169,702541.609062813,417946431.83859944
449212.7794694874,1933968.7419568799,732233.287939732,663807.8537801126,19907294.908759113
444441.20909454545,1786055.066641238,645778.2836936328,826832.7340730265,38966001.142331526
21065100.986784216,6338974.476913331,794031.7285281066,892243.8352069523,15114356.977951482
13858717.409462836,166868.6996730777,916562.4964719593,1142331.6542554982,13678276.029685952
12555685.550257297,207868.09191219072,492414.42866514594,29676638.13390114,12765755.309814885
41260650.97464691,870620.1325533569,1585044.9249986764,33224708.20344276,2747519077.5333147
12263813.585714523,1486721.3069590726,894154.1906591201,1056706.3019984225,49185075.015999265
12191107.365822148,361803.5950552511,414671.01756385976,23296463.629421223,12686441.913460955
10959922.355809055,304614.18881680345,20088723.043275274,2230001.466822477,1190051.6069658764
11417027.210081004,1536649.2235998136,885864.1993349324,2719250.219772357,1087668.2927892746
11927482.100743394,4049290.5199648077,831249.7387949002,3256217.349227436,4314219.19828588
21485877.057640396,739063.4748904617,807290.2046086913,2889537.5182323796,280445.0371754478
1643332.0043799556,170836.27555032296,18819701.627304908,2417281.765108478,667067.6417456388
282956.1997550176,248145.88650079683,1331077.1492311463,2408172.8985389313,139917.6593546042
548976.389165528,210583.48609908563,1231749.4301173906,3123325.4014097517,731068.074659426
2310539.424128681,2810826.9016872677,990713.2925641036,2584204.085715012,302033.6559185881
370246.3087962369,201332.02839111123,815817.0889566921,6398316037.276606,926262.0721328601
434516.17250964843,93812.30708960665,1101998.7080963003,834096.6073942909,801244.3598609662
305896.65472189686,204404.45863254677,92672.44190971718,282121.6378603079,314573.9206776444
273749.59279313375,189808.26284504624,63543.05386360098,1178517.114603063,918159.3994514829
359168.54500539054,348872.17206687276,378999.93090583116,558498.8743349813,1635609.5878967969
556282.93376468,13263231.495074531,6390008.99376443,443728.82248270285,11192615.152033426
742295.0610672006,252343.31172451912,11736609.219507936,724946.7062402866,155890.7401522812
256409.24303825575,774950.7425901839,46707527.3721917,379109.6272815678,1019167.6724624232
825722.1177341719,696728.1612063067,1165281.9320153045,1932214.7585669043,127375.42597564193
19019269.466557823,333348.3484718018,1193086.2942438175,2091144.9416415764,24944874.21136389
362757.9078624271,334595.11782781046,1379197.292557986,10646343.3118583,32779089.252716944
389750.855326935,569635.2925546239,17446606.682063762,1495695.5179637454,445730.68672880816
861838.7084749833,636594.8537970358,1746480.365683735,1349694.7799336603,540806.5512806778
553032.8045638124,224693.61855468407,2837626.173203786,1109314.323745001,670912.2178439948
478524.12986303924,306048.56357629976,1808628.3000003956,1216524.638105229,746294.6880408567
577151.5136373283,125129.90463598022,1314345.4551270134,5518643.91524823,674405.2239785048
299893.68936139904,1791551.0954499645,1869593.6457919178,2930376.8458719067,249868.52049292304
1478729.2920251573,228111.39820811828,366257.1098971234,1095574.742772449,64353891.171580076
1472636.2409608522,1751645.660677077,1004564.9731864268,1123604.8186503476,154686.2992497544
1252941.2237655777,1053960.7528098181,553590.6786186764,570760.5021318217,155287.4546473412
1193081.3666928306,89051.46975078025,1476728.633922666,475455.02936655073,264816.7069774884
1218569.264403851,137747.68181384745,1500662.2246703384,403129.55869391176,1627464.6827971248
1300989.2608790258,140289057.43014112,225561.26524440228,558646.2498680432,257224.6166447497
5670028.248758004,970935.779715998,187204.99397011616,407120.661801385,61889.85381547121
2418666.4252419574,757511.6590309124,158128.03607754572,562252.3458571773,7033703.60036739
1398797.7543126238,942227.7270082624,205354.96351150254,652165.6552287516,6685720.244730245
1097113.2463234917,341603.691022155,4350918.777050666,1352366.2205302697,6830825.962285096
332960.6582338272,268970.02719876886,221865.01362688266,679591.5301729109,6442707.669445973
2755917.7168578664,1471880.9226664952,260291.47199215853,825672.1435288449,6549581.490973918
659961.8349433026,187178.17605653874,39217255.47733623,3660027.308072692,6443897.61034376
947607.1751129831,122153.57608814527,225751.91723654795,778569.1665814442,698800039.7369289
528786.676806921,98450.2830866936,8873326.906887785,604743.7539333871,54211477.047501765
636728.0781060047,141896.77468510304,374541.78109709045,1061859.9488963878,7019907.377432669
636270.0705432305,117173.66042669599,1500424.7968270076,2534476.8218078096,32465886.68088552
363475.71557631355,5236995.467857034,175899674.50009426,1698551.2319330582,418595.5415229727
401780.50001995696,57684875.9135793,318796.56409304496,2344793.258061163,505378.3368667625
1089273.0462168967,444980.8604587193,569812.3872408808,1597391.091395211,398739.21886217885
62204189.130149156,166600.95838407855,101161153.00836334,489039.384791226,426496.17664486467
934446.4595831612,4809263.661194337,624878.0404172023,606093.9673485429,389576.803494883
18188950.39551145,82864.70294447751,629104.7480571552,509223.77003165963,3711963.2584323254
899520.2992370215,418498.01107415714,474544.2831614741,859153.6986074403,29426914.095210053
2452190.9706837633,213587.14518349976,161879.77126301164,770860.2003116951,8428275.108564416
303493.17719125486,5641748.840558623,316863616.63268596,1219753.7763536773,8146582.834424166
154349.7195923009,424706.5335177569,189069.9451133196,769301.8168380253,8042195.02496375
200390.1482302603,221429.082848361,1057693.9202233339,1141663.6813102886,7859829.331390684
24215114.80532314,20086245.824965198,182135.80600363304,1026719.7595835808,15908516.078273524
15630191.85347661,19226728.27762533,895640.2414958661,85638160.10121763,8643146.79881751
22560612303.118538,65940.28814283774,365266.82584120176,4802766.564993833,7696808.675285265
16698311.494105134,7604524.011916555,3986722.4339000313,472988.5787123874,8243093.564777461
14408684.203476682,276192.3714618842,2102362.9842666797,20432797.832097836,7686332.650315779
14218980.963268738,154691.00289457547,158732.20038619812,695401.9997298305,280507.98867503623
17472893.124181613,198932.90291414075,789734.8210899616,1874935.071688586,310781.5433519947
39553236.343139015,332916.0399986739,653929.3383226298,314697.4798374929,241740.32469981996
15116216.912379935,649412.5677845336,6026397.644012881,326219.6422694026,260447.18693649792
1165433.180543064,521719.4085997691,208363.9213666853,448047.94237738824,329865.342825386
7847857.147306589,317764.9742280387,132599.78176605958,215920.05163988195,610731.5043191515
855157.2117845545,378173.6087552057,147945.3806321596,273302.4541220005,195575.13595005553
623867.7241016112,461616.9488503585,177563.8431068695,244854.9753592161,255417.42637342206
699993.3157155997,7076418.610883368,373165.1794020931,112747.01530892265,168929.1543001562
526844.8111896194,11141251.12172929,2134952.4706164105,238029.71941232623,281130.7092816354
624743.9946542572,571025.2298746081,16797582.590764437,251069.5272483157,758028.0314269431
527048.8338360945,703932.0668441674,1571831.629556722,269595.7827364531,144818.05138449094
497416.2973398027,176681.35534839355,67789341.6525294,374759.24230167025,913187.6289196389
468992.3154814032,503567.3648843657,1252665.426039884,3322146.8622673103,365997.8346323895
437161.70301339636,216885.46370237757,1191261.2255178553,647946.5991480044,146762.20588224672
223685.54633255408,253449.24981443642,1229925.8639472649,5913644.802516416,684939.6882490595
31818101.99701778,186236.3973056896,1749016.25421858,290906.166150427,182600.0656751868
232553.74179573928,487147.2094130987,483117298.2294089,378690.2960988821,129424.45565484055
363126.0564802767,505534.4335363856,2189381.4252706626,537886.1472431428,123675.63939838867
157070.42879464471,1031713.260845995,1669352.8446073981,797141.6586567746,675212.9634265478
158978.13148250434,409833.3702650034,735346.0959274942,648177.797120135,216265.60498019264
204555.11991792545,284643.73039489705,249782.1100267646,500724.047389503,154921.85585967512
186734.12020704383,1237641.494729698,508571.58767564635,5176422.596748708,20330347.62288866
7030877.716019272,1428929.2431245507,303387.5104227809,490031.9017908227,939270.5551526186
43068913.093934655,1341310.6338123376,838094.3416772916,414049.51617460203,484034.49349710613
64750298.84943682,1173416.708557431,33874113.04083423,796188.3172886968,17575684.580030747
115472396.77075586,2502487.3038984383,1902238.1090125246,224892.29493297444,409547.0988953587
98048240.7334203,2281718.7485986007,1170539.0909280225,502505.2680086025,217544.86820946445
42474683.18343788,2229952.0348474775,35463528.27317581,509814.2874310729,280011.20872260554
34286550.671682596,60207339.545985974,887232.4070439443,334016.3887270516,545707.2857473218
58273069.53221426,22314035.204724696,928016.5932504293,276891.39010638127,7556084.748578721
36592250.25806556,426986.74554517615,2277280232.951918,2142120.4176749834,11027629.890927278
445075201.7074954,5434653.907229535,1249899.0648485133,752917.8226605812,7711557.497432752
3858006.4080076534,542346.750094275,1993974.2599247084,741385.6534900634,7757082.552641166
11819660.657535382,4484546.632722872,29493449.474002764,576895.441125036,9493136.136260852
1095435.7286324736,191414.9948194265,1434125.8441493502,603639.1325281609,7684107.203430405
999226.0590535575,1306621.1765837234,385846.3343139533,653622.0286190336,7499001.167791416
1065368.1500628232,380670.5422609353,4264897.4559940975,958177.9523106077,8095022.828696961
1070153.1835869749,2669760.275573368,385998.4464787632,766343.1298230338,7499145.628513133
1133826.783021848,1708152.6785705464,233807.91170652397,1347880.1513083682,263433.19153436983
1661596.6818037725,3268043.38328196,514685.9524319772,655673.6809919849,182165.8726572394
1599559.6849112327,4945440.369382765,345505.70059185155,213839.1722243105,280900.17737427604
1427854.1540595326,2995062.809983112,1664034.152946787,678960.85981138,6894841.80394406
2877305.2442889707,14618802.607458279,1483099.8593617226,404142.05442365934,351817.8203194313
795593.889425574,2773062.405503867,10089413.962981395,3720914.1212800005,289583.8830559984
671692.2135165832,5041287.564667138,2626990.248469871,341512.3209391093,384064.3126721003
640763.3913279453,3278479.311962123,1857348.5109106528,1746283.1488760132,160535.2635602812
594168.9771512918,4666647.82519825,2041959.426893433,345162.5304441988,413674.78453372774
2779193.652134667,13289564.217431447,5193874.342471769,456027.5254090823,312596.771142086
640793.4258321308,14574409.10968805,2248947.740420662,411486.7500702223,148170.94309484214
10425756.31308748,1188960.6167100212,20422249.424510993,835558.3700429536,189670.98869462748
630579.9327111801,17528747.861325327,447094.34410927596,1780083.3739581497,375034.3710277381
22385409.39502767,5830243.217399092,395311.55196480587,698390.7688482148,372499.81398792565
194016040.27720872,11947000.584418401,329949.71652573027,635548.4061734544,167950.8655586595
131658.69680013735,4922457.55037628,404203.45466024656,551397.5559174411,356198.5916081994
1395994.270986162,4431496.187644279,441097.3773184534,419485.875671559,531751.6399103887
4221390.076190608,4439435.939681332,439447.43460785877,2307823.363898098,4272597.857598007
11292161.600158002,4349067.672229455,439121.45342235785,431025.5603246153,6368665.985726105
349226.2618090162,12097956.041323535,3492265.2253274424,467319.9905599285,57890846.36000236
259423.72630011194,4993100.573206498,1343297.7477911187,1102721.6525769876,34064235.588745125
1566487.795091846,3743057.857679826,337517.0955213649,675196.1998493825,3554224.7694168887
826279.3036846096,3286952.923604356,1398270.8158151023,989138.8911112243,1621553.915251858
635545.488343336,668759.9298724257,482742.7143921348,227270.3972851882,106543.58924483132
397908.0136630343,707956.2017341312,464335.6547200305,11001408.10052233,142814.47770258272
614612.6803668485,806888.0092466936,247710.7012603389,2199302.4308031495,193786.1577372986
458168.33872125554,973386.1974720629,555237.316807269,353530.59783889307,1379363.1977314341
484381.5337782231,563170.8736341104,6359361.055232063,12664906.574306302,851773.0785016846
18818627.363001283,1853094.0253372833,287943.0544124002,56389225.67503032,151880.381234817
270013.16732487077,722683.3742894399,330584.686311117,1069681.796601541,476361.60078545206
2707498.8527437346,292566.77313063235,81510158.29746607,710937.5170720625,703472.0835551784
805490.1890194925,178009.0843958189,4355325.473680062,2170600.1876902548,530818.3452772674
7377275.082987871,163131.69341441744,4532361.108353922,708507.2878905804,450237.42924424296
83992067.92439081,266039.72910816537,4430121.285432359,307255.3984915199,428811.8929306809
1482080.3971454008,820563.7386536421,5132466.772977469,1073567.2179903425,494778.6049190211
1559944.9519134564,771691.9023657332,7288498.970429644,721455.3930168593,516068.10117290594
1646719.032981359,7411130.731445268,20177499.220992424,408926.90417870187,96347406.31205332
13788550.164797233,5273738.924542505,5845290.231258806,480079.7565028703,425511.25302153855
527340056.7104646,3990453.831990964,4744881.01522137,2311316.9104256025,510696.269426028
3666793.4302971396,7340214.302287668,4863158.452932226,569163.5948491893,284662.693117121
2992435.27555608,1667632.5024059687,3177612.768373086,3488123.680364043,404171.93091689306
2101850.8211585307,1722714.5344031826,39183025.449290514,214005.54083850724,11467494.983408254
4095339.601609365,33990701.122249275,4831273.988774947,641254.0440551073,62643725.02066209
4180305.0435355236,82339167.28156945,6723659.48738491,23841693.377304547,1000511.4945482383
265063.1419057651,221381.2803642584,2197106.491371695,809353.3189280829,958476.9750785079
1049674.7332816517,406525.7208313043,2449267.434559933,449992.810735723,946480.3757633186
1784994.3818349931,171808.19731042912,2282444.135050904,219070.5894896648,879497.7736173866
362982.4868466002,5775838.566556459,2136201.382643953,98039.48677662345,1183226.450401195
3094726.0678327265,497183.8360765114,2464314.6874985495,252030.26014132277,1230717.5502968333
480195.40808397846,242732.93533677678,41171401.41839403,12583555.37667878,1289275.2587928153
371288.00996330846,509275.0521205616,21401362.26229648,92169.84463393866,1360123.694950274
2817715.3839794127,1403072.4323415319,361735.6292797362,961497.3496809315,1248746.2752088418
49219785.07252336,1800076.7706135265,317724.592188316,135439.86996529796,342174.2005682962
19945492.735339165,1636480.290832395,523170.2693086906,113723288.35005519,605149.6134361464
16316903.663670868,68810026.41026269,1281285.4734232654,5704554.771203555,205436638.9538476
2786705.022130678,199756.26247759542,10863705.178607402,6556718.972153289,614997.0103567659
281052362.1694747,205363.7701578157,9269105.613711733,29991333.019659467,601679.555460523
3157520.07690477,256054.0175105717,5865484.361510413,5341443.63381561,362646.69899579627
3125856.7371351067,256148.95762029535,15275645.168119192,14228170.732227715,364176.3642101096
3703792.803404476,8410719.006260015,11521573.649024703,5886448.244361283,346835.1013745406
8832967.064595304,42920607.880420834,1369739963.7080069,5581588.550628271,128020364.3541774
2524183.655138062,86057396.11351503,5524264.843776801,5374962.901372446,471064.7357022682
2483516.6014388055,15963278.50190435,6751780.2096671965,6001279.547698161,119905.83150887255
1380147.4467794937,603930.6871585303,5035130.636417835,482854.1998234651,1677306.9360219468
977342.5206261079,549899.7474947711,28499520.220898557,345008.26365123974,4219770.839259212
1073148.7791878553,37181765.20124305,4487595.717444263,456193.8481719296,2513836.7201617565
960931.8862778596,455862.00071347423,431526.3692690311,434091.71311373037,1635192.2565398263
1923052.5231622567,483212.6662939595,541399.7673402042,576309.3431522519,1744142.464572968
1881860.8570628504,146397376.84012508,923204.6006563796,382439.98719002487,1965275.4415919255
807719899.6686431,473707.0661440151,7720583.35128845,841324.3548865548,2138765.9988893154
542313.4748359551,569793.4444556822,5479253.237025026,1114490.5344210938,4996561.3249450475
468837.30607713055,193138.30291156797,214463.080202614,1514377.7744790886,3718742.1738072606
3554446.349804792,242116.84544009864,129745700.07215655,1936618.603578866,393493.9957467087
1577484.5018007099,535891.8820348,784915.9266093879,597197.8968746903,357572.45398996916
3523336.8977570217,2532559.7488215854,10990785.478188777,948960.9163353296,52113784.268701725
4060683.6221320285,416940.79592433287,2158867.765698778,1379336.0902483573,1164096.4306811325
3854732.42494393,356885.2630934261,3633417.7093279315,16332054.256013773,1156449.5833120965
3540895.3837012285,198544.21145955083,2166236.96697283,584584.0460067734,1137863.6867574635
3921524.1524768006,6549942.535450397,40416366.012345605,746055.7186912694,8206260.357067529
5704834.271162812,640511.1427947698,2046440.397788122,603341.146375221,1016242.8682033787
3963250.2011446506,11459966.304433364,2243635.312360293,1508773.2163185487,1631452.9136898664
3776003.014989661,12996473.678598564,3512130.393929762,572330.3832507007,1025126.2055504868
4371416.587386409,7272593.555983047,3644616.8395714727,91224162.72366947,3366496.3485792107
8177050.379899258,9674580.19364328,623909.6756366496,1062916.4439047505,1113241.1382345431
433100.38480293204,11113133.364669431,277648.71713963087,2906924.361186402,383818.076982721
2489941.3026765403,8414523.066684213,32184420.577384833,379528.9603787288,206369.83285014253
314453.9873116797,13915036.163385998,4455517.642950361,206982.13713839412,773131.3443658621
832646.0479740163,8991652.98041519,2117982.0005506966,325849.661153594,619842.7035919012
600524.089944023,1241055069.4786224,1438326.033451452,211837.34985923994,268172.1762937275
621651.6053875815,851649.4808612545,33969351.56593813,1508245.7834318352,895994.5683100286
1107117.4837687463,751171.3970005927,5196457.215068623,346570.72531213134,215082.6476663178
369747.70213492407,888327.2426284881,1151081.564324284,1135182.5960718042,632885.1722583203
989661.5378216456,5175839.382125134,389879.88303356705,10206089.25339692,409460.20340084075
291071.40866868536,991980.2987011761,851562.4248110417,10205140.160592906,15140747.200020436
897791.467242049,1201774.5190959468,84303110.7628918,13320638.558755796,52498567.8922227
943841.8071681943,1823595.0286240734,442215.5477302343,10466220.397286974,552167.3172894721
1164663.3110751186,1465593.825596415,834918.0015305511,12633066.163011534,480576.4658044479
564036.3242213135,2001964.9173033808,460289.54470324435,10668191.07888485,742607.092504967
42878859.98182187,297852.05354382616,629389.5852555342,10905360.860270612,10856447.196828518
701927.6968416324,490676.95589503355,1208941.9239266447,15871939.274467953,200551770.6328178
506432.26837525936,3751588.094891331,259055.42786686745,10777254.102322167,9337516.753119487
7912482.240661401,859392.843931109,272596.5506227709,919464.9815609575,8437296.766040482
532623.6509620344,319300.5258721303,1195883.3923727942,1495481.7181211568,2417297113.323798
267370.7330495519,346259.85380875715,753757.7980688796,410021.49836101616,13139242.99622294
695335.4572521886,415726.7044545644,299866.1745918611,465677.10661624896,67283286.46892849
210496.0317376338,417863.3311271559,412508.21881239605,346173.7298851001,13105858.37704371
466891.01283081603,333701.412648352,301273.74820092856,2011171.8722867903,10423791.651479278
647943.315687548,526709.4832879935,507241.9908937692,22619841.929061744,799455.2462490735
404370.9312827168,681658.389360053,2728621.4003562904,316979.1423176634,1138249.2361437986
1195863.5050229288,221885.0498164085,558308.0672043943,9397501.905746907,814025.7075840249
1383153.321553075,4019820171.9075527,36478674.596796446,225097.4708844826,1119197.772103461
715383.0725422496,255374.88644073997,4418741.288768814,1255690.7241749426,869409.986141265
7983964.4403170375,282883.3620223164,9416403.706830822,303293.0607609403,850622.8225238263
8288152.459251772,470617.85160104354,667088.8063554639,411414.5241662934,783522.1957785342
9125237.831075031,643076.2853327615,665630.3859178624,817617.036758753,851421.2859151405
7864106.39655091,11012040.446628027,785277.3067509201,161637.33852602594,770880.3376226444
7606469.462753685,190972.56216436354,1318854.1795377624,9872307.178292058,457840.86690995155
8662237.56402883,1312113.3712652528,1037541.8695342796,10333635.094698688,471676.0613974657
8109804.008547355,133406816.88257408,950158.313883121,458393.0717009661,753309.3343675361
8138767.987668458,11886350.938489811,1012941.8842416217,154493.2296609584,661810.9047678864
7915130.063576906,11776425.989845179,437792.35690795,222934.08951380276,376192.2857258449
811075.8932815873,16392419.770691907,404490.0997312079,9711511.978769492,416397.6313836415
10996926.308527151,17998998.52764017,142536.67319184053,11251480.207363395,449578.6779618879
3592207.2037578598,12912013.959830916,333174.6458838313,33926713.33754118,407843.51074622705
78027892.36242697,10225996.951941473,114129.54579491378,8182938.46036496,6995036.038565801
2947193.560742203,11285209.24300626,305314.1953726828,7991740.440886691,32474539.795238696
2939124.360636293,10710093.118793868,204841.0496725618,11531061.503594391,288772.63282736856
3107506.6715489873,11263822.364652874,4269930.518333729,14648871.434470208,542165.913428306
3606444.3951184074,380866.6500196477,1209741.6417749668,8614528.555793514,380846.08241582947
3486827.2003848706,544503.4092877185,112403.42560941522,11746532.265703525,1560744.1490394287
4180480.6533144712,1079469.11575809,370759.0586029515,611165.6298804116,590262.4548440468
3640774.2549977796,220586.57951364777,3950915.515191977,4845944.913299212,14765849.35646892
4758982.197615484,547719.8079061958,553528.175033302,4203814.689988399,4515790.844320748
491319.4928165452,125824.14112170614,2212567.3966328725,4020152.098985524,14674389.716958778
822205.1610587175,139847.03648385484,555247.1713050248,3751959.4780601244,14547753.069584649
571690.6778762311,144170.83816099,628515.1544718895,4314460.230472269,292724.5888870293
1509177.83310249,326761.3538459737,566348.4597550596,3856642.092290153,14774245.598074518
8668273.53663884,157272.23751679718,876269.7518690573,4456553.790946531,561119.3424492235
1857046.1253121106,576980.8534507528,2699037.1100771874,4585055.127733519,4794866.445427511
5388780.913078859,122744.00102063858,31385592.622212652,5165744.898525461,374819.589445455
2391097.28398345,91761.61546777513,15555137.73376534,968986.3886946267,417794.495688083
1233904.60263323,1070594.986446574,14813756.109554581,1018466.1044228638,273368.77329656924
811053.0189058839,573337.4603113546,16789403.842890166,1108647.2010616043,369890.15862737177
734748.022074532,635405.9885967018,17332332.272176348,276257.2703840947,382062.3503673538
858947.5780885047,385052.5134619011,21300212.751381874,469800.9821677038,114968.55550053541
4058586.1836761283,4117208.347657835,15911795.02271785,1014858.4169622499,126814.98255954782
541611.8568806398,124346.3396377208,17685661.319181412,488177.84034963103,261780.05220900607
485997.2407401993,183197.40042607387,18654702.109507777,441406.77365456714,847577.3732984291
497382.30601152685,215975.48047995227,1335971.6704523207,770047.0498606404,350617.53173726646
1676543.0487525477,179198.6901147902,203105131.81241426,536865.0595374908,409958.81819723494
2217824.6833350556,6184777.2160416,1192560.8935576025,1974488.5214183782,337066.29531547445
453307.7347290793,449530.17633465084,8523408.154245729,499469.6879023949,365922.9539633512
842935.2566279982,357867.7437856044,2693919.4940052694,311712.87990474957,291421.48224298895
331191.0698718244,448303.0918539361,1318860.199936917,537487.6614216404,4140903.0696308278
249677.89109582023,348487.5821725159,8777430.564355576,488107.8389155167,346031.89023451577
2725433.134064274,221599.2260224914,3902677.8797695334,480384.87075267464,71775150.81343657
333092.3323117635,247079.56910833548,2043726.4738299826,1083981.652608112,742724.4711164524
1401843.2297068355,265610.27598489914,1823687.036164634,220833.60998153652,4052363.522691349
756973.8230022375,243256.23148873574,259466.1749640468,123559992.78870246,407151.60846204625
1687979.4559976298,1150187.9824145152,467601.94627309195,292001.3487369013,220148.5020227366
887709.2969828804,966977.8099231087,482304.51063871395,287072.1351073017,6529871.117278908
674482.4557644645,545700.596224476,396549.86061717046,118749793.00382695,3882216.483761205
324614.390365999,2793999.7911675777,2824064.831243751,174126183.35203588,7559604.137009876
334678.43105090293,2705861.38192394,498759.5506125139,31633702.891588613,36665743.44120755
231849.62721290987,2728989.8860414,901942.9472314051,29387565.635225676,24525114.099394925
1176446.6871757302,2732227.3694287054,11796835.453274522,26068931.077026244,8975099.632901112
615409.420550785,3210016.3447531713,179722.75488177026,3539491.194322948,9813128.338896785
304635.3813010619,18115355.582435865,137562.48276965393,3672748.7019975823,16658507.58463444
168234.3473105238,2275589.9717867114,133624.0004499713,3621726.189018162,7316792.883867573
676701.1467438239,457402.99127423024,138622.66710816824,3726840.678241046,9029223.504008278
21631646.03143484,156920452.56095803,126979.48740759725,3530475.3463757234,22228107.422819905
280501.3801023501,331320.23570802534,116173.02609747548,3595306.724275103,7069818.4288530545
1633598.91553136,384165.2107274404,613572.2283813888,3705773.1520517683,8242233.989389433
9707026.212119326,671580.3271423222,67898125.44024731,3594061.235385457,653557.163040068
300506.3776674401,627303.9908671249,315640.78080792574,309361.46639176307,990758.1637784956
10569343.316471385,366197.80521969777,282680.03117396246,369827.9368841272,1221394.18126573
775109.0246281738,684593.0638894377,304060.8732438899,396807.53503004665,540469.3903892514
13801225.73499494,43521113.41057116,7982986.274250236,308795.26716181677,2345672.5160383782
359746.65229119913,2871378.879346286,1159043.1975148374,530310.9446976808,508191.54082334955
1619396.9459981706,1922018.7536938593,32437459.42492097,657803.8505517507,720961.3025419367
158451089.95930186,1608357.9192356267,32281429.17752862,699667.8722211714,653497.3797852764
13099219.801702416,15291780.329240862,44295363.29366336,223154440.40511078,713364.3260963693
14892038.093030177,9706934.58422775,1431026.244888369,277397.9828048995,2369986.933361393
13106650.013105921,4022668.0860671615,2199511.3486107197,2611237.17136507,2497680.6925172824
20795090.173872136,2613262.203171922,1668520.397994353,760772.8368986045,4068981.2975727785
74752447.9348615,2596518.2777775433,1920632.5926894215,30254388.495652374,2439649.231274636
13331964.725377524,3007934.2177750794,16521176.072158076,1291235.099404221,2558145.5184852644
13762427.09950139,1634312.35597821,1411650.7659384797,42877334.49579078,2683232.427601982
22091100.97882668,1858743.6626165393,19245703.641260657,472710.89781949786,5988872.444857107
32051798.07888472,1356040.0610422906,1579795.6666576806,680989.1232974492,3195300.0185450222
837706.9767623676,3137950207.7649126,1604884.5516745532,18550714.815784,4968883.076104724
1194516.2469462105,2346813.859791623,617887.5042505981,396774.7660757229,252713.89531121124
746686.0346883417,4298187.059653911,401125.48650619027,478545.6880234983,513580.8460086803
762070.0678866595,2493625.09343526,1229580.6108697667,3379828.3006692617,479037.7284556717
743164.8003341041,63103199.9871165,263780.96537760645,357719.00963145844,257703.71150266394
963052.7235053444,1863601.057380585,235276.90272445453,320422.048137949,202820.8473306326
754202.395949656,625224.0335053896,863209.7815700292,256825988.49106273,132173.2183270175
793193.8053188529,666426.1249005403,306320.47183980764,468291.1839309783,174104.58009249842
764586.3545638777,3059519.4474278595,296795.9028509272,1379268.80994386,262210.5469670569
30126222.306094185,4221886.513695321,339751.0894371434,367498.5808049107,206074.46171930776
31828688.92930711,660595.650034627,323010.82050626894,479234.50988931314,207570.46792840402
28490773.761687584,725813.6716707586,524100.27987871045,447225.3539624277,505774.3007266877
27107257.185314137,785635.9175321776,18341527.132851183,318238.3862139026,183197.2191499192
37487444.22628397,4299215.762765191,632270.3388000503,336285.4082399924,48855281.82589583
144887828.2733233,3780064.757403531,2635371.05652445,780088.9791351819,185679.49396844546
25900565.20619829,55400447.11794744,2804579.9513381403,407130.1159968747,1010786.4326984783
25429758.696657494,1318964.6371411006,2918968.575950658,337883.70003370993,160486.68152872438
23691359.90226715,4192390.698186154,2668610.9492092673,1022187.5883229718,596136.1476397422
26020401.966110148,1341144.3473786789,2854870.993467354,274884.58921956585,3300379.3252845956
24380566.073563915,1273030.5847924938,2588005.65154021,71751895.37778053,29382969.46322489
968408.105718957,1272104.1481713068,4668214.605220817,19845937.503493298,255508.11946813302
1016692.7561169076,1508519.9624476759,4915161.612609108,18790837.360742643,169019.95304814892
1390637.0229947472,1535185.3516486406,2631165.933826953,19487977.50437288,66367916.06963593
973062.5247413279,665869.051208369,1081461.568316462,29856606.004741646,235125.77134861905
1117527.5732247767,35859341.07014191,911321.8999438564,17807130.21315004,1057876.6268643804
980819.1330518373,15523779657.795847,624145.50943313,18793519.417597014,408300.76689671294
1066118.4599474128,26424090.0330467,891987.3523130298,17306962.889725473,491384.70124167297
1505696.704725968,646671.5832559601,435156.44725644554,18311425.21215052,1017061.8415008152
1295385.791967911,1739960.7954132245,445245.80915221584,17217636.548315957,315523.47906262614
422726.9872416979,705179.0646965657,478619.9887041818,459073.4797584785,155778.13534070377
627491.5592789366,7252803.881348202,1090080.9721115986,465316.3662705822,4549259.535862654
285390.8725029714,647590.8301529036,11253935.348870479,729420.7005062907,4717494.107839692
5045778.737736681,939557.5206154962,318274.2381919582,36484119.49001031,5032728.083896045
8110845.686188153,608413.5408460617,13191194.57117743,399839.78679086367,4136606.637982038
874932.2241002724,789917.966137806,2038073.2431053726,11280216.891206073,4168152.190950037
544980.712485671,5461677.086818817,3138524.2660326688,185252.48576827947,7803315.259538036
723468.393749095,4022303.780794218,1979649.7889455212,139486257.81039852,5805902.709636761
335947.1058665911,4257090.345376223,1952560.9917556548,6917586.011333227,5107342.137949445
286095.6583830768,7040181.704215435,1913558.791987149,5947698.508360485,5534486.797162289
1645558.496408258,4734643.8528882,2409492.949639395,42430427.05693602,777159.4765984311
286599.71989167784,1127984462.4427903,1842387.5650285422,5771231.577147856,957685.0382864019
344221.55678729824,5542451.3577820975,3005822.3101293226,5976292.303218982,932545.3171167212
451255.265758432,6253031.732274266,2616593.4947218616,5922040.288733106,906874.2324469505
273529.4409426222,5355879.694422407,336293.825022879,7820427.784813799,902302.3767544329
161124.84540589532,2424624.694075731,305320.29603315395,8339224.840940283,1394551.5743539236
125649.48817679878,14464609.556817032,2494255.139671163,5856511.305435641,2097910.7592268228
462688.7225959613,771283.4075974408,296431.1317759498,967882.2656563196,1247649.8279330519
232646.90433560783,1602090.3077659833,2752826.0418900065,7200392.45630172,1505533.6688263733
214085.89645546704,992130.1922708643,567438.5753303058,32375615.3966071,3105460.823384679
393305.1917013745,2611393.858882608,37139082.559369735,531536.0437375455,24232221.15999892
857936.3148740367,873111.4590085753,633790.53992662,1205165.2550335876,21179300.384350106
681040.5023453748,6779779.457640974,171791.50513778004,1483004.8426659822,12261308.534630153
5147282.704488636,4102375.9777490958,528154.6924872017,1668210.5568844653,12330204.249838408
579278.0249619049,158599.00707885745,229127.52271455462,152895.08055440587,12210273.154767793
1934660.4095090947,421636.4807943194,169688.07143307154,278259.2253321511,12980542.0476946
885542.1106215786,368039.9084657983,847180.637015674,102858104.91687422,11764620.037491687
710938.1664567399,899916.3556451988,893304.0997992305,1075613.1454770202,13538533.812982477
11461216.711782575,493222.94095737446,1034207.6796095036,382761.3253215635,12893243.764040977
2228691.2931872886,496653.31519673415,1028743.7217613743,404621.30289821967,706277.80443746
1904448.5802943595,291723.546419449,1285965.3431777193,336996.74752475426,60412065.03461844
1874134.400102788,548177.2257551021,8532565.78684615,368175.9040910698,429029.8598108668
5549532.363734124,535050.7877126278,1202023.7441386387,730132.41303567,440589.5556425249
2483110.250105933,6092025.266273542,1479231.9261292454,188582.86720418942,642885.0256451782
4030733.974187348,3034181.084540633,1465511.0019564307,9059187.612831777,575895.4885990875
5286010.726275921,2595214.0950613767,292723.69702156086,323834.4180930749,16513956.412753895
26202225.330272518,2570447.9570372975,1172062.9016315006,438051.6197161805,3835809.525351211
495024.54415050824,2608561.8719652006,734663.3125165147,299820.8491930102,5597510.1820802735
571791.5785186689,2597087.0025730813,6609129.306724679,447149.435879848,3519286.723796267
600965.1156152403,2679658.7620004527,509759.88696879474,227978.5894293448,3202406.700204155
864419.0692865036,2688987.3672320438,294980.8292081875,649134.2466283903,3440532.3337611007
2444197.5954176905,2630470.975417103,923134.9306913532,1875403.4572774842,3327911.887080798
696887.1607208636,2650580.180908212,572657.1917236014,477042.3584722219,3250484.1002792097
735965.554631539,635257.4729621582,935218.0654883797,436176.85233854817,3449899.964348031
2356061.959029491,116696.1339366049,15100594.948988132,1120454.6104250525,3531287.974769552
2952858.56496636,395069.51313137845,151675.63991554917,577969.3423773019,345847.74757698335
4613593.562098278,2322981.8580382727,206080.6648916934,16844107.710378714,139547.38997885553
260545.775346765,421946.41946388443,265059.92512413196,1589246.6842959216,2436258.105610463
159469.13503589187,1083232.580175046,180113.19846926213,251253.57828132983,472706.2755720932
159523.9460772642,136255.00452971074,720204.6936635596,130038531.69477023,1136008.885483455
3354861.888425106,787679.5647610171,243359.72205664314,104896202.81281865,1082625.9945790172
7696518.329568988,199667.4957264995,745217.9224995055,4824183.550990173,25657774.872789685
283856.53702554863,780956.9965159984,93654.95043066885,4882786.312604065,263355.0056002202
373487.34846782073,483673.9978954729,579308.0050024417,5711108.359218341,148235.0047168955
690268.3465799812,4035771.336346344,8385498.984502839,6612343.598131383,307857.13183306693
391406.0643888279,308073.0184640025,1136095.5025160688,4415902.410609264,303231.03803549457
488255.09854491666,189242.59344154928,615698.7927580372,5075213.0833922215,281136.22074359114
798653.4889534346,164203984.90131646,459628.39165552944,16662928.367207525,668300.0402765764
327341.77492878516,1231804.5016243956,646461.3849602324,4843753.131239573,17292460.239868615
673460.546941826,2545930.44448975,1264724.445694662,9844392.239796149,8962162.861179456
2161484.0017456333,1705273.0035015168,683120.1783876024,122208299.96015276,15217628.351552095
575322.0066283374,2565212.6203309447,1282804.1296797008,1408788.8610800318,331525.92898274027
3007045.8529126365,6924284.435733805,1989176.6460183454,1400455.3789921126,330225833.5914548
2929678.486111456,1671801.0104032652,841737.0013158385,2528913.993121462,177449.13931549067
3305282.0987824253,1756906.7120237602,319259.0864023248,4291373.07095468,312756.7348233498
2058483.132141056,1968767.1788342649,326222.4248419085,972359.1437890162,623529.7815237507
1128385522.0897508,2957054.759808199,211201.96696488836,1099706.1728239371,131833.97751960426
7650902.963413288,6643599.351696794,1913952.2299508334,1428321.0215893104,30997503.219850138
3241573.738340674,554892.5155976582,1333516.000422837,1487573.6915775633,34489513.46475946
5890540.4844855685,679909.5346148551,533146.5624572288,1022592.8329220855,70274913.88799325
4894225.973202267,6871270.129452381,620947.5025363184,588680.2163574056,5168453.385793643
856074.7775844539,1406720.5809558148,325963.18854330195,1659558.580154717,1024782.4690489918
712227.7710087349,1716525.2868950102,425490.68551508617,42425011.55679135,3326116.535353748
2385837.9502371014,481960.0207813878,4545776.863737489,422382.8117577763,8688512.898153953
4554558.831395601,800978.8752947303,226823.72665432614,189097.0725168494,743846.7078899092
1277691.5557758443,416223.50797316927,278797.9068804703,5128198.377490588,4318360.591080816
2223906.5742418263,56578061.28783425,20980367.043507364,35174666.88737759,1539897.8953375118
5851348.903870954,2167037.9506898946,69416000.97551444,2299392.142263889,2534373.497857614
665277071.0052332,3275165.61158879,2500692.826089574,432256.4341733781,1183286.0907747163
3984200.645273944,82561925.03707632,1947792.0974786722,5332485.228249238,370684.42021786165
12364509.57774255,750415.6925871474,2071225.5635298267,221564.20132765293,2524432.50392305
2820203.407393235,360728.05774224043,1852511.4587535546,594553.2222947812,301020.25003330543
2454146.4421980786,298596.9167202365,50384763.510705635,777086.6068109954,8474126.397620335
2597992.1518428065,34053510.17816225,37791065.15969269,4963447.027230872,2620320.358989144
3116266.926591197,356168.7410382023,1881666.7792211343,316659.5372304355,3628099.837051641
4746159.165384106,520476.42856180767,2301263.1732674306,717770.0203106825,407416.41649011814
2446972.6873448067,2116661.802855737,1859862.5919089806,497719.33069966186,511332.56084113603
382515.8062273609,497657.62717693683,2571275.9186001737,361900.7052922527,7344724.617591506
238595.4733726653,398128.1450363121,20031196393.055603,973843.6745071136,502005.69206459675
275988.94535852916,292711.2062457431,1877782.2089618081,403795.3015921953,14515448.445894353
1609708.5999172055,595262.7169480366,2120141.655709965,498700.8637884319,766211.989155496
1044516.6611696293,567509.3262994373,1543792.6875020973,268798.29498408455,2201914.2682343237
1480042.9697560428,417826.6532425806,1771432.869573824,30110876.569373794,5301224.434637466
1972748.6670896062,169965.33263323657,1654110.4558559353,1333053.6335614333,633475208.9785556
103484367.53298552,3070953.0885246415,1641540.3604660574,219779.7003464704,3098717.959442842
1251665.9714134745,987795.1943535598,1605184.813670722,60150973.85453682,9027294.243837599
1333912.2581601636,223700.14985525626,1587492.7560216526,72197540.46865678,930915120.2717471
1430029.1689569596,653842.4764198369,2162717.047752499,9931082.606603593,22652913.808464743
1148771.1211626953,2178456.3609732464,562041.8035604826,9802982.64634848,3018720.7635826543
1335378.3209217433,172013.80743979893,438104.25970226777,10018807.245596007,3047471.9793823194
1569663.599311425,345685.62284248404,391389.8251806867,11784451.704684624,4342658.30472965
500463.5335749553,2278760.6564766546,14239207.168316374,33726586.44397123,3314987.753684327
353823.1713331064,80561366.35686286,265583.8694622884,33307961.951797932,3484104.5122646205
44620946.013197854,4523880.844519029,587116.8472532148,13247618.25326838,2649446.637456135
38393252.152256206,71209698.40131308,3432747.5188684934,12296535.416579211,2647822.469346784
2568573.6517001563,444701.1371787946,64332037.23739433,2260097.81428052,5021249.755413429
2648902.3654206423,205174.5059120168,1273315.580143685,2494874.201313376,2625486.7982258396
3413341.292714107,106127011.06760183,2748511.9663910195,3081775.0577370296,2582512.5340754893
2792092.1829612157,238746.13825847796,1094606.0892757727,2471127.065997669,2805775.904415883
2476100.918047841,1067998.8011815553,592829.5381574738,2997679.088218707,2698648.0890272027
3421964.5045521455,1971797.8882384328,1458429.6826782078,4474120.842717392,2678251.636855213
5676255.722897365,1837558.8464068961,42512876.88487725,2692756.5580274668,4890090.52249398
4447598.616538908,1695834.46993282,793702.1366942277,2799215.521496215,3004884.534114236
5129999.884102229,1729980.6174311005,955837.4751129504,4188625.935169095,350099.7475687154
446057.5208286226,13745453.654834578,141415.15551197276,1655910.7265952493,694672.8783915155
538913.0598452039,2066431.605632599,3960092.5665640323,18708401.280163076,1501549.9789703896
885442.377504418,3274240.465141663,79473332.44523388,322868.4864081918,1354497.2703245066
532994.4486345435,2146640.211576263,7435961.940966786,421346.37992992013,332742.48772433994
823579.7515936099,1912364.3046162021,16721829.963380547,437166.13190774753,467811.3825396739
367148.7028992911,2050823.1759580397,36140429.212423295,304247.34748414997,261178.09967148205
164055.86914209544,2537163.5580022098,5864416.990923526,4332481.336215574,15411793.59295806
382095.3089971267,3618543.2312651803,6805015.8145232415,915776.0879775536,23104584.08521118
188315.22077109,227839.4105639513,4373821.047762431,522350.1986704323,389083.86437603063
654627.6199454184,412187.220857197,3382428.5877142716,539000.5680740016,855026.3434858
133531.62433779653,372450.11896274076,170509233.86145374,669891.9929790234,199293.85576095298
540852.1738692416,30515541.624093674,3422607.2055537053,647660.5923684692,386154.34059454635
641047.6651173565,324854.0877797409,727039.9848229303,496615.0350299387,39950091.05771288
276648.75855377637,308170.74697256205,2318121.780716313,2527773.280366237,37479381.47393775
277130.98837239516,358529.2389083408,306096.99840649916,602795.057146336,545357.4007648104
20305579.586484797,479793.20118093945,202177.2829941865,2239522.426900086,430523.31140641525
123467753.73010358,213045.78097159174,637193.7495111325,907560.2022672563,510003.6416904166
1208564.4313792023,151416.59801117043,257808.97693169746,36412339.96475528,1183767.051427241
1176199.4307062011,140438.01918580878,43448663.48340085,15473563.497409178,591920.5900275251
1172211.8053231726,132570.7231990391,42315606.73572656,875288.1421976185,469006.6943765548
1329077.7998545407,546061.7920396039,20699254.540351138,1246030.7709450335,327887.6975138342
1196717.704561752,303467.1599195601,20475939.91296365,6199938.330758503,28121961.620386466
3145516.689101837,5893571.021646629,20874167.381483495,6206278.852156485,367587.4428133046
1534377.6271567282,10891985.863819186,22554823.63059294,6212662.449433062,177531.34136560085
1363186.200739806,13486205.38320294,26160735.53656824,6871378.266033766,441965.93570252054
2238765.899741376,10044567.011502478,24979834.569763586,6533451.963802613,298895.2205513548
790169.910957393,10608519.525547795,36867633.54939245,6273624.636587315,439076.38446564047
1066082.900562698,10851354.421375541,2719590.874066667,16061650.79410563,247394.16292939088
2228759.4024098953,11949268.384725602,2638635.7033506995,6325489.003706314,307855.98381202784
1221708.51520028,9880563.094957404,2592625.850865773,6601592.27339969,309233.7767804274
1423210.8433010736,10004079.026020758,2622453.1032279306,1061912.1187765556,2549784.220223626
1265508.4394671968,10659923.587581687,2937231.7937159175,384220.503882431,1134652.815409647
1992089.4522233023,627312.0483523146,2900372.1087375632,6655170.091717665,275595.465966357
1206253.6880666816,872981.9876632257,2612282.7108691954,300400.26924183813,451383.40798029234
1786557.4771692639,278452.63418623153,2654046.4460236453,426423.83048847667,2730406.721194128
27578467.130869996,624263.5101393235,19237598.13038858,473631.64297882246,491245.9600045305
1483237.2960120104,537609.3198222468,42836651.31703896,782575.1692497814,145382.9874436074
364079106.0090941,264280.5750323013,4317884.169698458,584561.1563757901,5349569.305657955
342871.49156435503,1345370.694362086,86584701.33935964,9987670684.210443,1688438.5075958003
209041.88684303855,346205.2329365152,5293511.255951356,656298.2707373654,1915113.5573439747
534494.785474758,814080.2934294159,10108351.999796405,20473237.567353964,1697432.5465806723
486337.283951854,281038.7911024711,6034463.382849302,175929.70623938873,5869434.78332778
470780.6383908314,865865.5657082354,7337242.928181145,32689009.873039134,1665149.674085265
799056.8133562669,4945102.9661552375,5647559.265448782,63869563.42731477,2294729.1017548647
174306.0561987177,230642.40329115232,8452168.665454188,247444019.01491344,2120154.9481597105
246343.3567926036,485040.36239788117,2240240.3399608927,73922580.07763003,1978947.667336806
343804.2785843002,1480477.07688297,1688841.896563648,330183976.38718414,1720014.571314502
1879069.2307447414,1489988.8683117703,3745413.922571797,88285641.42311575,362021.66870785656
30425698.3187917,1577729.8175101688,1691360.1760934622,63970861.96702175,657402.7789621172
1019335.5695648121,5823064.540361956,2139486.348217015,44346584.29117729,191495.59430094177
921024.1349587641,1356472.4486707004,1951860.644834084,41761167.20826246,363163.14368913084
1506804.503412466,1351200.3168607154,2126327.7990697934,46465209.57338581,578414.3058265881
19144533.231758066,11141432.2706239,3936905.2430498125,178114782.68816146,449497.8177064494
2136863.097515414,1439182.0723838052,1701150.9140471637,54902522.70111579,4122425.6599040763
1557514.3340723016,1361229.5139923086,1544373.6706492638,2920838.047192675,3475344.995628546
1009343.7755643192,445009.6180501637,806821.6991040591,11891109.319571657,3288036.300216497
895655.1458910168,204199.7911985699,251800.0017153858,3137755.6221786668,4140552.8528004447
1396766.8059313325,230433.84940739465,587550.3032086316,5616927.608692316,3333131.570138015
13727283.129141018,9390046.896719245,565540.1583727917,5202206.241193062,3364371.7380614327
8353750.165229432,4363569.680349352,600034.1560287926,17853272.762929223,3313126.39913084
436443.1983206341,567443.0821153513,3853286.977925811,27674194.054664265,3427408.5004232125
468841.3535410563,213192.0672982689,3094985.1047979873,89872400.9683127,4406048.824560393
42142034.358317964,208733.3648556419,782838.2488482001,298357904.0175892,3434958.876850253
200976215.51186386,1046942.0880647381,191830.55683940466,113100104.1874799,658255.2379532446
10320852.774498492,265828.8220265649,193175.62324058815,103362401.42375009,10274358.34710852
22864450.19498116,1116621.6672983961,89168521.36551324,165709122.5609119,1098687.2116011889
7892102.018490687,197348.2891884212,501276.5718723696,105807141.37329975,719285.05978495
7709838.5540648755,221413.07843606078,150098.9102880232,131538930.75648949,972728.098204142
8457354.758693557,1598847.9719950513,212037.49524851143,109720646.99376442,678384.8799053892
22632935.303591058,678099.4315999595,331809.9938469152,104896763.5983341,650822.6394332272
8000120.283384459,6790538.60395941,380043.7685635806,117408005.057715,1278639.219840175
8946700.785788018,477842.62097370275,183032.2863923625,97855640.32414521,795383.9381186465
8334630.442031207,385252.49005739496,639796.3689465859,7841074.2180868555,1086289.4593121998
3705061.8526249244,513021.59060768306,912354.159854727,7266191.67653416,747085.909738715
78766312.44262508,43007165.45916711,197054.57012198947,7552577.650866349,2105104.030026467
2161741.234002699,182334663.28370214,370582.14948225504,7052305.697604077,434784.69872038177
2089865.3624382254,2335859.7590266345,220219.0549330734,10019800.649596658,403320.418606592
52192465.31209206,6240396.910542327,8561686.691951055,7677633.150964981,30875701.18417016
2052439.4776087755,2335788.534428312,3121766.5902511883,12665527.341551885,2219939.686175601
1845719.9388532666,2285851.838618948,3133352.4441872574,7536767.783299765,589351.5961326343
1988275.0076152808,2688740.4372280925,11678330.01961414,9071319.783581475,18559382.5694189
2165613.887641897,9374835.951237138,3309592.144255732,1001001.5741203228,19792270.114003494
4595006.03300076,3272098.5543476613,3305501.0768026086,71256046.71643393,17109488.007292725
118452.20949698109,2121348.0020710863,4346628.363458548,931243.8880142249,22827227.0839322
250408.11186104332,8874452.638332043,3091752.3440457033,601319.0589580603,16430105.045319278
420536.7115297429,5023226.178942775,4752137.392464049,1849372.5255346075,16649026.533807721
6911245.377280278,4624546.205605321,5399443.562667824,4711207.743039018,17296819.27740202
1083852.7136780135,4676876.580163818,315390.7737247458,1809182.287105806,23340296.132316805
300850.16082819103,4598277.13506059,1589846.1355353482,3447371.1235589786,16535064.352764342
212425.98177783677,4788030.949093325,103302.71969031997,2640391.8663023286,325172.1216686766
1114396.4644217354,5724198.478723604,285367.9889362905,2026547.4555405658,834313.5256471847
969042.2564200291,8522642.325114185,236708.13424194627,2087257.9713574771,343380.484133454
1257571.4215131728,63832024.70659794,287033.8349428131,3705554.1627155677,13322983.703543752
1052570.5217734305,5757091.409015562,347731.13339589274,1788645.2969745176,273443.3740285854
2575757.5116033144,150001304.79458803,260481.46171434625,422416.37141820014,443667.3136653486
1400765.1753460132,84581924.50725916,456908.31132863497,1134103.0752791802,299968.4034577827
44730371.09966342,708484550.1035508,5900465.7021432705,476011.1049606261,367913.4251283095
1239032.2752418248,75713160.20643607,388453.4617947549,984766.6279021992,340045.2949254828
4995945.152094808,62907547.75994437,1415405.0076950272,460137.82840800815,1617061.957822193
10757837.129446656,49499307.59084453,17239267.65462918,1631321.4668280818,3263471.8087037867
274192978.53160024,43178334.97062394,3235517.7908553625,247399.35222522655,212376.97339370864
25860403.82043863,38220964.0124847,3226981.359746621,1329027.2396115453,252690.89642245305
1534524.4325718875,41458352.56184545,3314464.9953204705,329147.0830066653,140852.79289542782
2554413.124515572,37608798.0504788,3600461.4336623326,397735.10677268525,392441.3626705158
3241050.740979815,1898211.676592156,3525381.4318627925,865845.2038990572,949608.8496200256
1662381.1999698079,1940485.272513707,3578750.2900748383,991730.8384090206,443631.794287549
1715186.356420608,1964200.8056358898,4220671.895252561,106568696.82497266,762231.7096782539
4860185.419669165,1974317.1388540426,4264635.297853839,670841889.8190104,2618869.8765677502
1675531.0092768408,1916317.4111795246,4115615.432044861,3416972.034104337,882767.4333320914
22256037.686342184,1880864.2097228789,2615500.9385202946,1198617.8316516455,5409036.59461609
25435238.308368307,5384196.441558812,2597393.621625018,703905.0820522441,2370538.5734521276
812660.3986364169,1870075.7433783608,2379591.200173951,699497.7597644676,3196817.017495727
11448956.612360459,1928910.7184142661,3327335.335344231,850632.8382371551,55685938.45845339
464470.12057937734,1559366.654434919,3402465.4283401626,135911424.30498648,73273331.49829519
2586885.1978661716,1550674.203461709,2600789.189351621,1835761.6616148138,46458193.750260524
630953.7567089151,1449168.6562016304,2280381.3469857867,939488.8210566839,170264020.63028952
1189399.931754394,1512792.482197525,2623270.0477314508,1348543.2276284413,1341999.1476222184
975726.7291361847,1447261.7547785288,2650035.7076129755,7373239.213385928,2488843.09976093
579790.4429720498,2464214.5896737967,1228175.670478398,4970550.665117448,1340246.275909388
392532.29576668295,1566563.26580327,885469.8243239985,5556560.306716546,956515.5775562746
724428.8784108788,2149723.960743206,598536.1165832188,20382127.993541572,1276183.2689945125
533327.7195466488,1783541.7767069556,355745.1544009442,4607797.61536784,1494230.682018734
326791.6881555502,249679.0819104521,2891457.39832073,11953837.169228097,1424762.2285717793
397159.9768193792,601058.1727425557,2276569.3126615067,5622616.077368592,1671470.8319735145
710158.1187813198,176112.7981697561,539517.2761493456,5210955.769380612,338041.79274566844
867715.4769653052,344536.69494510035,524411.687945771,4912044.2817158345,303565.6381337946
565207.5637467674,435931.6622834067,433281.0754950541,770894.8598368156,369477.9263861767
2220289.599651239,536178.2034707856,239879.49275030725,1516234.0498899007,646888.141026269
662516.3723990021,455072.86800173245,29963101.43033924,198950.95723460984,312519.98383519094
141638233.74624068,1530559.0629723973,221053.087473473,256257.12151331708,276405.4827750961
980686.6430806925,502328.07188880275,25384997.063967396,463622.0950463627,227740.74742298253
1029380.6362211953,737046.2701662943,499889.46764322545,1490242.0335212965,168054.03018921634
1234662.5013175502,918524.2491299327,28805702.855841488,425949.0127892769,228873.36716415762
1062552.029029118,586844.5048932565,13170298.90838664,2132594.868753279,181225.56005868537
3948902.9392049164,540997.3404790133,9235860.230831575,142938.45742000916,3527159.499202134
4425239.572138328,594172.0174542529,8145321.2578049805,179268.9052665045,727400.8491556383
45355053.85160858,44746017.02951952,8818989.030744104,1215830.296055607,1942963.2989847534
8996089.646681221,225477.49128114962,7792382.989574357,246833.93922840073,932598.9938059122
1689763.6616557084,578672.8800461949,8096509.872906331,187365.77436163003,928177.6827084578
2341257.2109678583,10366389.783863135,8315475.56588631,207209.58334395313,631000.7766017166
1268006.9380156742,339865.8118069962,8218446.722657894,386413.4499201976,360375.4569253281
1348072.5730512743,281805.3949076273,8188333.696588336,457525.31145076104,511649.6569993919
1296161.598015411,1158687.1610141052,8241938.9643306695,814673.8651957598,1974109.8746760949
1694861.0955259558,481945.0185540023,218388.49877274904,3199836.2041222607,3059809.5117893694
1482377.3126527574,711482.6860178646,489778.2315044728,785908.178420184,1729843.700690517
1295931.9860273253,1462694.6673883297,216703.59658123503,157102144.98372427,728129.1899949596
2090889.0786573738,579609.1954041523,708903.6265100697,441725.08838239603,1270520.4757913977
757453.5251433867,1437758.6370218846,391742.47272402956,202985.8121988982,513007.8825730851
1492425.2088548716,24838544.547525056,330353.284843677,365736.586864773,251291.92174731166
3661295.4111069674,75005319.03457919,500898.3241048804,7251134.933999214,5795224.42569042
3963207.9603398796,2335663.4723391775,478628.6565146946,938023382.4048121,762581.6000479984
3290774.0599928116,1631801.9962962612,1145266.0071154505,65543689.36028366,456937.1602304706
3636116.630074581,1607951.4094689232,1144585.260840944,132999092.85037929,11103176.582046378
3270970.743179893,1637824.2923652735,1844772.4821258707,176485.83701589762,282470.22816798545
3302845.4454520578,2313151.912786357,2609538.6849374864,270234511.8737687,17154718.142175507
4064486.2482446786,1807102.7032555044,1070439.946753699,26294103.549561366,496153.82533501374
3214712.8574681114,1690708.3224386917,48252429.22729525,19710353.214496106,5888111.396778973
3301121.120412791,1925448.7871948574,5545415.846600274,8196353.343133833,4381924.397900697
778656.8556269755,5454090.603861494,183913.3836772752,384718045.2664413,258054.89778553724
1061236.8475342244,124619.46723534298,27161156.580091726,7714568.07695232,297803.46530128364
1265431.3349387099,143953.47086269702,2331297.62754248,7544179.189090552,373895.33799344115
1082609.9352069322,127218.34546681846,2445997.313976402,7245006.969062852,960007.3998854343
860868.9025891473,4071636.364867782,2613461.5400816947,7480243.122702574,327798.53935026244
1929366.996193287,202388.86750454715,2388390.0198838436,7240698.833923919,324091.95739866176
187094.1897966199,2034109.9490854316,10633472.623790387,1147557.173459549,727986.5001000082
2156148.4953237395,467609.45635290444,2327411.2261868245,2015255.00865378,1987555.9624833812
457851.7947799963,256912.52443588283,2315436.157395514,785697.2306081974,1603726.3562736022
766595.1425548386,247653.31389076635,2371487.290963605,508312.7107280661,770092.7981424393
16133518.019052606,276757.4024227064,2333027.8769929316,1770457.385346045,7292441.662397442
1207220.1004370688,331452.7768186146,184665.8094332292,472494.10393277276,500052.97534877935
838185.9977361062,1319069.9428235071,482539.12205781764,323369.80830969836,1185378.036297879
3013214.441662461,18811990.622523718,166333.90994797598,350382.9877822139,764781.7464271911
191207.35070411483,107678613.30250725,164292.44482745035,1000741.1781043621,542903.1616619133
1020968.8930587844,57805509.016662866,484767.47646014486,251066.3312323854,867490.6261181624
892640.6965960064,17885780.62143299,221682.71796080592,4081967.2163211145,241302.62525928355
20187093.043617576,26150682.943606112,522254.6118427559,243547.74545913565,7794841.32485828
764968.401104843,18154790.961346585,535369.2024224857,278233.7776387437,2185667.6692459704
210860854.80345318,17342647.1592073,217722.0339338949,358191.09497247013,136433.18662228304
78146899.14631759,17501783.92411114,856039.2406453362,295903.79174226103,400343.97857542225
8105459.89027473,18225632.83873981,1788817.9931014436,6265487.392807401,269328.72448697663
7950427.7112139715,24293027.648131937,9126936.064345725,290451.901944218,586729.837680465
7910809.801552897,21230213.131804984,9493482.92315503,28016742.735873017,231729.06854749506
8423246.828090437,1166326.6832796698,9987444.986826006,4634935.584687209,1444913.3836233804
13788345.210381236,694585.1532487557,9035949.872466266,510970.73367222014,233886.13006820885
8403944.933742307,109762741217.06848,9006580.527004713,772115.5032679234,206944.05615017348
8673536.570586782,1672443.2467574675,9010818.173090376,592551.7948330392,20632273.74142181
9380838.705647469,932638.7565556046,9171052.906281587,505273.28302267636,313110.9617363058
9516204.639914548,640108.8921960224,10110501.826777225,889432.9607414894,18396211.226355553
693850.2900347942,41934034.44735544,9008419.185994945,1081220.342246971,5391133.699868985
3139436.1660395805,973342.0738019762,284828.7499102202,895675.6569242984,416926.2378329399
641661.9938786065,2097319.102060724,497490.30818291317,567873.4452518751,3994770.098545187
244401.44721204872,1042015.7352623298,14106822.186391557,648841.8263997172,337869752.17474306
6356658.260254763,1126688.1373896948,522113.10795654455,1422658.7067002272,17899169.150602505
240398.9839271673,1146415.1804870479,496518.3974113253,6716873.667791176,8859220206.262844
410008.77492607204,1685182.9811182132,2358787.7523700953,666769.550991347,14722367.706401363
520324.1754548834,2237848.638855228,3101264.624529938,481673.4887054808,19586632.248541676
285066.780434352,138092200.67544454,2519171.4278418836,477750.1974668619,17272635.023805253
307437.4625323814,10008720.80603454,2363686.9833275275,460034.4474638954,13467991.330544695
276447.0899804743,815321.1079437768,5881228.58491548,266842.6963261276,15986342.796421107
556102.3448176165,1174136.017739032,21191093.587010544,663925.1492785441,16304907.17345862
470695.789758802,1078296.9018655822,2925155.359848487,4336433.360606773,1023344.8661543434
388772.48722778895,1230111.9394951784,2566375.4884528406,96921264.59816886,562474.4290885988
529220.6214771243,1229360.480715422,4601181.50203315,44539139.89200703,609412.5013845118
897687.3100637874,2217296.176703698,367267.0868840816,1044395.8209226847,1107488.2580340165
1078581.8608375776,2675976.637343629,668802.0983370417,4030818.784571383,314853.428740411
18158948.379826214,434971.36640587717,553788.6900769016,2152156.726477273,50478238.100684226
5423453.329858826,438572.2318176149,334987.8383641705,321172.05873015965,5748180.621829236
364601.4485239254,327303.11230392475,366550.88984606566,1527077.2234255718,5298717.544422662
1204448.0496026108,347351.0038052666,515058.4935759291,1350474.2014971585,5204728.293188265
708913.8784737301,415078.11036862864,497556.02821999433,254973.37036392323,5227907.424732672
12453482.69610546,339061.63296691084,132027.4787287599,457541.30780737713,6517713.339063195
406497.45039173134,7784890.357515098,172359.74174722325,273586.30206735374,5448721.715176247
171532.50193151576,5801952.897804877,349938.46535122214,201911.84507169627,5394427.838658517
416726.10146064986,76011193.15399246,1649954.988312153,343891.4169861014,5260915.484466045
1610104.5286369536,184884.16807882476,504067.7725076743,284213.80037729256,5580425.490490824
499985.9665972209,249074.05637646499,424505.28325078165,300801.3205611219,161664.55465752142
1322680.3475234564,3745654.7235379163,474991.5758083566,421288.30861091975,410485.45463468024
3692155.7666860577,3249572.429148471,828753.0234454052,361395.7931989973,1211726.0269222653
2151407.0439722426,2618554.6587577164,49282154.35653627,37057354.15649794,796794.2878992694
8119558.443006415,25857575.78039528,239403.77845948958,482398.9932608016,156557.27361846386
961061.7761297844,3103274.4577772436,3553102.6329575996,725678.8890522917,1573617.723598245
1281368.9935973678,2509394.0059228227,1176584.321758484,885921.0833584298,492296.09965527564
501282.7185623029,2389251.635109532,2685387.843685667,846786.9562719819,1639927.687033206
768160.0607676811,30097250.367275115,1242540.065088435,787799.3264364074,242120.9354911752
7905527.969486545,37734580.620293334,4027393.6870231223,1244331.7325757279,116230.15931692606
946215.1084622098,512359.4972390367,2120409.24799829,2498865.5591723295,14624915.12141379
6248941.413974968,631496.1165416143,1803794.2853014998,777804.9301645106,7860966.272214486
2047840.1414548259,147994.7817904232,1254632.8969984674,7973271.390712263,20014648.29270217
430027.87385119486,601589.7307644971,1234327.3825502642,2485471.976057788,166087.91069688555
458629.3572036209,324055.6657286809,1665897.4685387895,1554892.8909248149,278903.0762252436
,155047.04300191422,1150481.2683300232,1362013.859428534,808248.4998734002
,642970.0595918079,1413216.593161919,22375840.272712037,338634.44452628633
,620149.6143666562,1488805.768241907,1517177.934368365,401386.1056778293
,126162.66945595463,1347112.7053909868,1347216.3872833692,197691.7164934371
,241746.63352510077,1494113.1196243034,1591987.7883589566,2568024.5693226308
,407722.626788072,1471789.056403828,1443469.0393491792,6702539.660238557
,330897.57920335577,1487960.5212104165,2081624.8058017525,2723780.5890047774
,303139.9552002193,5880988.221303271,1803616.079420791,626298.6250123299
,798821.2717832136,221819.1360657268,651009.1989342377,4411140.262814832
,636099.0790660548,276834.8836472765,557141.9016341231,563227.0119366618
,465336.343145122,288543.5147542442,39861151.43871053,421567.1293799811
,669363.6146097981,5900810.156723817,2632632.5705714803,488507.5417010822
,694508.0739635979,699362.3517328817,961456.1995840856,655211.7555189966
,406950.29696313327,511299.4532599247,,444016.3867115346
,478040.9452632367,339098.0700741806,,285892.1483320282
,5199357.993605981,285820.61741560756,,750234.2763839723
,15188181.074226668,370986.2497096787,,59244047.28670784
,10571006.684019642,4540355.262603244,,146727.06204205906
,2087514.57264791,308620.2502161894,,654335.4734272818
,2083376.851862079,986751.6898035287,,
,1921574.8776784544,134212.06383550027,,
,1997758.691345338,137708.1561046013,,
,1830442.9468389384,1155468.6725939047,,
,1856076.6905614028,305421.14146518824,,
,2265398.7628717115,905703.4644101292,,
,1752955.115332444,135515579.77341458,,
,183893.42586656997,790595.9704240527,,
,276766.8165232955,815871.8774638659,,
,93067.01669062834,856444.5848495758,,
,108817.75363904056,496849.6946099262,,
,102468.92773177032,431902.75794005074,,
,212700044.26290143,6702528.894302616,,
,6103712.116909249,182800.63637463108,,
,4927406.8828303395,655567.6374058041,,
,7342685.466698858,568788.13447284,,
,9363828.66632875,854131.424024393,,
,5124228.394742083,1346473.0232427677,,
,5679254.03264944,4366018.821148108,,
,6221110.184319567,3657551.442371523,,
,5032402.714614313,2213426.0564769013,,
,6268164.431394611,19734620.97483114,,
,1751042.222225128,3069418.096274228,,
,1478995.4338906817,2243970.854644376,,
,10108863.922427477,2368778.0534106917,,
,2568493.2546141194,2436820.677022462,,
,2869127.1096568997,2586419.149590905,,
,2593777.5086264666,,,
,3766021.236719664,,,
,2947172.811259432,,,
,3855671.327336791,,,
,2532996.9609151003,,,
,3078785.79584043,,,
,2542903.835198015,,,
,925886.2112515043,,,
,901666.0970126267,,,
,2316542.299714929,,,
,89820898.74240571,,,
,441658.9839807454,,,
,411054.11601473135,,,
,66041124.25847048,,,
,72098910.694263,,,
,486657.7240719446,,,
,40564926.82114732,,,
,352358.67132519995,,,
,460245.8561687555,,,
,643959.9739800137,,,
,701556.9579307277,,,
,2404837.69298494,,,
,187217.74198481548,,,
,745664.0082592065,,,
