policyParams0,policyParams1,policyParams2,policyParams3,policyParams4,policyParams5,policyParams6,policyParams7,policyParams8,policyParams9
"[ 0.26736598  0.22509269  0.09384953 ...,  0.          0.          0.        ]","[ 0.32440411  0.28159271 -0.10182222 ...,  0.          0.          0.        ]","[ 0.18067999 -0.06456204  0.31238324 ...,  0.          0.          0.        ]","[ 0.28399912  0.26302379  0.12224992 ...,  0.          0.          0.        ]","[-0.320034    0.10173473 -0.22746691 ...,  0.          0.          0.        ]","[ 0.13495919  0.19860662  0.17323469 ...,  0.          0.          0.        ]","[ 0.32857434 -0.25087473  0.12459078 ...,  0.          0.          0.        ]","[-0.21182337 -0.10644772 -0.04473525 ...,  0.          0.          0.        ]","[ 0.08156635  0.28909282 -0.21842874 ...,  0.          0.          0.        ]","[ 0.12502584 -0.12298878  0.21973164 ...,  0.          0.          0.        ]"
"[ 0.26636598  0.2240927   0.09484953 ..., -0.001      -0.001       0.001     ]","[ 0.32340411  0.28259271 -0.10282222 ...,  0.001      -0.001       0.001     ]","[ 0.17967999 -0.06356204  0.31138324 ...,  0.001       0.001       0.001     ]","[ 0.28299912  0.26402379  0.12124992 ...,  0.001      -0.001      -0.001     ]","[-0.321034    0.10273473 -0.22846691 ..., -0.001      -0.001      -0.001     ]","[ 0.13595919  0.19760662  0.17423469 ...,  0.001      -0.001       0.001     ]","[ 0.32757434 -0.25187473  0.12559078 ..., -0.001      -0.001      -0.001     ]","[-0.21282337 -0.10544772 -0.04373525 ..., -0.001       0.001      -0.001     ]","[ 0.08056635  0.29009282 -0.21742874 ...,  0.001      -0.001      -0.001     ]","[ 0.12602584 -0.12398878  0.22073164 ...,  0.001       0.001       0.001     ]"
"[ 0.26436598  0.2240927   0.09984953 ..., -0.003      -0.004      -0.002     ]","[ 0.31940411  0.28459271 -0.10182222 ...,  0.001      -0.005       0.006     ]","[ 0.17567999 -0.05956204  0.31138324 ...,  0.006       0.001       0.006     ]","[ 0.28399912  0.26602379  0.11824992 ...,  0.005      -0.002      -0.005     ]","[-0.325034    0.10773473 -0.23146691 ..., -0.004      -0.004      -0.002     ]","[ 0.13795919  0.19260662  0.17623469 ...,  0.001       0.002      -0.003     ]","[ 0.32257434 -0.25487473  0.12559078 ..., -0.006      -0.002      -0.002     ]","[-0.21682337 -0.10544772 -0.03873525 ..., -0.002       0.001      -0.004     ]","[ 0.07956635  0.29309282 -0.21242874 ...,  0.004      -0.005       0.001     ]","[ 0.12902584 -0.11998878  0.21973164 ...,  0.006       0.004       0.003     ]"
"[ 0.25986598  0.2215927   0.10234952 ..., -0.0075     -0.0085     -0.0015    ]","[ 0.31490411  0.28609271 -0.10332221 ...,  0.0015     -0.0075      0.0095    ]","[ 0.17517999 -0.05506204  0.31088324 ...,  0.0095      0.0015      0.0105    ]","[ 0.28649912  0.26652379  0.11474992 ...,  0.0085     -0.0035     -0.0075    ]","[-0.329534    0.11223473 -0.23396691 ..., -0.0055     -0.0075     -0.0065    ]","[ 0.13845919  0.19010662  0.17773469 ..., -0.0005      0.0025     -0.0015    ]","[ 0.32207434 -0.25837473  0.12709078 ..., -0.0105     -0.0035     -0.0055    ]","[-0.22032337 -0.10594772 -0.03523525 ..., -0.0025      0.0045     -0.0045    ]","[ 0.08106635  0.29359282 -0.20792874 ...,  0.0045     -0.0075     -0.0015    ]","[ 0.13352584 -0.12048878  0.22123164 ...,  0.0085      0.0045      0.0055    ]"
"[ 0.25936598  0.22209269  0.10284952 ..., -0.009      -0.009      -0.003     ]","[ 0.31640411  0.28659271 -0.10482221 ...,  0.001      -0.006       0.008     ]","[ 0.17667999 -0.05656204  0.30938324 ...,  0.011       0.003       0.009     ]","[ 0.28799912  0.26802377  0.11624992 ...,  0.01       -0.005      -0.009     ]","[-0.331034    0.11173473 -0.23446691 ..., -0.005      -0.008      -0.008     ]","[  1.36959187e-01   1.91606623e-01   1.79234686e-01 ...,  -1.99999987e-03
   1.00000005e-03  -8.00561964e-10]","[ 0.32057434 -0.25787474  0.12759078 ..., -0.012      -0.003      -0.006     ]","[-0.22082336 -0.10744772 -0.03373525 ..., -0.001       0.003      -0.005     ]","[  8.25663451e-02   2.93092816e-01  -2.06428746e-01 ...,   4.00000003e-03
  -7.99999996e-03  -4.55947064e-12]","[ 0.13402584 -0.11998878  0.22173164 ...,  0.007       0.005       0.006     ]"
"[ 0.26236598  0.21909269  0.10184952 ..., -0.012      -0.007      -0.006     ]","[ 0.32140411  0.28759271 -0.10582221 ..., -0.001      -0.005       0.009     ]","[ 0.18067999 -0.06056204  0.30738324 ...,  0.013       0.004       0.006     ]","[ 0.28699912  0.26602377  0.11924993 ...,  0.014      -0.01       -0.006     ]","[-0.335034    0.10973473 -0.23746691 ..., -0.005      -0.013      -0.011     ]","[ 0.13695919  0.19360662  0.17923469 ..., -0.006      -0.004       0.003     ]","[ 0.31657435 -0.25687474  0.12659078 ..., -0.011      -0.003      -0.01      ]","[-0.22282336 -0.10944772 -0.02873525 ...,  0.003       0.001      -0.006     ]","[ 0.08456635  0.29109282 -0.20342875 ...,  0.005      -0.008       0.001     ]","[ 0.13702584 -0.11898877  0.22273164 ...,  0.006       0.005       0.009     ]"
"[ 0.26136598  0.22009269  0.10284952 ..., -0.014      -0.006      -0.01      ]","[ 0.32540411  0.28859271 -0.10482221 ..., -0.002      -0.005       0.01      ]","[ 0.18067999 -0.06156204  0.31038324 ...,  0.012       0.001       0.006     ]","[ 0.28899912  0.26302377  0.11924993 ...,  0.018      -0.014      -0.003     ]","[-0.339034    0.10873473 -0.23946691 ..., -0.003      -0.017      -0.014     ]","[ 0.13295919  0.19660662  0.18023469 ..., -0.01       -0.005       0.004     ]","[ 0.31557435 -0.25487474  0.12959078 ..., -0.012      -0.002      -0.013     ]","[-0.22382336 -0.11044772 -0.02473525 ...,  0.003      -0.001      -0.008     ]","[ 0.08256635  0.29109282 -0.20542875 ...,  0.005      -0.01        0.003     ]","[ 0.14002584 -0.11898878  0.22273164 ...,  0.003       0.005       0.011     ]"
"[ 0.26236598  0.21909269  0.10084952 ..., -0.016      -0.008      -0.012     ]","[ 0.32740411  0.2905927  -0.10282221 ..., -0.003      -0.007       0.009     ]","[  1.82679990e-01  -5.95620369e-02   3.12383241e-01 ...,   1.19999997e-02
   2.66549174e-12   7.99999999e-03]","[ 0.29099912  0.26402377  0.12124993 ...,  0.017      -0.015      -0.001     ]","[-0.341034    0.10773473 -0.23746691 ..., -0.002      -0.015      -0.016     ]","[ 0.13095919  0.19560662  0.17823469 ..., -0.011      -0.007       0.006     ]","[ 0.31757435 -0.25387474  0.13159076 ..., -0.014      -0.001      -0.011     ]","[ -2.25823360e-01  -1.10447723e-01  -2.27352480e-02 ...,   4.99999998e-03
  -5.23558167e-11  -9.00000008e-03]","[ 0.08356634  0.29309282 -0.20642874 ...,  0.007      -0.008       0.003     ]","[ 0.14202584 -0.12098878  0.22173164 ...,  0.001       0.003       0.013     ]"
"[ 0.26236598  0.21809269  0.09684952 ..., -0.021      -0.007      -0.015     ]","[ 0.33240411  0.2925927  -0.10182221 ..., -0.006      -0.008       0.011     ]","[ 0.18667999 -0.05956204  0.31638324 ...,  0.01       -0.004       0.007     ]","[ 0.29299912  0.26902377  0.12624993 ...,  0.019      -0.019       0.003     ]","[-0.341034    0.10573473 -0.23646691 ..., -0.001      -0.013      -0.018     ]","[ 0.13095919  0.19360662  0.17723469 ..., -0.012      -0.009       0.009     ]","[ 0.31657435 -0.25187474  0.13359076 ..., -0.018      -0.003      -0.013     ]","[ -2.30823359e-01  -1.13447723e-01  -1.97352494e-02 ...,   7.99999998e-03
  -5.06481972e-11  -1.10000001e-02]","[ 0.08856634  0.29509282 -0.20542875 ...,  0.008      -0.006       0.005     ]","[ 0.14502583 -0.12198878  0.22273164 ...,  0.002       0.003       0.014     ]"
"[ 0.26486598  0.21659269  0.09334952 ..., -0.0245     -0.0085     -0.0175    ]","[ 0.33490411  0.2960927  -0.10032221 ..., -0.0095     -0.0115      0.0095    ]","[ 0.18717999 -0.05906204  0.31988324 ...,  0.0115     -0.0075      0.0055    ]","[ 0.29249912  0.27252377  0.12874993 ...,  0.0185     -0.0215      0.0025    ]","[-0.343534    0.10523473 -0.23596691 ..., -0.0005     -0.0115     -0.0195    ]","[ 0.13245919  0.19410662  0.17673469 ..., -0.0125     -0.0105      0.0115    ]","[ 0.31807435 -0.25037474  0.13509076 ..., -0.0205     -0.0045     -0.0135    ]","[-0.23332336 -0.11394772 -0.01923525 ...,  0.0085      0.0005     -0.0145    ]","[ 0.08706634  0.29659282 -0.20392875 ...,  0.0105     -0.0035      0.0075    ]","[ 0.14752583 -0.12448878  0.22023164 ..., -0.0015      0.0025      0.0145    ]"
"[ 0.26436597  0.21609269  0.09584951 ..., -0.027      -0.01       -0.015     ]","[ 0.33340411  0.2985927  -0.09782221 ..., -0.012      -0.014       0.01      ]","[ 0.18467999 -0.05856204  0.31838325 ...,  0.009      -0.009       0.005     ]","[ 0.28999912  0.27002377  0.13124993 ...,  0.018      -0.019       0.001     ]","[-0.346034    0.10573473 -0.23546691 ..., -0.001      -0.01       -0.02      ]","[ 0.13395919  0.19160663  0.17523469 ..., -0.011      -0.013       0.014     ]","[ 0.31957435 -0.24887474  0.13759076 ..., -0.022      -0.005      -0.014     ]","[-0.23582335 -0.11644772 -0.01673525 ...,  0.009      -0.002      -0.016     ]","[ 0.08456635  0.29809281 -0.20442874 ...,  0.011      -0.004       0.009     ]","[ 0.14902583 -0.12398878  0.21773164 ..., -0.002       0.004       0.012     ]"
"[ 0.26636597  0.21109269  0.10084951 ..., -0.027      -0.008      -0.01      ]","[ 0.33540411  0.3035927  -0.09482221 ..., -0.01       -0.018       0.01      ]","[ 0.18267999 -0.05856204  0.31638324 ...,  0.004      -0.008       0.002     ]","[ 0.28699912  0.26702377  0.13524993 ...,  0.015      -0.017      -0.002     ]","[ -3.49033993e-01   1.06734727e-01  -2.33466915e-01 ...,   2.13925540e-11
  -7.00000004e-03  -2.10000000e-02]","[ 0.13695919  0.19460663  0.17623469 ..., -0.011      -0.015       0.015     ]","[ 0.32257435 -0.24687474  0.14059075 ..., -0.023      -0.005      -0.016     ]","[-0.23682335 -0.11944772 -0.01173525 ...,  0.009      -0.001      -0.017     ]","[ 0.08556635  0.30009281 -0.20842874 ...,  0.011      -0.005       0.011     ]","[ 0.15302583 -0.12398878  0.21273164 ..., -0.006       0.002       0.013     ]"
"[ 0.26636597  0.20909269  0.10284951 ..., -0.026      -0.008      -0.007     ]","[ 0.33640411  0.3065927  -0.09182221 ..., -0.008      -0.021       0.012     ]","[ 0.17967999 -0.05856204  0.31738324 ...,  0.001      -0.006       0.001     ]","[ 0.28599912  0.26702377  0.13624993 ...,  0.015      -0.016      -0.004     ]","[-0.35103399  0.10673473 -0.23346691 ..., -0.001      -0.004      -0.022     ]","[ 0.13695919  0.19460663  0.17623469 ..., -0.01       -0.016       0.016     ]","[ 0.32157435 -0.24687474  0.14359075 ..., -0.026      -0.007      -0.018     ]","[-0.23882335 -0.12144772 -0.01073525 ...,  0.008      -0.001      -0.016     ]","[ 0.08556635  0.30209281 -0.20842874 ...,  0.012      -0.007       0.011     ]","[ 0.15402583 -0.12498878  0.20973164 ..., -0.006       0.005       0.011     ]"
"[ 0.26936597  0.21009269  0.10584951 ..., -0.029      -0.011      -0.009     ]","[ 0.33640411  0.3035927  -0.08982222 ..., -0.011      -0.018       0.015     ]","[ 0.18167999 -0.05556204  0.31938324 ..., -0.002      -0.003       0.002     ]","[ 0.28599912  0.26602377  0.13524993 ...,  0.016      -0.016      -0.001     ]","[-0.351034    0.10573473 -0.23346691 ...,  0.002      -0.003      -0.019     ]","[ 0.13495919  0.19360663  0.17523469 ..., -0.013      -0.018       0.018     ]","[ 0.32457435 -0.24687474  0.14359075 ..., -0.028      -0.005      -0.016     ]","[-0.23782335 -0.12444772 -0.00773525 ...,  0.009      -0.004      -0.013     ]","[ 0.08256635  0.30309281 -0.20842874 ...,  0.012      -0.005       0.009     ]","[ 0.15202583 -0.12698878  0.21073164 ..., -0.005       0.003       0.009     ]"
"[ 0.27336597  0.21209269  0.11084951 ..., -0.032      -0.016      -0.013     ]","[ 0.33740411  0.2995927  -0.08682222 ..., -0.015      -0.014       0.017     ]","[  1.82679991e-01  -5.35620400e-02   3.20383243e-01 ...,  -1.00000017e-03
   1.00000002e-03  -1.53216734e-10]","[ 0.28799912  0.26702377  0.13324993 ...,  0.014      -0.017       0.002     ]","[-0.353034    0.10073473 -0.23546691 ...,  0.003      -0.001      -0.015     ]","[ 0.13795919  0.19660663  0.17323469 ..., -0.017      -0.02        0.019     ]","[ 0.32957435 -0.24787474  0.14559075 ..., -0.031      -0.005      -0.014     ]","[-0.23482335 -0.12544772 -0.00473525 ...,  0.01       -0.007      -0.01      ]","[ 0.07756635  0.30409281 -0.20542874 ...,  0.013      -0.004       0.007     ]","[  1.49025829e-01  -1.27988775e-01   2.13731642e-01 ...,  -2.99999997e-03
  -2.22350925e-11   5.00000002e-03]"
"[ 0.27586597  0.21259268  0.11334951 ..., -0.0335     -0.0185     -0.0135    ]","[ 0.33590411  0.2970927  -0.08932222 ..., -0.0165     -0.0125      0.0155    ]","[ 0.18117999 -0.05206204  0.32088324 ..., -0.0005      0.0025     -0.0005    ]","[ 0.29049912  0.26552377  0.13174993 ...,  0.0165     -0.0165      0.0035    ]","[-0.352534    0.10123473 -0.23596691 ...,  0.0025     -0.0025     -0.0125    ]","[ 0.14045919  0.19710663  0.17173469 ..., -0.0195     -0.0195      0.0205    ]","[ 0.33207435 -0.24737474  0.14709075 ..., -0.0325     -0.0075     -0.0125    ]","[-0.23332335 -0.12494772 -0.00423525 ...,  0.0105     -0.0075     -0.0085    ]","[ 0.07506635  0.30559281 -0.20492874 ...,  0.0135     -0.0055      0.0075    ]","[ 0.14752583 -0.12948878  0.21523164 ..., -0.0015     -0.0025      0.0045    ]"
"[ 0.27436597  0.21209271  0.10984951 ..., -0.036      -0.022      -0.014     ]","[ 0.33340411  0.2975927  -0.09282221 ..., -0.017      -0.012       0.019     ]","[ 0.17867999 -0.05056203  0.32238324 ...,  0.003       0.005       0.001     ]","[ 0.28699912  0.26602377  0.12824993 ...,  0.015      -0.015       0.001     ]","[ -3.56033996e-01   9.87347333e-02  -2.36466890e-01 ...,   4.99999997e-03
  -3.24712301e-11  -1.00000000e-02]","[ 0.14095919  0.19960663  0.17223469 ..., -0.023      -0.021       0.024     ]","[ 0.33457435 -0.24587474  0.15059075 ..., -0.035      -0.007      -0.014     ]","[-0.23082335 -0.12844772 -0.00573525 ...,  0.007      -0.005      -0.01      ]","[ 0.07256635  0.30509281 -0.20542874 ...,  0.012      -0.007       0.009     ]","[ 0.15002583 -0.12998877  0.21473164 ..., -0.002      -0.005       0.005     ]"
"[ 0.27036597  0.21309271  0.10584951 ..., -0.041      -0.026      -0.011     ]","[ 0.32840411  0.2945927  -0.09782221 ..., -0.014      -0.015       0.023     ]","[ 0.17667999 -0.04756203  0.32538324 ...,  0.006       0.007       0.005     ]","[ 0.28199912  0.26902377  0.12624993 ...,  0.014      -0.011      -0.004     ]","[-0.361034    0.09773473 -0.23746689 ...,  0.005       0.002      -0.007     ]","[ 0.14195919  0.20460663  0.17523469 ..., -0.028      -0.02        0.029     ]","[ 0.33757435 -0.24187474  0.15559075 ..., -0.038      -0.01       -0.017     ]","[-0.22682335 -0.13144772 -0.00873525 ...,  0.003      -0.004      -0.012     ]","[ 0.06856635  0.30509281 -0.20642874 ...,  0.009      -0.008       0.01      ]","[ 0.14702583 -0.13198877  0.21373164 ..., -0.003      -0.007       0.008     ]"
"[ 0.26936597  0.21209271  0.10384951 ..., -0.043      -0.028      -0.01      ]","[ 0.32640411  0.2925927  -0.09982221 ..., -0.016      -0.015       0.025     ]","[ 0.17467999 -0.04656203  0.32638324 ...,  0.007       0.008       0.006     ]","[ 0.27999912  0.26902377  0.12424993 ...,  0.014      -0.011      -0.005     ]","[-0.360034    0.09673473 -0.23846689 ...,  0.005       0.001      -0.007     ]","[ 0.14095919  0.20560663  0.17423469 ..., -0.03       -0.021       0.031     ]","[ 0.33857435 -0.24187474  0.15759075 ..., -0.039      -0.011      -0.018     ]","[-0.22682335 -0.13244772 -0.00973525 ...,  0.002      -0.004      -0.011     ]","[ 0.06756635  0.30509281 -0.20842874 ...,  0.008      -0.008       0.01      ]","[ 0.14902583 -0.13198878  0.21273164 ..., -0.004      -0.008       0.009     ]"
"[ 0.26536597  0.21409271  0.10584951 ..., -0.045      -0.032      -0.008     ]","[ 0.32340411  0.2965927  -0.10382221 ..., -0.015      -0.015       0.028     ]","[ 0.17667999 -0.04556203  0.32338324 ...,  0.006       0.011       0.01      ]","[ 0.28199912  0.26602377  0.12124993 ...,  0.014      -0.009      -0.006     ]","[ -3.62033995e-01   9.77347318e-02  -2.41466890e-01 ...,   5.00000000e-03
  -3.25282747e-11  -1.10000000e-02]","[ 0.13795919  0.20360663  0.17323469 ..., -0.034      -0.019       0.035     ]","[ 0.34057435 -0.24087474  0.15759075 ..., -0.041      -0.014      -0.014     ]","[-0.22682335 -0.13544772 -0.01173525 ...,  0.003      -0.003      -0.013     ]","[ 0.06556635  0.30209281 -0.21142874 ...,  0.005      -0.006       0.009     ]","[ 0.15302582 -0.12998878  0.21273173 ..., -0.007      -0.009       0.007     ]"
"[ 0.26236597  0.21909271  0.10984951 ..., -0.043      -0.035      -0.008     ]","[ 0.32240411  0.2995927  -0.10882221 ..., -0.012      -0.011       0.027     ]","[ 0.17767999 -0.04456203  0.32038324 ...,  0.002       0.014       0.014     ]","[ 0.28099912  0.26202377  0.12124993 ...,  0.012      -0.008      -0.004     ]","[-0.363034    0.09573473 -0.24646689 ...,  0.003      -0.003      -0.016     ]","[ 0.13995919  0.20060663  0.17223469 ..., -0.035      -0.016       0.04      ]","[ 0.34157435 -0.24387474  0.15659075 ..., -0.044      -0.015      -0.01      ]","[-0.22782335 -0.14044772 -0.01473525 ...,  0.005      -0.004      -0.013     ]","[ 0.06556635  0.30009281 -0.21042874 ...,  0.002      -0.005       0.012     ]","[ 0.15402582 -0.13098878  0.21073173 ..., -0.009      -0.01        0.008     ]"
"[ 0.26386597  0.22059271  0.11134951 ..., -0.0425     -0.0355     -0.0085    ]","[ 0.32190411  0.3000927  -0.10832221 ..., -0.0105     -0.0105      0.0275    ]","[ 0.17817999 -0.04306203  0.31988324 ...,  0.0005      0.0135      0.0155    ]","[ 0.28149912  0.26152377  0.12074993 ...,  0.0115     -0.0075     -0.0055    ]","[-0.364534    0.09623473 -0.24796689 ...,  0.0025     -0.0035     -0.0175    ]","[ 0.13945919  0.20010663  0.17273469 ..., -0.0355     -0.0155      0.0415    ]","[ 0.34307435 -0.24537474  0.15709075 ..., -0.0445     -0.0155     -0.0085    ]","[-0.22632335 -0.14094772 -0.01423525 ...,  0.0065     -0.0035     -0.0135    ]","[ 0.06406635  0.30159281 -0.21192874 ...,  0.0015     -0.0035      0.0115    ]","[ 0.15352582 -0.13048878  0.21023173 ..., -0.0105     -0.0095      0.0085    ]"
"[ 0.26636597  0.22509271  0.11484951 ..., -0.041      -0.038      -0.005     ]","[ 0.32540411  0.2965927  -0.10682222 ..., -0.007      -0.013       0.032     ]","[ 0.17367999 -0.03856203  0.31838324 ..., -0.004       0.009       0.014     ]","[ 0.27899912  0.25802377  0.11824993 ...,  0.007      -0.012      -0.002     ]","[-0.36903399  0.09873473 -0.25046689 ..., -0.002      -0.007      -0.021     ]","[ 0.13595919  0.20060674  0.17023469 ..., -0.031      -0.016       0.046     ]","[ 0.34757435 -0.24687474  0.15659075 ..., -0.045      -0.019      -0.006     ]","[-0.22982335 -0.14544772 -0.01173525 ...,  0.005      -0.004      -0.01100062]","[ 0.06156635  0.29909281 -0.2134287  ..., -0.003      -0.004       0.013     ]","[ 0.15102583 -0.12898878  0.21173173 ..., -0.013      -0.007       0.007     ]"
"[  2.65365972e-01   2.29092708e-01   1.19849508e-01 ...,  -4.19999996e-02
  -4.09999997e-02   3.58063646e-10]","[ 0.32740411  0.2955927  -0.11082221 ..., -0.006      -0.013       0.036     ]","[ 0.16867999 -0.03456203  0.31638325 ..., -0.009       0.005       0.018     ]","[ 0.27899912  0.25602377  0.11824993 ...,  0.004      -0.016      -0.001     ]","[-0.37303399  0.09973473 -0.25046689 ..., -0.006      -0.008      -0.025     ]","[ 0.13395919  0.20160674  0.16923469 ..., -0.026      -0.017       0.051     ]","[ 0.34657435 -0.24987474  0.15559075 ..., -0.044      -0.024      -0.003     ]","[-0.23282335 -0.14944772 -0.00973525 ...,  0.006      -0.006      -0.01100062]","[ 0.06256635  0.29809281 -0.21442871 ..., -0.007      -0.004       0.014     ]","[ 0.15302582 -0.12698878  0.21573173 ..., -0.018      -0.006       0.005     ]"
"[  2.66365972e-01   2.30092708e-01   1.19849508e-01 ...,  -4.09999996e-02
  -4.09999997e-02   3.58156975e-10]","[ 0.32840411  0.2955927  -0.11182221 ..., -0.006      -0.013       0.037     ]","[ 0.16767999 -0.03356203  0.31638325 ..., -0.01        0.005       0.019     ]","[ 0.27899912  0.25602377  0.11724993 ...,  0.003      -0.017      -0.001     ]","[-0.37403399  0.10073473 -0.25046689 ..., -0.006      -0.007      -0.025     ]","[ 0.13495919  0.20160674  0.16923469 ..., -0.025      -0.018       0.052     ]","[ 0.34557435 -0.24987474  0.15559075 ..., -0.043      -0.025      -0.003     ]","[-0.23282335 -0.15044772 -0.00973525 ...,  0.007      -0.006      -0.01100062]","[ 0.06256635  0.29709281 -0.21442871 ..., -0.008      -0.003       0.015     ]","[ 0.15202582 -0.12698878  0.21573173 ..., -0.019      -0.005       0.005     ]"
"[ 0.26136597  0.2340927   0.11984951 ..., -0.036      -0.036      -0.002     ]","[ 0.32840411  0.2975927  -0.11382221 ..., -0.009      -0.008       0.04      ]","[ 0.16267999 -0.02856203  0.31838324 ..., -0.009       0.008       0.023     ]","[ 0.27699912  0.25202377  0.11824993 ...,  0.002      -0.022      -0.005     ]","[-0.36903399  0.09873473 -0.24946689 ..., -0.01       -0.008      -0.021     ]","[ 0.13295919  0.20460674  0.17323469 ..., -0.02       -0.02        0.056     ]","[ 0.34757435 -0.24587474  0.15859075 ..., -0.046      -0.03       -0.001     ]","[-0.23782335 -0.15044772 -0.00773525 ...,  0.006      -0.007      -0.00900062]","[  5.85663471e-02   3.02092814e-01  -2.16428704e-01 ...,  -1.10000001e-02
   2.27335220e-10   1.30000000e-02]","[ 0.15502582 -0.12898878  0.21173173 ..., -0.018      -0.004       0.006     ]"
"[ 0.25636597  0.2360927   0.12184951 ..., -0.035      -0.031      -0.003     ]","[ 0.33140411  0.2995927  -0.11582221 ..., -0.011      -0.006       0.038     ]","[ 0.15767999 -0.02356203  0.31738324 ..., -0.008       0.008       0.022     ]","[ 0.27499912  0.25002377  0.12224993 ...,  0.005      -0.027      -0.004     ]","[-0.36503399  0.09673473 -0.24846689 ..., -0.013      -0.008      -0.018     ]","[ 0.13495919  0.20760674  0.17423469 ..., -0.015      -0.022       0.059     ]","[  3.47574349e-01  -2.44874743e-01   1.61590751e-01 ...,  -4.69999999e-02
  -3.09999999e-02  -1.48804532e-11]","[-0.24282335 -0.14944771 -0.00673525 ...,  0.004      -0.005      -0.00800062]","[ 0.05856635  0.30509281 -0.2174287  ..., -0.015       0.003       0.013     ]","[ 0.15502582 -0.13198878  0.20973173 ..., -0.017      -0.001       0.004     ]"
"[ 0.25586597  0.2355927   0.12134951 ..., -0.0355     -0.0305     -0.0025    ]","[ 0.33190411  0.3000927  -0.11632221 ..., -0.0115     -0.0055      0.0385    ]","[ 0.15717999 -0.02306203  0.31688324 ..., -0.0075      0.0085      0.0215    ]","[ 0.27549912  0.25052377  0.12274993 ...,  0.0045     -0.0275     -0.0045    ]","[-0.36453399  0.09723473 -0.24896689 ..., -0.0135     -0.0085     -0.0175    ]","[ 0.13445919  0.20810674  0.17473469 ..., -0.0155     -0.0225      0.0585    ]","[ 0.34807435 -0.24537474  0.16209075 ..., -0.0465     -0.0305      0.0005    ]","[-0.24332335 -0.14994771 -0.00623525 ...,  0.0035     -0.0045     -0.00750062]","[ 0.05906635  0.30559281 -0.2179287  ..., -0.0155      0.0025      0.0125    ]","[ 0.15552582 -0.13248878  0.20923173 ..., -0.0165     -0.0015      0.0035    ]"
"[ 0.25136597  0.2350927   0.11984951 ..., -0.04       -0.027      -0.001     ]","[ 0.33440411  0.3025927  -0.11882221 ..., -0.015      -0.004       0.033     ]","[ 0.15867999 -0.01956204  0.31438325 ..., -0.013       0.008       0.017     ]","[ 0.27899912  0.24802378  0.12024993 ...,  0.005      -0.025      -0.002     ]","[-0.361034    0.09273473 -0.25346689 ..., -0.012      -0.012      -0.012     ]","[ 0.13595919  0.20860674  0.17123469 ..., -0.012      -0.017       0.061     ]","[  3.46574350e-01  -2.48874742e-01   1.66590751e-01 ...,  -4.59999999e-02
  -3.49999998e-02  -2.83407439e-11]","[-0.24382332 -0.15544771 -0.00173525 ..., -0.001      -0.01       -0.01100062]","[  6.45663448e-02   3.11092814e-01  -2.22428704e-01 ...,  -1.90000000e-02
   2.36232758e-10   9.99999999e-03]","[  1.54025824e-01  -1.37988773e-01   2.04731729e-01 ...,  -1.69999997e-02
  -1.01328811e-10   2.03065667e-10]"
"[ 0.24836597  0.2330927   0.12284951 ..., -0.043      -0.023      -0.003     ]","[ 0.33640411  0.3005927  -0.12182221 ..., -0.013      -0.004       0.029     ]","[ 0.15667999 -0.01856205  0.31038325 ..., -0.016       0.01        0.016     ]","[ 0.27699912  0.24702378  0.11524993 ...,  0.004      -0.023      -0.001     ]","[-0.360034    0.08873473 -0.25746689 ..., -0.014      -0.012      -0.009     ]","[ 0.13795919  0.20960674  0.17223469 ..., -0.011      -0.016       0.061     ]","[ 0.34557435 -0.24887474  0.16459075 ..., -0.044      -0.039       0.001     ]","[-0.24382332 -0.16044771  0.00326475 ..., -0.001      -0.015      -0.01200062]","[ 0.06856634  0.31209281 -0.2244287  ..., -0.02        0.001       0.008     ]","[ 0.15302582 -0.14198877  0.20273173 ..., -0.017      -0.001      -0.003     ]"
"[ 0.24936597  0.2320927   0.12384951 ..., -0.044      -0.022      -0.002     ]","[ 0.33740411  0.29959271 -0.12082221 ..., -0.012      -0.003       0.028     ]","[ 0.15567999 -0.01756205  0.30938325 ..., -0.015       0.011       0.017     ]","[  2.75999125e-01   2.48023775e-01   1.16249929e-01 ...,   5.00000074e-03
  -2.40000002e-02   2.22975939e-11]","[-0.361034    0.08773473 -0.25846689 ..., -0.015      -0.013      -0.008     ]","[ 0.13695919  0.20860674  0.17123469 ..., -0.012      -0.017       0.06      ]","[  3.44574350e-01  -2.49874742e-01   1.63590752e-01 ...,  -4.49999999e-02
  -3.99999998e-02  -2.03307119e-11]","[-0.24282333 -0.16144771  0.00226475 ..., -0.002      -0.014      -0.01100062]","[  6.95663443e-02   3.11092814e-01  -2.25428704e-01 ...,  -2.10000000e-02
   2.46203636e-10   7.00000000e-03]","[  1.52025828e-01  -1.42988773e-01   2.01731729e-01 ...,  -1.59999998e-02
  -1.13106772e-10  -2.00000006e-03]"
"[ 0.25336597  0.2280927   0.12784951 ..., -0.046      -0.017       0.002     ]","[  3.38404104e-01   2.95592705e-01  -1.19822211e-01 ...,  -1.39999996e-02
  -3.17721396e-10   2.30000002e-02]","[ 0.15267999 -0.01356205  0.30738325 ..., -0.015       0.012       0.014     ]","[ 0.27299913  0.25102378  0.11824993 ...,  0.01       -0.021       0.004     ]","[-0.363034    0.08373473 -0.26346689 ..., -0.018      -0.015      -0.012     ]","[ 0.13295919  0.20560674  0.16723469 ..., -0.012      -0.012       0.058     ]","[ 0.34457435 -0.25087474  0.16359075 ..., -0.045      -0.04       -0.001     ]","[-0.24082333 -0.16344771 -0.00273525 ..., -0.007      -0.017      -0.01000062]","[ 0.07256634  0.30709281 -0.2264287  ..., -0.021      -0.002       0.004     ]","[ 0.15102583 -0.14698877  0.19973173 ..., -0.017       0.001      -0.005     ]"
"[ 0.25786597  0.2235927   0.13134951 ..., -0.0505     -0.0125      0.0045    ]","[ 0.3409041   0.29109271 -0.12132221 ..., -0.0165     -0.0005      0.0185    ]","[ 0.14917999 -0.01206206  0.30488325 ..., -0.0175      0.0135      0.0115    ]","[ 0.27149913  0.25352378  0.12074993 ...,  0.0135     -0.0185      0.0085    ]","[-0.366534    0.08123473 -0.26596689 ..., -0.0215     -0.0155     -0.0145    ]","[ 0.13045919  0.20410674  0.16373469 ..., -0.0125     -0.0105      0.0555    ]","[ 0.34307435 -0.25237474  0.16009075 ..., -0.0465     -0.0435     -0.0035    ]","[-0.24232333 -0.16394771 -0.00423525 ..., -0.0065     -0.0175     -0.00850062]","[ 0.07306634  0.30759281 -0.2279287  ..., -0.0215     -0.0045      0.0025    ]","[ 0.15052583 -0.14848877  0.19523173 ..., -0.0165      0.0005     -0.0045    ]"
"[ 0.25636597  0.2220927   0.13284951 ..., -0.052      -0.014       0.006     ]","[ 0.3394041   0.28959271 -0.12082221 ..., -0.018      -0.002       0.018     ]","[ 0.14767999 -0.01256206  0.30638325 ..., -0.018       0.014       0.013     ]","[ 0.27299912  0.25502377  0.12224993 ...,  0.012      -0.017       0.007     ]","[-0.367034    0.08173473 -0.26746689 ..., -0.023      -0.014      -0.016     ]","[ 0.12895919  0.20360674  0.16323469 ..., -0.011      -0.009       0.054     ]","[ 0.34157435 -0.25087474  0.15859075 ..., -0.046      -0.044      -0.005     ]","[-0.24382332 -0.16544771 -0.00273525 ..., -0.005      -0.019      -0.00800062]","[ 0.07256634  0.30809281 -0.2284287  ..., -0.023      -0.003       0.001     ]","[ 0.15102583 -0.14798877  0.19673173 ..., -0.017       0.002      -0.004     ]"
"[ 0.25336597  0.2210927   0.13784951 ..., -0.056      -0.018       0.01      ]","[ 0.33740411  0.28759271 -0.11782221 ..., -0.023      -0.006       0.019     ]","[ 0.14767999 -0.01456205  0.31138325 ..., -0.022       0.016       0.018     ]","[ 0.27099912  0.25802377  0.12224993 ...,  0.009      -0.012       0.005     ]","[-0.368034    0.07873473 -0.26946689 ..., -0.027      -0.011      -0.019     ]","[ 0.12695919  0.19960674  0.16223469 ..., -0.01       -0.008       0.054     ]","[ 0.34157435 -0.25187474  0.15659075 ..., -0.044      -0.045      -0.008     ]","[-0.24482332 -0.16944771  0.00226475 ..., -0.008      -0.018      -0.00600062]","[ 0.07156634  0.30909281 -0.2284287  ..., -0.024      -0.002       0.002     ]","[ 0.15202583 -0.14498877  0.19873173 ..., -0.02        0.007      -0.007     ]"
"[ 0.25136597  0.22109264  0.14084951 ..., -0.056      -0.022       0.014     ]","[ 0.33640411  0.28859271 -0.11582221 ..., -0.027      -0.01        0.022     ]","[ 0.14667999 -0.01556205  0.31538325 ..., -0.024       0.017       0.022     ]","[ 0.27299912  0.26002377  0.12524992 ...,  0.006      -0.008       0.004     ]","[-0.367034    0.07573473 -0.26946689 ..., -0.031      -0.008      -0.022     ]","[ 0.12695919  0.19960674  0.16123469 ..., -0.009      -0.006       0.054     ]","[ 0.34057435 -0.25287474  0.15459075 ..., -0.043      -0.045      -0.008     ]","[-0.24482332 -0.17344771  0.00426475 ..., -0.009      -0.018      -0.00500062]","[  7.25663451e-02   3.10092813e-01  -2.27428701e-01 ...,  -2.40000000e-02
  -9.99999772e-04   4.30971480e-12]","[ 0.15202583 -0.14298877  0.20273173 ..., -0.024       0.011      -0.007     ]"
"[ 0.24936597  0.22209263  0.14084951 ..., -0.056      -0.024       0.012     ]","[ 0.3384041   0.28759272 -0.11582221 ..., -0.029      -0.008       0.024     ]","[ 0.14568    -0.01556205  0.31638324 ..., -0.026       0.015       0.022     ]","[ 0.27499911  0.25902378  0.12324992 ...,  0.004      -0.006       0.006     ]","[-0.367034    0.07573473 -0.26846689 ..., -0.033      -0.006      -0.024     ]","[ 0.12495919  0.19760674  0.16123469 ..., -0.01       -0.004       0.053     ]","[ 0.34057435 -0.25487474  0.15559075 ..., -0.045      -0.047      -0.01      ]","[-0.24382332 -0.17344771  0.00226475 ..., -0.007      -0.02       -0.00300062]","[ 0.07256635  0.31109281 -0.2284287  ..., -0.026      -0.003      -0.002     ]","[ 0.15202583 -0.14198877  0.20273173 ..., -0.024       0.01       -0.006     ]"
"[ 0.24736597  0.22409263  0.14084951 ..., -0.056      -0.027       0.011     ]","[ 0.3434041   0.29059272 -0.11882221 ..., -0.034      -0.005       0.028     ]","[ 0.14468    -0.02056205  0.31638324 ..., -0.031       0.011       0.024     ]","[ 0.27399911  0.25702378  0.12024992 ..., -0.001      -0.002       0.011     ]","[-0.369034    0.07873473 -0.26646689 ..., -0.038      -0.001      -0.027     ]","[ 0.12395919  0.19560674  0.15723469 ..., -0.011      -0.004       0.053     ]","[ 0.33857435 -0.25887474  0.15759075 ..., -0.049      -0.052      -0.014     ]","[-0.24282332 -0.17444771  0.00326475 ..., -0.01       -0.024       0.00099938]","[ 0.07056634  0.31109281 -0.2304287  ..., -0.031      -0.007      -0.005     ]","[ 0.15202583 -0.13798877  0.20173173 ..., -0.027       0.007      -0.005     ]"
"[ 0.24786597  0.22459263  0.14234951 ..., -0.0555     -0.0295      0.0105    ]","[ 0.3459041   0.29309272 -0.12132221 ..., -0.0355     -0.0025      0.0295    ]","[ 0.14417999 -0.02106205  0.31888324 ..., -0.0345      0.0105      0.0245    ]","[ 0.27449911  0.25452378  0.11974992 ..., -0.0015     -0.0015      0.0105    ]","[-0.370534    0.08123473 -0.26296689 ..., -0.0415      0.0025     -0.0295    ]","[ 0.12245919  0.19210674  0.15473469 ..., -0.0125     -0.0035      0.0545    ]","[ 0.33907435 -0.26237474  0.15909075 ..., -0.0495     -0.0545     -0.0175    ]","[-0.24332332 -0.17394771  0.00076475 ..., -0.0095     -0.0245      0.00349938]","[ 0.07206634  0.31359281 -0.2319287  ..., -0.0325     -0.0075     -0.0055    ]","[ 0.15052583 -0.13548877  0.20023173 ..., -0.0285      0.0045     -0.0055    ]"
"[ 0.24536597  0.22409264  0.14484951 ..., -0.057      -0.032       0.013     ]","[ 0.3434041   0.29559272 -0.12382221 ..., -0.035      -0.002       0.028     ]","[ 0.14667999 -0.01956205  0.32138324 ..., -0.037       0.013       0.026     ]","[ 0.27299912  0.25202378  0.11924992 ..., -0.004      -0.003       0.009     ]","[-0.372034    0.08373473 -0.26446688 ..., -0.044       0.004      -0.029     ]","[ 0.12395919  0.18960674  0.15223469 ..., -0.015      -0.002       0.056     ]","[ 0.33757435 -0.25987474  0.15759075 ..., -0.052      -0.056      -0.018     ]","[-0.24182332 -0.17644771  0.00126475 ..., -0.012      -0.025       0.00599938]","[ 0.07056635  0.31209281 -0.2324287  ..., -0.031      -0.008      -0.007     ]","[ 0.14802583 -0.13598877  0.19973173 ..., -0.031       0.006      -0.004     ]"
"[ 0.24536597  0.22209264  0.14484951 ..., -0.061      -0.037       0.015     ]","[  3.39404105e-01   2.98592719e-01  -1.28822211e-01 ...,  -3.49999996e-02
  -3.21999382e-10   2.40000004e-02]","[ 0.15167999 -0.01456206  0.32538324 ..., -0.042       0.016       0.029     ]","[ 0.27399912  0.24902378  0.11824992 ..., -0.007      -0.007       0.008     ]","[-0.370034    0.08873473 -0.26346688 ..., -0.046       0.006      -0.029     ]","[  1.24959191e-01   1.91606745e-01   1.49234695e-01 ...,  -1.89999996e-02
  -4.26158560e-10   5.79999991e-02]","[ 0.33557435 -0.26087474  0.15459075 ..., -0.053      -0.061      -0.019     ]","[-0.23982332 -0.17844771  0.00226475 ..., -0.016      -0.03        0.00799938]","[ 0.07056635  0.31209281 -0.2334287  ..., -0.032      -0.007      -0.005     ]","[ 0.14502583 -0.13798877  0.19873173 ..., -0.034       0.008      -0.001     ]"
"[ 0.24336597  0.22209264  0.14684951 ..., -0.064      -0.039       0.017     ]","[  3.36404105e-01   3.01592719e-01  -1.31822211e-01 ...,  -3.49999996e-02
  -3.21761738e-10   2.10000004e-02]","[ 0.15467999 -0.01256209  0.32738324 ..., -0.045       0.017       0.032     ]","[ 0.27599912  0.24802378  0.11824992 ..., -0.009      -0.008       0.008     ]","[-0.372034    0.09073473 -0.26246688 ..., -0.048       0.004      -0.028     ]","[ 0.12295919  0.19160674  0.14823469 ..., -0.021       0.001       0.06      ]","[ 0.33557435 -0.25987474  0.15359075 ..., -0.053      -0.063      -0.02      ]","[-0.23682332 -0.17944771  0.00226475 ..., -0.019      -0.031       0.00999938]","[ 0.07156635  0.31309281 -0.2354287  ..., -0.032      -0.008      -0.004     ]","[ 0.14302583 -0.13998877  0.19673173 ..., -0.034       0.009       0.001     ]"
"[ 0.24436597  0.22109264  0.14784951 ..., -0.067      -0.041       0.02      ]","[ 0.33440411  0.30459272 -0.13382221 ..., -0.03700001  0.003       0.018     ]","[ 0.15367999 -0.01056209  0.32938324 ..., -0.045       0.02        0.033     ]","[ 0.27899912  0.25102378  0.11624993 ..., -0.012      -0.011       0.007     ]","[-0.375034    0.09273473 -0.26046688 ..., -0.047       0.005      -0.026     ]","[ 0.12195919  0.19260674  0.1452347  ..., -0.02       -0.001       0.062     ]","[ 0.33357435 -0.26087474  0.15359075 ..., -0.051      -0.066      -0.018     ]","[-0.23582332 -0.18044771  0.00326475 ..., -0.019      -0.032       0.00899938]","[ 0.07456634  0.31309282 -0.2344287  ..., -0.033      -0.009      -0.002     ]","[ 0.14102592 -0.14198877  0.19473173 ..., -0.037       0.007       0.003     ]"
"[ 0.24636597  0.22309264  0.15084951 ..., -0.072      -0.044       0.019     ]","[ 0.32940411  0.30859272 -0.13582221 ..., -0.04000001  0.005       0.013     ]","[ 0.15467999 -0.00856209  0.33138324 ..., -0.044       0.022       0.033     ]","[ 0.28399912  0.25102378  0.11724993 ..., -0.017      -0.015       0.004     ]","[-0.376034    0.09373473 -0.25746688 ..., -0.042       0.002      -0.023     ]","[ 0.12295919  0.19160674  0.1442347  ..., -0.017      -0.003       0.065     ]","[ 0.33157435 -0.26287474  0.15359075 ..., -0.053      -0.069      -0.014     ]","[-0.23682332 -0.18244771  0.00626475 ..., -0.024      -0.033       0.00699938]","[  7.55663439e-02   3.12092817e-01  -2.29428699e-01 ...,  -3.60000000e-02
  -6.99999956e-03   2.28425264e-11]","[ 0.13802592 -0.14198877  0.19273173 ..., -0.042       0.004       0.006     ]"
"[ 0.24886597  0.22359264  0.15234951 ..., -0.0745     -0.0445      0.0175    ]","[ 0.32690411  0.31109272 -0.13832221 ..., -0.03950001  0.0065      0.0105    ]","[ 0.15517999 -0.00806209  0.33388324 ..., -0.0445      0.0235      0.0345    ]","[ 0.28649912  0.25052378  0.11574993 ..., -0.0195     -0.0165      0.0025    ]","[-0.376534    0.09623473 -0.25496688 ..., -0.0425      0.0005     -0.0225    ]","[ 0.12245919  0.19210674  0.1457347  ..., -0.0165     -0.0025      0.0675    ]","[ 0.32907435 -0.26537474  0.15309075 ..., -0.0525     -0.0685     -0.0115    ]","[-0.23532332 -0.18394771  0.00676475 ..., -0.0235     -0.0325      0.00649938]","[ 0.07606634  0.31359282 -0.2299287  ..., -0.0365     -0.0065      0.0005    ]","[ 0.13752592 -0.14248877  0.19323173 ..., -0.0425      0.0045      0.0075    ]"
"[ 0.24536597  0.22009264  0.1528495  ..., -0.071      -0.042       0.019     ]","[ 0.32740411  0.30959272 -0.14182221 ..., -0.04300001  0.003       0.009     ]","[ 0.15567999 -0.00556209  0.33738324 ..., -0.043       0.022       0.033     ]","[ 0.28999912  0.24902378  0.11424993 ..., -0.019      -0.019      -0.001     ]","[-0.378034    0.09373473 -0.25346688 ..., -0.042       0.001      -0.019     ]","[ 0.1209592   0.19060674  0.1442347  ..., -0.014      -0.003       0.071     ]","[ 0.32757435 -0.26287474  0.15159075 ..., -0.049      -0.071      -0.012     ]","[-0.23382332 -0.18644771  0.00526475 ..., -0.027      -0.034       0.00299938]","[  7.85663399e-02   3.12092818e-01  -2.30428698e-01 ...,  -3.70000000e-02
  -5.99999956e-03   9.49871281e-11]","[ 0.14002592 -0.13998877  0.19073173 ..., -0.045       0.002       0.011     ]"
"[ 0.24036597  0.21609264  0.1538495  ..., -0.073      -0.043       0.018     ]","[ 0.32440411  0.30659272 -0.14482221 ..., -0.04500001 -0.001       0.005     ]","[ 0.15467999 -0.00556209  0.34138324 ..., -0.041       0.021       0.033     ]","[ 0.29299912  0.24502378  0.11524993 ..., -0.02       -0.023      -0.005     ]","[-0.377034    0.09273473 -0.25146688 ..., -0.041       0.003      -0.014     ]","[ 0.11895919  0.18860674  0.1472347  ..., -0.01       -0.007       0.075     ]","[ 0.32257435 -0.26387474  0.15059075 ..., -0.047      -0.072      -0.012     ]","[-0.23182332 -0.19144771  0.00126475 ..., -0.028      -0.037      -0.00100062]","[ 0.07856634  0.31309282 -0.2344287  ..., -0.038      -0.003      -0.002     ]","[ 0.14302592 -0.13998877  0.18673173 ..., -0.049       0.002       0.011     ]"
"[ 0.23836597  0.21509264  0.1528495  ..., -0.073      -0.044       0.019     ]","[ 0.32340411  0.30459272 -0.14482221 ..., -0.04500001 -0.003       0.004     ]","[ 0.15567999 -0.00456209  0.34338324 ..., -0.039       0.02        0.033     ]","[ 0.29499912  0.24402378  0.11524993 ..., -0.02       -0.025      -0.007     ]","[-0.377034    0.09273473 -0.25046688 ..., -0.042       0.005      -0.012     ]","[ 0.1179592   0.18760674  0.1482347  ..., -0.009      -0.006       0.077     ]","[ 0.32157435 -0.26187474  0.15059075 ..., -0.049      -0.072      -0.014     ]","[-0.22982332 -0.19344771  0.00026475 ..., -0.028      -0.038      -0.00200062]","[ 0.07956634  0.31209282 -0.2344287  ..., -0.036      -0.002      -0.002     ]","[ 0.14402592 -0.13998877  0.18573173 ..., -0.05        0.001       0.011     ]"
"[ 0.23736597  0.21809264  0.1538495  ..., -0.077      -0.043       0.019     ]","[ 0.32640411  0.30359272 -0.14582221 ..., -0.04600001 -0.006       0.008     ]","[ 0.15267999 -0.00456209  0.34138324 ..., -0.037       0.018       0.037     ]","[ 0.29399912  0.24002378  0.11724993 ..., -0.024      -0.029      -0.009     ]","[-0.379034    0.09473472 -0.25046688 ..., -0.039       0.006      -0.01      ]","[ 0.1149592   0.18960674  0.15223469 ..., -0.007      -0.007       0.08      ]","[ 0.32457435 -0.25987474  0.14959075 ..., -0.052      -0.068      -0.015     ]","[-0.23282332 -0.19344771 -0.00073525 ..., -0.024      -0.036      -0.00400062]","[ 0.07656634  0.31609282 -0.2334287  ..., -0.039      -0.001      -0.004     ]","[ 0.14102592 -0.13898877  0.18773173 ..., -0.051      -0.003       0.008     ]"
"[ 0.23236597  0.21709264  0.1538495  ..., -0.081      -0.04        0.022     ]","[ 0.32840411  0.30359272 -0.14782221 ..., -0.04600001 -0.009       0.013     ]","[ 0.15067999 -0.00056209  0.33838324 ..., -0.033       0.015       0.041     ]","[ 0.29099912  0.23702378  0.11624993 ..., -0.028      -0.032      -0.011     ]","[-0.381034    0.09673472 -0.24846689 ..., -0.037       0.011      -0.009     ]","[ 0.1129592   0.19360674  0.15323469 ..., -0.004      -0.009       0.082     ]","[ 0.32557435 -0.25787474  0.14459075 ..., -0.055      -0.064      -0.014     ]","[-0.23182332 -0.19044771 -0.00173525 ..., -0.021      -0.034      -0.00800062]","[  7.35663411e-02   3.16092817e-01  -2.35428699e-01 ...,  -4.30000000e-02
   3.67122632e-10  -6.99999989e-03]","[ 0.13902592 -0.13698877  0.18973173 ..., -0.051      -0.006       0.008     ]"
"[ 0.23186597  0.21759264  0.1553495  ..., -0.0815     -0.0395      0.0235    ]","[ 0.32690411  0.30409272 -0.14932221 ..., -0.04550001 -0.0105      0.0145    ]","[ 0.15117999  0.00093791  0.33888324 ..., -0.0335      0.0135      0.0415    ]","[ 0.29049912  0.23652378  0.11574993 ..., -0.0285     -0.0335     -0.0125    ]","[-0.382534    0.09723472 -0.24796689 ..., -0.0355      0.0095     -0.0085    ]","[ 0.1124592   0.19510674  0.15273469 ..., -0.0045     -0.0105      0.0835    ]","[ 0.32407435 -0.25737474  0.14309075 ..., -0.0565     -0.0625     -0.0145    ]","[-0.23232332 -0.19194771 -0.00223525 ..., -0.0205     -0.0335     -0.00750062]","[ 0.07306634  0.31659282 -0.2349287  ..., -0.0445     -0.0005     -0.0075    ]","[ 0.13852592 -0.13548877  0.19023173 ..., -0.0525     -0.0075      0.0075    ]"
"[ 0.22936597  0.21409264  0.1538495  ..., -0.086      -0.039       0.026     ]","[ 0.32340411  0.30059272 -0.15382221 ..., -0.04300001 -0.015       0.019     ]","[ 0.15567999  0.0024379   0.34338324 ..., -0.029       0.01        0.039     ]","[ 0.28799912  0.23302378  0.11224993 ..., -0.026      -0.033      -0.01      ]","[-0.386034    0.10173472 -0.24746689 ..., -0.031       0.007      -0.006     ]","[ 0.11695919  0.19560674  0.15723469 ..., -0.001      -0.01        0.086     ]","[ 0.31957435 -0.25987474  0.14259077 ..., -0.061      -0.064      -0.016     ]","[-0.23082332 -0.19244771  0.00126475 ..., -0.018      -0.033      -0.00900062]","[ 0.07656634  0.31309282 -0.2314287  ..., -0.048       0.003      -0.006     ]","[ 0.13802592 -0.13198877  0.19473173 ..., -0.051      -0.006       0.011     ]"
"[ 0.22536597  0.20909264  0.1508495  ..., -0.09       -0.039       0.023     ]","[ 0.31840411  0.30159272 -0.15782221 ..., -0.03900001 -0.02        0.024     ]","[ 0.15967999  0.0054379   0.34538324 ..., -0.024       0.01        0.035     ]","[ 0.28599912  0.22902378  0.11224993 ..., -0.022      -0.032      -0.012     ]","[-0.390034    0.09973472 -0.24346689 ..., -0.026       0.008      -0.006     ]","[ 0.1199592   0.19360681  0.16223469 ...,  0.004      -0.012       0.084     ]","[ 0.31557435 -0.25887474  0.14359077 ..., -0.063      -0.066      -0.019     ]","[-0.22782332 -0.19544771  0.00426475 ..., -0.02       -0.033      -0.01000062]","[ 0.07856634  0.31409282 -0.2274287  ..., -0.051       0.006      -0.003     ]","[ 0.13602592 -0.12798878  0.19573173 ..., -0.053      -0.004       0.015     ]"
"[ 0.22436597  0.20809264  0.1498495  ..., -0.091      -0.039       0.022     ]","[ 0.31740411  0.30059272 -0.15882221 ..., -0.03800001 -0.02        0.025     ]","[ 0.15867999  0.0064379   0.34438324 ..., -0.023       0.01        0.035     ]","[ 0.28499912  0.22902378  0.11324993 ..., -0.021      -0.033      -0.013     ]","[-0.391034    0.09973472 -0.24246689 ..., -0.025       0.009      -0.005     ]","[ 0.1209592   0.19260681  0.16223469 ...,  0.005      -0.011       0.083     ]","[ 0.31457435 -0.25887474  0.14359077 ..., -0.064      -0.067      -0.019     ]","[-0.22682332 -0.19544771  0.00526475 ..., -0.02       -0.033      -0.01000062]","[ 0.07956634  0.31509282 -0.2274287  ..., -0.051       0.006      -0.004     ]","[ 0.13602592 -0.12698878  0.19673173 ..., -0.053      -0.003       0.015     ]"
"[ 0.22936597  0.21209264  0.1478495  ..., -0.092      -0.044       0.017     ]","[ 0.31640411  0.30359272 -0.15582221 ..., -0.03800001 -0.015       0.029     ]","[ 0.15868     0.01043789  0.34038324 ..., -0.018       0.011       0.032     ]","[ 0.28199912  0.23202377  0.11224993 ..., -0.023      -0.029      -0.01      ]","[-0.390034    0.10073472 -0.24546688 ..., -0.022       0.011      -0.006     ]","[ 0.1259592   0.19760681  0.16623469 ...,  0.01       -0.008       0.084     ]","[ 0.31557435 -0.26287474  0.14259077 ..., -0.067      -0.072      -0.018     ]","[-0.22882332 -0.19644771  0.00726475 ..., -0.021      -0.036      -0.01300062]","[ 0.08256634  0.31709282 -0.2274287  ..., -0.056       0.004      -0.007     ]","[ 0.13202592 -0.12698879  0.19673173 ..., -0.051      -0.001       0.017     ]"
"[ 0.23436597  0.21409264  0.1468495  ..., -0.094      -0.049       0.012     ]","[ 0.32040411  0.30559272 -0.15682221 ..., -0.03500001 -0.01        0.028     ]","[ 0.15868     0.01343789  0.34138324 ..., -0.014       0.012       0.033     ]","[ 0.27999912  0.23202377  0.11124993 ..., -0.022      -0.026      -0.008     ]","[-0.389034    0.10273472 -0.24146689 ..., -0.019       0.016      -0.004     ]","[ 0.12995919  0.20160681  0.16823469 ...,  0.013      -0.007       0.084     ]","[ 0.31157435 -0.26587474  0.14359077 ..., -0.071      -0.073      -0.019     ]","[-0.22982332 -0.19844771  0.00826475 ..., -0.02       -0.038      -0.01500062]","[ 0.08356634  0.31709282 -0.2264287  ..., -0.059       0.003      -0.012     ]","[ 0.12902592 -0.12698879  0.19273173 ..., -0.049       0.004       0.018     ]"
"[ 0.23486597  0.21459264  0.1473495  ..., -0.0945     -0.0495      0.0115    ]","[ 0.32090411  0.30509272 -0.15632221 ..., -0.03450001 -0.0095      0.0285    ]","[ 0.15918     0.01393789  0.34088324 ..., -0.0135      0.0125      0.0335    ]","[ 0.28049912  0.23152377  0.11174993 ..., -0.0225     -0.0255     -0.0085    ]","[-0.388534    0.10223472 -0.24096689 ..., -0.0195      0.0165     -0.0035    ]","[ 0.1294592   0.20210681  0.16873469 ...,  0.0135     -0.0065      0.0835    ]","[ 0.31207435 -0.26637474  0.14309077 ..., -0.0715     -0.0725     -0.0185    ]","[-0.23032332 -0.19794771  0.00876475 ..., -0.0195     -0.0375     -0.01550062]","[ 0.08406634  0.31659282 -0.2259287  ..., -0.0585      0.0025     -0.0125    ]","[ 0.12852592 -0.12748879  0.19323173 ..., -0.0495      0.0045      0.0175    ]"
"[ 0.24036597  0.21709263  0.1478495  ..., -0.098      -0.055       0.007     ]","[ 0.31840411  0.30159272 -0.15882221 ..., -0.03300001 -0.012       0.032     ]","[ 0.16068     0.01543788  0.33838325 ..., -0.014       0.01        0.035     ]","[ 0.28599912  0.23202377  0.11224987 ..., -0.027      -0.023      -0.009     ]","[-0.394034    0.10473472 -0.23846689 ..., -0.014       0.022       0.002     ]","[ 0.13395919  0.20660681  0.16923469 ...,  0.012      -0.008       0.078     ]","[ 0.31357435 -0.26787474  0.13959077 ..., -0.067      -0.076      -0.019     ]","[-0.23282332 -0.19644743  0.00626476 ..., -0.021      -0.04       -0.02000062]","[ 0.08756634  0.32009282 -0.2274287  ..., -0.063      -0.001      -0.016     ]","[ 0.13002592 -0.13198879  0.19173173 ..., -0.054       0.004       0.019     ]"
"[ 0.24336597  0.21609263  0.1438495  ..., -0.103      -0.059       0.005     ]","[ 0.32040411  0.30159272 -0.16082221 ..., -0.03400001 -0.012       0.03      ]","[ 0.15968     0.01443788  0.33638325 ..., -0.012       0.008       0.037     ]","[ 0.28699912  0.23102377  0.11324987 ..., -0.03       -0.019      -0.01      ]","[-0.397034    0.10273472 -0.23846689 ..., -0.011       0.026       0.007     ]","[ 0.13695919  0.21160681  0.16923469 ...,  0.011      -0.007       0.075     ]","[ 0.31157435 -0.26687474  0.13659077 ..., -0.066      -0.08       -0.016     ]","[-0.23482332 -0.19744743  0.00326476 ..., -0.023      -0.04       -0.01900062]","[ 0.08856634  0.32309282 -0.2274287  ..., -0.065      -0.001      -0.017     ]","[ 0.12902592 -0.13498879  0.19373173 ..., -0.056       0.007       0.022     ]"
"[ 0.24236597  0.21509263  0.1428495  ..., -0.102      -0.06        0.006     ]","[ 0.3214041   0.30059272 -0.15982221 ..., -0.03500001 -0.011       0.029     ]","[ 0.15868     0.01543788  0.33538325 ..., -0.011       0.009       0.038     ]","[ 0.28799912  0.23202377  0.11224987 ..., -0.031      -0.018      -0.011     ]","[-0.398034    0.10173472 -0.23746689 ..., -0.01        0.025       0.008     ]","[ 0.13595919  0.21260681  0.1682347  ...,  0.01       -0.008       0.074     ]","[ 0.31257435 -0.26787474  0.13759077 ..., -0.065      -0.079      -0.017     ]","[-0.23382332 -0.19644744  0.00426476 ..., -0.022      -0.041      -0.02000062]","[ 0.08756634  0.32209282 -0.22842865 ..., -0.066      -0.002      -0.016     ]","[ 0.12802592 -0.13598878  0.19473173 ..., -0.057       0.008       0.023     ]"
"[ 0.24436597  0.21109263  0.1428495  ..., -0.1        -0.064       0.004     ]","[ 0.3214041   0.30059272 -0.15582221 ..., -0.04000001 -0.007       0.026     ]","[ 0.15768     0.01443788  0.33438325 ..., -0.01        0.008       0.043     ]","[ 0.28899912  0.23202377  0.10724987 ..., -0.035      -0.016      -0.013     ]","[-0.398034    0.09873471 -0.23446689 ..., -0.009       0.024       0.013     ]","[ 0.13595919  0.21660681  0.1682347  ...,  0.005      -0.009       0.071     ]","[ 0.31457435 -0.26887474  0.13859077 ..., -0.063      -0.077      -0.019     ]","[-0.23082332 -0.19744744  0.00626476 ..., -0.019      -0.044      -0.02400062]","[ 0.08456634  0.32109282 -0.22542865 ..., -0.071      -0.004      -0.015     ]","[ 0.12402592 -0.13698878  0.19573173 ..., -0.058       0.012       0.028     ]"
"[ 0.24086597  0.21259263  0.1453495  ..., -0.0995     -0.0655      0.0035    ]","[ 0.3229041   0.30009272 -0.15332221 ..., -0.04250001 -0.0055      0.0275    ]","[ 0.15818     0.01593788  0.33488325 ..., -0.0095      0.0075      0.0475    ]","[ 0.28849912  0.23452377  0.10674987 ..., -0.0395     -0.0145     -0.0145    ]","[-0.399534    0.09723471 -0.23196689 ..., -0.0075      0.0205      0.0165    ]","[ 0.13445919  0.22010681  0.1667347  ...,  0.0015     -0.0105      0.0665    ]","[ 0.31807435 -0.27037474  0.14009077 ..., -0.0625     -0.0755     -0.0215    ]","[-0.23032332 -0.19694744  0.00576476 ..., -0.0185     -0.0465     -0.02650062]","[ 0.08106634  0.32359282 -0.22592865 ..., -0.0725     -0.0045     -0.0145    ]","[ 0.12252591 -0.13848878  0.19823173 ..., -0.0595      0.0145      0.0315    ]"
"[ 0.24236597  0.21409263  0.1468495  ..., -0.098      -0.064       0.004     ]","[ 0.3234041   0.29859272 -0.15282221 ..., -0.04400001 -0.006       0.026     ]","[ 0.15868     0.01743788  0.33438325 ..., -0.011       0.006       0.049     ]","[ 0.28699912  0.23502377  0.10824987 ..., -0.041      -0.016      -0.014     ]","[-0.398034    0.09773471 -0.23246689 ..., -0.007       0.021       0.017     ]","[ 0.13595919  0.21860681  0.16723469 ...,  0.001      -0.009       0.065     ]","[ 0.31857435 -0.27187474  0.14159077 ..., -0.064      -0.076      -0.022     ]","[-0.22982332 -0.19844743  0.00426476 ..., -0.02       -0.045      -0.02800062]","[ 0.08056634  0.32209282 -0.22542865 ..., -0.073      -0.004      -0.013     ]","[ 0.12102592 -0.13998878  0.19673173 ..., -0.06        0.014       0.033     ]"
"[ 0.24736597  0.21809263  0.1508495  ..., -0.097      -0.062       0.002     ]","[ 0.3244041   0.29559272 -0.15582221 ..., -0.04900001 -0.007       0.021     ]","[ 0.15968     0.01743788  0.33238325 ..., -0.011       0.005       0.05      ]","[ 0.28599912  0.23502377  0.11224987 ..., -0.046      -0.016      -0.01      ]","[-0.397034    0.09873471 -0.23246689 ..., -0.004       0.022       0.014     ]","[ 0.1349592   0.21760681  0.16823469 ..., -0.002      -0.005       0.062     ]","[ 0.32257435 -0.27287474  0.14259077 ..., -0.068      -0.076      -0.022     ]","[-0.22782332 -0.19844743  0.00326476 ..., -0.022      -0.044      -0.03000062]","[ 0.07856634  0.32009282 -0.22242866 ..., -0.075      -0.005      -0.011     ]","[ 0.12002592 -0.14198878  0.19473173 ..., -0.06        0.009       0.032     ]"
"[ 0.25136597  0.22009263  0.1548495  ..., -0.097      -0.063       0.002     ]","[ 0.3254041   0.29459272 -0.15782221 ..., -0.05300001 -0.009       0.017     ]","[ 0.16268     0.01843788  0.33038325 ..., -0.013       0.004       0.052     ]","[ 0.28499912  0.23602377  0.11124987 ..., -0.05       -0.015      -0.007     ]","[-0.395034    0.10073471 -0.23146689 ..., -0.003       0.023       0.013     ]","[ 0.1359592   0.21760681  0.16723469 ..., -0.006      -0.002       0.059     ]","[ 0.32557435 -0.27687474  0.14459077 ..., -0.069      -0.078      -0.023     ]","[-0.22882332 -0.19744743  0.00326476 ..., -0.024      -0.044      -0.03200062]","[ 0.07956634  0.31909282 -0.22142866 ..., -0.077      -0.004      -0.01      ]","[ 0.12002592 -0.13998878  0.19473173 ..., -0.061       0.006       0.031     ]"
"[ 0.25236597  0.22109263  0.1558495  ..., -0.099      -0.065       0.002     ]","[ 0.32540409  0.29659272 -0.15982221 ..., -0.05300001 -0.008       0.015     ]","[ 0.16468     0.01743788  0.32938325 ..., -0.012       0.006       0.053     ]","[ 0.28599912  0.23702377  0.11324987 ..., -0.049      -0.017      -0.006     ]","[-0.393034    0.10073471 -0.23046689 ..., -0.002       0.021       0.011     ]","[ 0.1349592   0.21560681  0.16523469 ..., -0.005      -0.003       0.059     ]","[ 0.32657435 -0.27687474  0.14359077 ..., -0.071      -0.08       -0.021     ]","[-0.22882332 -0.19944743  0.00126476 ..., -0.026      -0.043      -0.03400062]","[ 0.07856635  0.31809282 -0.22342865 ..., -0.079      -0.002      -0.009     ]","[ 0.11802592 -0.14198878  0.19373173 ..., -0.059       0.004       0.031     ]"
"[ 0.25236597  0.22309263  0.1608495  ..., -0.104      -0.064       0.002     ]","[ 0.32540409  0.29559272 -0.15982221 ..., -0.05300001 -0.007       0.01      ]","[ 0.16868     0.01543788  0.32838325 ..., -0.012       0.009       0.054     ]","[ 0.28799912  0.23902377  0.11624987 ..., -0.048      -0.019      -0.006     ]","[ -3.92033997e-01   9.97347075e-02  -2.27466888e-01 ...,  -2.14932207e-10
   1.99999999e-02   7.99999819e-03]","[ 0.1349592   0.21660681  0.16423469 ..., -0.004      -0.002       0.058     ]","[ 0.32657435 -0.27687474  0.14259077 ..., -0.076      -0.084      -0.017     ]","[-0.23182332 -0.20344743  0.00026476 ..., -0.031      -0.042      -0.03600062]","[ 0.07856635  0.31709282 -0.22542865 ..., -0.078      -0.001      -0.005     ]","[ 0.11402592 -0.14098878  0.19173173 ..., -0.056      -0.001       0.03      ]"
"[ 0.25286597  0.22459263  0.1623495  ..., -0.1075     -0.0655      0.0015    ]","[ 0.32290409  0.29709272 -0.16032221 ..., -0.05350001 -0.0085      0.0065    ]","[ 0.17118     0.01393788  0.32688325 ..., -0.0135      0.0105      0.0535    ]","[ 0.28749912  0.24152377  0.11974987 ..., -0.0465     -0.0195     -0.0045    ]","[-0.392534    0.10123471 -0.22496689 ...,  0.0015      0.0175      0.0085    ]","[ 0.1364592   0.22010681  0.16773469 ..., -0.0035     -0.0045      0.0595    ]","[ 0.32607435 -0.27437474  0.14009077 ..., -0.0795     -0.0875     -0.0135    ]","[-0.23332332 -0.20494743 -0.00223524 ..., -0.0325     -0.0395     -0.03650062]","[ 0.08006635  0.31559282 -0.22692865 ..., -0.0805      0.0005     -0.0035    ]","[ 0.11052593 -0.14048878  0.19123173 ..., -0.0525     -0.0035      0.0315    ]"
"[ 0.25436597  0.22709262  0.1618495  ..., -0.11       -0.063       0.004     ]","[ 0.32540409  0.29459272 -0.15782221 ..., -0.05200001 -0.01        0.005     ]","[ 0.17267999  0.01343788  0.32438325 ..., -0.015       0.009       0.052     ]","[ 0.28899912  0.24302377  0.11724987 ..., -0.046      -0.021      -0.006     ]","[-0.391034    0.10373471 -0.22346689 ...,  0.001       0.015       0.008     ]","[ 0.1389592   0.22260681  0.1662347  ..., -0.006      -0.006       0.061     ]","[ 0.32857435 -0.27487474  0.14059077 ..., -0.081      -0.09       -0.016     ]","[-0.23282333 -0.20344743 -0.00173524 ..., -0.034      -0.039      -0.03700062]","[ 0.08256635  0.31309282 -0.22442865 ..., -0.081       0.002      -0.005     ]","[ 0.11302593 -0.13898878  0.19373173 ..., -0.05       -0.002       0.033     ]"
"[ 0.25236597  0.22509262  0.1618495  ..., -0.115      -0.06        0.004     ]","[ 0.32640409  0.28959272 -0.15482221 ..., -0.05300001 -0.015       0.004     ]","[ 0.16967999  0.01243788  0.32238325 ..., -0.017       0.006       0.05      ]","[ 0.28799912  0.24802377  0.11324987 ..., -0.047      -0.024      -0.009     ]","[-0.388034    0.10773471 -0.22246689 ..., -0.001       0.012       0.005     ]","[ 0.1409592   0.22360681  0.1662347  ..., -0.011      -0.007       0.063     ]","[ 0.33057435 -0.27287474  0.14259077 ..., -0.085      -0.094      -0.019     ]","[-0.23282333 -0.20044743  0.00026476 ..., -0.037      -0.041      -0.03800062]","[ 0.08456635  0.31009282 -0.22042865 ..., -0.082       0.003      -0.005     ]","[  1.15025927e-01  -1.35988785e-01   1.98731728e-01 ...,  -4.69999997e-02
   3.08532284e-11   3.49999997e-02]"
"[ 0.25536597  0.22709262  0.1618495  ..., -0.118      -0.058       0.002     ]","[ 0.32540409  0.28859272 -0.15482221 ..., -0.05200001 -0.018       0.005     ]","[ 0.17067999  0.01243788  0.32238325 ..., -0.019       0.005       0.048     ]","[ 0.28999912  0.25102377  0.11224987 ..., -0.045      -0.025      -0.01      ]","[-0.386034    0.10873471 -0.22246689 ..., -0.002       0.01        0.003     ]","[ 0.1439592   0.22460681  0.16723469 ..., -0.013      -0.007       0.065     ]","[ 0.33257435 -0.27287474  0.14459077 ..., -0.086      -0.096      -0.02      ]","[-0.23282333 -0.19844743  0.00126476 ..., -0.037      -0.04       -0.03900062]","[ 0.08556635  0.30809282 -0.21942865 ..., -0.083       0.005      -0.006     ]","[ 0.11602593 -0.13398878  0.20173173 ..., -0.045      -0.001       0.035     ]"
"[  2.54365974e-01   2.24092625e-01   1.62849499e-01 ...,  -1.16000000e-01
  -5.69999997e-02   1.26966356e-10]","[ 0.32740409  0.28859272 -0.15782221 ..., -0.05100001 -0.021       0.007     ]","[ 0.16967999  0.00943788  0.32238325 ..., -0.022       0.003       0.045     ]","[ 0.29199912  0.25302376  0.11224987 ..., -0.048      -0.026      -0.011     ]","[-0.384034    0.10673471 -0.22546689 ..., -0.005       0.007       0.003     ]","[ 0.1469592   0.22260681  0.1672347  ..., -0.012      -0.004       0.063     ]","[ 0.33557435 -0.26987474  0.14459077 ..., -0.089      -0.099      -0.023     ]","[-0.23082333 -0.19944743  0.00226476 ..., -0.039      -0.037      -0.04100062]","[ 0.08356635  0.31009282 -0.22042865 ..., -0.084       0.007      -0.003     ]","[ 0.11902593 -0.13298878  0.20273173 ..., -0.043      -0.002       0.037     ]"
"[ 0.25736597  0.22509262  0.1658495  ..., -0.115      -0.059      -0.002     ]","[ 0.33140409  0.28859272 -0.15782221 ..., -0.05100001 -0.026       0.012     ]","[ 0.16867999  0.00643788  0.32138325 ..., -0.027       0.001       0.046     ]","[ 0.29399912  0.25302376  0.11524987 ..., -0.052      -0.028      -0.013     ]","[-0.383034    0.10473471 -0.22746689 ..., -0.007       0.002       0.004     ]","[ 0.1509592   0.22160681  0.1692347  ..., -0.015      -0.001       0.061     ]","[ 0.33757435 -0.26887474  0.14559077 ..., -0.091      -0.104      -0.027     ]","[-0.22982333 -0.20044743  0.00526476 ..., -0.039      -0.037      -0.04100062]","[ 0.08356635  0.31209282 -0.22142865 ..., -0.087       0.008      -0.001     ]","[ 0.11902593 -0.13198878  0.20373173 ..., -0.041      -0.003       0.04      ]"
"[ 0.25786597  0.22259262  0.1673495  ..., -0.1135     -0.0595     -0.0045    ]","[ 0.33190409  0.28809272 -0.15632221 ..., -0.04950001 -0.0285      0.0135    ]","[ 0.16817999  0.00393788  0.31988325 ..., -0.0295     -0.0015      0.0445    ]","[ 0.29349912  0.25352376  0.11574987 ..., -0.0535     -0.0285     -0.0155    ]","[-0.381534    0.10423471 -0.22896689 ..., -0.0095      0.0015      0.0045    ]","[ 0.1524592   0.22210681  0.16973469 ..., -0.0135      0.0015      0.0585    ]","[ 0.33907435 -0.26837474  0.14609077 ..., -0.0935     -0.1065     -0.0285    ]","[-0.22832333 -0.19994743  0.00576476 ..., -0.0385     -0.0355     -0.04150062]","[ 0.08406635  0.31359282 -0.22192865 ..., -0.0865      0.0085      0.0005    ]","[ 0.12052593 -0.13248878  0.20423173 ..., -0.0415     -0.0035      0.0395    ]"
"[ 0.25936597  0.22509262  0.1638495  ..., -0.117      -0.058      -0.007     ]","[ 0.32940409  0.28859272 -0.15782221 ..., -0.04800001 -0.028       0.01      ]","[ 0.16667999  0.00543788  0.31638325 ..., -0.033      -0.005       0.041     ]","[ 0.29699912  0.25102376  0.11324987 ..., -0.053      -0.026      -0.016     ]","[-0.383034    0.10373471 -0.22746689 ..., -0.01        0.005       0.005     ]","[  1.54959196e-01   2.24606810e-01   1.72234694e-01 ...,  -1.69999997e-02
   6.62180637e-10   5.99999987e-02]","[ 0.33657435 -0.26587474  0.14759077 ..., -0.094      -0.107      -0.026     ]","[-0.22482333 -0.20044743  0.00726476 ..., -0.035      -0.035      -0.04300062]","[ 0.08156635  0.31309282 -0.22042865 ..., -0.09        0.007      -0.001     ]","[ 0.11902593 -0.13498878  0.20173173 ..., -0.04       -0.001       0.038     ]"
"[ 0.25636597  0.22809263  0.1618495  ..., -0.116      -0.056      -0.009     ]","[ 0.32640409  0.28659272 -0.15882221 ..., -0.05000001 -0.03        0.006     ]","[ 0.16667999  0.00743788  0.31138325 ..., -0.038      -0.009       0.036     ]","[ 0.30099912  0.24902376  0.11524987 ..., -0.053      -0.023      -0.017     ]","[-0.383034    0.10373471 -0.22846689 ..., -0.013       0.01        0.002     ]","[  1.58959196e-01   2.26606813e-01   1.73234694e-01 ...,  -1.89999997e-02
   6.62661459e-10   6.29999987e-02]","[ 0.33657435 -0.26587474  0.15059077 ..., -0.093      -0.105      -0.024     ]","[-0.22382333 -0.20244744  0.00726476 ..., -0.03       -0.032      -0.04700062]","[ 0.07756635  0.31109282 -0.21842865 ..., -0.094       0.004      -0.004     ]","[ 0.11702593 -0.13798878  0.19873173 ..., -0.041       0.001       0.035     ]"
"[ 0.25436597  0.23009263  0.1608495  ..., -0.116      -0.056      -0.01      ]","[ 0.32540409  0.28759272 -0.16082221 ..., -0.05000001 -0.031       0.004     ]","[ 0.16567999  0.00743788  0.31038325 ..., -0.039      -0.011       0.034     ]","[ 0.29999912  0.24902376  0.11724987 ..., -0.052      -0.024      -0.018     ]","[ -3.83033998e-01   1.01734708e-01  -2.28466889e-01 ...,  -1.40000002e-02
   1.09999999e-02  -1.77908293e-09]","[ 0.1609592   0.22560681  0.17423469 ..., -0.019      -0.001       0.063     ]","[ 0.33657435 -0.26587474  0.15159077 ..., -0.094      -0.104      -0.022     ]","[-0.22382333 -0.20144744  0.00926476 ..., -0.029      -0.03       -0.04900062]","[ 0.07556635  0.30909282 -0.21942865 ..., -0.096       0.004      -0.004     ]","[ 0.11602593 -0.13598878  0.19873173 ..., -0.041       0.003       0.035     ]"
"[ 0.25236597  0.23109263  0.1598495  ..., -0.112      -0.055      -0.012     ]","[  3.24404094e-01   2.87592716e-01  -1.64822210e-01 ...,  -4.80000059e-02
  -2.90000004e-02   5.89257713e-10]","[ 0.16667999  0.00443788  0.30738326 ..., -0.04       -0.015       0.031     ]","[ 0.29899912  0.24902376  0.12024986 ..., -0.052      -0.025      -0.017     ]","[-0.382034    0.09773471 -0.23246689 ..., -0.017       0.014      -0.002     ]","[ 0.1579592   0.22760681  0.17723469 ..., -0.015       0.001       0.065     ]","[ 0.33457435 -0.26887474  0.15259077 ..., -0.096      -0.107      -0.018     ]","[-0.22682333 -0.19844744  0.01226476 ..., -0.026      -0.027      -0.05200062]","[ 0.07656635  0.31309282 -0.21942865 ..., -0.097       0.004      -0.007     ]","[ 0.11202593 -0.13498878  0.19973172 ..., -0.045       0.002       0.038     ]"
"[ 0.25036596  0.22909263  0.1548495  ..., -0.107      -0.056      -0.017     ]","[  3.24404094e-01   2.88592716e-01  -1.65822210e-01 ...,  -4.60000059e-02
  -2.50000004e-02   5.87232626e-10]","[ 0.16467999  0.00243788  0.30638326 ..., -0.04       -0.02        0.029     ]","[ 0.30199912  0.24702376  0.12024986 ..., -0.05       -0.025      -0.013     ]","[-0.383034    0.09273471 -0.23746689 ..., -0.022       0.018      -0.003     ]","[ 0.1539592   0.23060681  0.18123469 ..., -0.01        0.001       0.065     ]","[ 0.33657435 -0.26987474  0.15459077 ..., -0.101      -0.109      -0.016     ]","[-0.22782333 -0.19944744  0.01326476 ..., -0.025      -0.024      -0.05500062]","[ 0.07556635  0.31609282 -0.22142865 ..., -0.096       0.003      -0.011     ]","[ 0.11202593 -0.13498878  0.19873172 ..., -0.049      -0.001       0.039     ]"
"[ 0.25086596  0.22859263  0.1533495  ..., -0.1055     -0.0565     -0.0185    ]","[ 0.32290409  0.28709272 -0.16732221 ..., -0.04450001 -0.0235     -0.0015    ]","[ 0.16517999  0.00193788  0.30588326 ..., -0.0415     -0.0215      0.0275    ]","[ 0.30349912  0.24552376  0.12174986 ..., -0.0495     -0.0245     -0.0125    ]","[-0.382534    0.09223471 -0.23696689 ..., -0.0235      0.0175     -0.0035    ]","[ 0.1524592   0.23110681  0.18173469 ..., -0.0085      0.0015      0.0645    ]","[ 0.33707435 -0.27037474  0.15409077 ..., -0.1025     -0.1105     -0.0145    ]","[-0.22832333 -0.19994744  0.01476476 ..., -0.0255     -0.0225     -0.05550062]","[ 0.07606635  0.31559282 -0.22292865 ..., -0.0955      0.0035     -0.0125    ]","[ 0.11252592 -0.13448878  0.19723172 ..., -0.0495     -0.0025      0.0405    ]"
"[ 0.25536596  0.22709262  0.1548495  ..., -0.101      -0.061      -0.015     ]","[ 0.31840409  0.28659272 -0.16582222 ..., -0.04100001 -0.02       -0.005     ]","[ 0.16267999  0.00543748  0.30438326 ..., -0.044      -0.025       0.028     ]","[ 0.30699912  0.24602376  0.11824986 ..., -0.045      -0.021      -0.008     ]","[-0.385034    0.09273471 -0.23646689 ..., -0.026       0.017      -0.008     ]","[ 0.1489592   0.22960681  0.1822347  ..., -0.005       0.006       0.064     ]","[ 0.33557435 -0.27287474  0.15659077 ..., -0.106      -0.111      -0.013     ]","[-0.22782332 -0.19844744  0.01726475 ..., -0.028      -0.019      -0.05200062]","[ 0.07356635  0.31409282 -0.22242866 ..., -0.097       0.001      -0.012     ]","[ 0.11502592 -0.13098878  0.20073172 ..., -0.052      -0.006       0.042     ]"
"[ 0.26036596  0.23009262  0.1558495  ..., -0.097      -0.063      -0.013     ]","[ 0.31340409  0.28559272 -0.16982222 ..., -0.03700001 -0.015      -0.009     ]","[ 0.15867999  0.00843748  0.29938326 ..., -0.045      -0.028       0.025     ]","[ 0.30899912  0.24602376  0.11424986 ..., -0.04       -0.018      -0.003     ]","[-0.389034    0.09273471 -0.23346689 ..., -0.029       0.018      -0.009     ]","[ 0.1459592   0.22860681  0.1802347  ..., -0.001       0.01        0.063     ]","[ 0.33357435 -0.27687474  0.15659077 ..., -0.107      -0.108      -0.01      ]","[-0.22882332 -0.20144744  0.01726476 ..., -0.028      -0.016      -0.05100062]","[ 0.07356635  0.31209282 -0.22242866 ..., -0.101      -0.001      -0.011     ]","[ 0.11502592 -0.12798879  0.20073172 ..., -0.053      -0.009       0.043     ]"
"[ 0.26136596  0.23109262  0.1568495  ..., -0.096      -0.064      -0.012     ]","[ 0.31240409  0.28559272 -0.16982222 ..., -0.03600001 -0.015      -0.01      ]","[ 0.15767999  0.00843748  0.29838326 ..., -0.045      -0.029       0.025     ]","[ 0.30999912  0.24702376  0.11524986 ..., -0.039      -0.018      -0.003     ]","[-0.390034    0.09373471 -0.23346689 ..., -0.029       0.019      -0.01      ]","[  1.44959196e-01   2.28606813e-01   1.79234698e-01 ...,   3.19798461e-10
   1.00000006e-02   6.19999987e-02]","[ 0.33257435 -0.27687474  0.15559077 ..., -0.107      -0.108      -0.009     ]","[-0.22882332 -0.20244744  0.01626476 ..., -0.029      -0.016      -0.05000062]","[ 0.07456635  0.31209282 -0.22342866 ..., -0.102      -0.001      -0.011     ]","[ 0.11402592 -0.12698879  0.20173172 ..., -0.054      -0.009       0.043     ]"
"[ 0.25636596  0.22809263  0.1608495  ..., -0.097      -0.061      -0.013     ]","[ 0.30840409  0.28359273 -0.17182222 ..., -0.03200001 -0.011      -0.015     ]","[ 0.15567999  0.01043748  0.30138326 ..., -0.05       -0.027       0.02      ]","[  3.04999121e-01   2.47023760e-01   1.16249860e-01 ...,  -3.39999992e-02
  -1.30000002e-02   2.33832586e-10]","[-0.395034    0.08973471 -0.23546689 ..., -0.034       0.017      -0.013     ]","[ 0.1429592   0.22560681  0.1822347  ...,  0.003       0.014       0.06      ]","[ 0.33657435 -0.27787474  0.15459077 ..., -0.109      -0.11       -0.009     ]","[-0.23082332 -0.20544743  0.02026475 ..., -0.027      -0.014      -0.04600062]","[ 0.07356635  0.30809282 -0.22242866 ..., -0.103      -0.004      -0.011     ]","[ 0.11002592 -0.12898879  0.20173172 ..., -0.057      -0.012       0.041     ]"
"[ 0.25236596  0.23009262  0.1658495  ..., -0.098      -0.062      -0.014     ]","[ 0.3044041   0.28659273 -0.17282222 ..., -0.02700001 -0.006      -0.02      ]","[ 0.15667999  0.01043748  0.30338326 ..., -0.055      -0.025       0.016     ]","[  3.00999121e-01   2.48023760e-01   1.15249860e-01 ...,  -3.09999992e-02
  -1.00000001e-02   2.37589277e-10]","[-0.398034    0.08573471 -0.23646689 ..., -0.039       0.016      -0.015     ]","[ 0.1409592   0.22460681  0.1842347  ...,  0.003       0.017       0.059     ]","[ 0.33557435 -0.27787474  0.15359077 ..., -0.11       -0.114      -0.01      ]","[-0.23382332 -0.20544743  0.02026475 ..., -0.026      -0.014      -0.04500062]","[ 0.07556635  0.30709282 -0.21842866 ..., -0.106      -0.006      -0.011     ]","[ 0.11002592 -0.13198879  0.19973172 ..., -0.059      -0.013       0.039     ]"
"[ 0.25186596  0.22959262  0.1663495  ..., -0.0985     -0.0615     -0.0145    ]","[ 0.3039041   0.28609273 -0.17332222 ..., -0.02650001 -0.0055     -0.0205    ]","[ 0.15617999  0.00993748  0.30388326 ..., -0.0555     -0.0245      0.0155    ]","[ 0.30049912  0.24852376  0.11574986 ..., -0.0305     -0.0095      0.0005    ]","[-0.398534    0.08523471 -0.23596689 ..., -0.0395      0.0155     -0.0155    ]","[ 0.1414592   0.22410681  0.1847347  ...,  0.0035      0.0165      0.0585    ]","[ 0.33507435 -0.27737474  0.15309077 ..., -0.1105     -0.1145     -0.0105    ]","[-0.23432332 -0.20594743  0.02076475 ..., -0.0255     -0.0135     -0.04450062]","[ 0.07606635  0.30759282 -0.21792866 ..., -0.1055     -0.0055     -0.0105    ]","[ 0.10952592 -0.13248879  0.19923172 ..., -0.0585     -0.0135      0.0395    ]"
"[ 0.25636596  0.22909264  0.17184949 ..., -0.101      -0.056      -0.019     ]","[ 0.30840409  0.29059273 -0.17582222 ..., -0.02700001 -0.01       -0.023     ]","[ 0.15167999  0.00743748  0.30038326 ..., -0.053      -0.028       0.019     ]","[ 0.29499912  0.24902376  0.11524986 ..., -0.028      -0.008       0.003     ]","[-0.402034    0.09073471 -0.23546689 ..., -0.04        0.021      -0.014     ]","[ 0.1419592   0.21960681  0.1882347  ...,  0.007       0.018       0.053     ]","[ 0.33657435 -0.27487474  0.15159077 ..., -0.112      -0.119      -0.009     ]","[-0.23982332 -0.20944742  0.01626476 ..., -0.027      -0.01       -0.04100062]","[ 0.07856635  0.30709282 -0.21542866 ..., -0.109      -0.006      -0.014     ]","[ 0.10802592 -0.13598878  0.20173172 ..., -0.064      -0.011       0.04      ]"
"[ 0.25836596  0.22709264  0.17584949 ..., -0.103      -0.051      -0.02      ]","[ 0.30840409  0.29359273 -0.17482222 ..., -0.02700001 -0.012      -0.023     ]","[ 0.14967999  0.00843748  0.29638326 ..., -0.054      -0.029       0.02      ]","[ 0.28999912  0.25002376  0.11624986 ..., -0.023      -0.007       0.008     ]","[-0.404034    0.0937347  -0.23746689 ..., -0.04        0.026      -0.011     ]","[ 0.1429592   0.21560681  0.1922347  ...,  0.007       0.019       0.052     ]","[ 0.33657435 -0.27187474  0.14959077 ..., -0.112      -0.123      -0.009     ]","[-0.24482332 -0.21144742  0.01326475 ..., -0.029      -0.006      -0.04000062]","[ 0.07856635  0.30809282 -0.21342866 ..., -0.112      -0.006      -0.014     ]","[ 0.10602592 -0.13298879  0.20473172 ..., -0.069      -0.009       0.04      ]"
"[ 0.25736596  0.22809264  0.17684949 ..., -0.104      -0.05199999 -0.021     ]","[ 0.3074041   0.29459272 -0.17382222 ..., -0.02800001 -0.011      -0.022     ]","[ 0.15067999  0.00943748  0.29538326 ..., -0.055      -0.028       0.021     ]","[ 0.28899912  0.25102376  0.11724986 ..., -0.022      -0.006       0.009     ]","[-0.403034    0.09273471 -0.23846689 ..., -0.041       0.027      -0.012     ]","[ 0.1419592   0.21460681  0.1912347  ...,  0.008       0.018       0.051     ]","[ 0.33757435 -0.27087474  0.14859077 ..., -0.111      -0.122      -0.01      ]","[-0.24582332 -0.21244742  0.01426475 ..., -0.028      -0.005      -0.03900062]","[ 0.07756635  0.30909282 -0.21242866 ..., -0.113      -0.005      -0.015     ]","[ 0.10502592 -0.13198879  0.20573172 ..., -0.07       -0.01        0.039     ]"
"[ 0.25436596  0.23009264  0.18184949 ..., -0.108      -0.05099999 -0.025     ]","[ 0.3084041   0.29759272 -0.16882222 ..., -0.02900001 -0.012      -0.017     ]","[ 0.15167999  0.01443748  0.29438326 ..., -0.054      -0.026       0.024     ]","[ 0.28399912  0.25402376  0.11724986 ..., -0.017      -0.005       0.013     ]","[-0.402034    0.09373471 -0.23846689 ..., -0.042       0.027      -0.013     ]","[ 0.1429592   0.21060681  0.1912347  ...,  0.01        0.017       0.049     ]","[ 0.33957435 -0.26987474  0.14759077 ..., -0.112      -0.121      -0.008     ]","[-0.24782332 -0.21644742  0.01526475 ..., -0.031      -0.002      -0.04000062]","[ 0.07456635  0.30809282 -0.20942866 ..., -0.115      -0.004      -0.017     ]","[ 0.10302592 -0.13298879  0.20773172 ..., -0.072      -0.012       0.038     ]"
"[ 0.25386596  0.23159264  0.18634949 ..., -0.1125     -0.04949999 -0.0275    ]","[ 0.3079041   0.30109272 -0.16732222 ..., -0.02750001 -0.0135     -0.0135    ]","[ 0.15217999  0.01893748  0.29088326 ..., -0.0535     -0.0235      0.0285    ]","[ 0.27949912  0.25752376  0.11674986 ..., -0.0125     -0.0035      0.0175    ]","[-0.403534    0.09423471 -0.24096689 ..., -0.0435      0.0265     -0.0145    ]","[ 0.1424592   0.20910681  0.1927347  ...,  0.0085      0.0145      0.0485    ]","[ 0.34207435 -0.26837474  0.14709077 ..., -0.1135     -0.1195     -0.0105    ]","[-0.25032332 -0.21394742  0.01776475 ..., -0.0325     -0.0025     -0.04050062]","[ 0.07306635  0.31159282 -0.20692866 ..., -0.1185     -0.0025     -0.0185    ]","[ 0.09952592 -0.13148879  0.20923192 ..., -0.0765     -0.0125      0.0345    ]"
"[ 0.25436596  0.23209264  0.1858495  ..., -0.111      -0.04799999 -0.029     ]","[ 0.30940409  0.30059272 -0.16682222 ..., -0.02600001 -0.015      -0.015     ]","[ 0.15367999  0.02043748  0.29238326 ..., -0.052      -0.024       0.03      ]","[ 0.28099912  0.25802376  0.11824986 ..., -0.011      -0.004       0.017     ]","[-0.404034    0.0957347  -0.24246689 ..., -0.045       0.028      -0.016     ]","[ 0.1439592   0.20760682  0.19423469 ...,  0.007       0.013       0.05      ]","[ 0.34057435 -0.26987474  0.14659077 ..., -0.114      -0.121      -0.011     ]","[-0.25182332 -0.21444742  0.01926475 ..., -0.034      -0.003      -0.03900062]","[ 0.07256635  0.31309282 -0.20742866 ..., -0.12       -0.001      -0.019     ]","[ 0.10102592 -0.12998879  0.21073192 ..., -0.076      -0.014       0.036     ]"
"[ 0.25636596  0.23409264  0.1888495  ..., -0.11       -0.04699999 -0.033     ]","[ 0.3094041   0.30359272 -0.16282222 ..., -0.02100001 -0.019      -0.017     ]","[ 0.15367999  0.02443747  0.29238326 ..., -0.047      -0.028       0.035     ]","[ 0.28599912  0.25802376  0.12124986 ..., -0.006      -0.005       0.016     ]","[-0.407034    0.0977347  -0.24246689 ..., -0.049       0.029      -0.019     ]","[ 0.1479592   0.20560682  0.19723469 ...,  0.008       0.012       0.049     ]","[ 0.33757435 -0.27287474  0.14559077 ..., -0.115      -0.123      -0.01      ]","[-0.25582332 -0.21844742  0.02026475 ..., -0.037      -0.007      -0.04100062]","[ 0.07256635  0.31509282 -0.21042866 ..., -0.123      -0.001      -0.022     ]","[ 0.10002592 -0.12598879  0.21273192 ..., -0.074      -0.014       0.037     ]"
"[ 0.25836596  0.23509264  0.1888495  ..., -0.108      -0.04799999 -0.035     ]","[ 0.31340409  0.30159272 -0.15882222 ..., -0.01700001 -0.021      -0.02      ]","[ 0.15367999  0.02843747  0.29238326 ..., -0.043      -0.031       0.038     ]","[ 0.28899912  0.25802376  0.12124986 ..., -0.002      -0.008       0.018     ]","[-0.409034    0.0987347  -0.24046689 ..., -0.052       0.03       -0.022     ]","[ 0.1509592   0.20760682  0.20023469 ...,  0.006       0.008       0.049     ]","[ 0.33757435 -0.27587474  0.14259077 ..., -0.119      -0.124      -0.008     ]","[-0.25882332 -0.22244742  0.02126475 ..., -0.04       -0.01       -0.04100062]","[  7.55663479e-02   3.19092820e-01  -2.12428658e-01 ...,  -1.24000000e-01
   3.74012763e-09  -2.59999998e-02]","[ 0.10302592 -0.12398879  0.21373192 ..., -0.074      -0.013       0.038     ]"
"[ 0.25736597  0.23509263  0.1908495  ..., -0.106      -0.04999999 -0.034     ]","[ 0.31540409  0.30359272 -0.15682222 ..., -0.01500001 -0.023      -0.019     ]","[ 0.15267999  0.02943747  0.29438326 ..., -0.045      -0.033       0.04      ]","[ 0.29099912  0.26002376  0.12324986 ..., -0.002      -0.006       0.018     ]","[-0.408034    0.1007347  -0.23846689 ..., -0.053       0.031      -0.024     ]","[ 0.1529592   0.20960682  0.20223469 ...,  0.008       0.007       0.049     ]","[ 0.33757435 -0.27787474  0.14359077 ..., -0.121      -0.122      -0.008     ]","[-0.26082332 -0.22344742  0.02026476 ..., -0.042      -0.011      -0.04100062]","[ 0.07456635  0.32009282 -0.21142866 ..., -0.126       0.001      -0.028     ]","[ 0.10502592 -0.12398879  0.21173192 ..., -0.072      -0.013       0.039     ]"
"[ 0.25636597  0.23309263  0.1958495  ..., -0.105      -0.05199999 -0.036     ]","[ 0.31840409  0.30659272 -0.15282222 ..., -0.01200001 -0.024      -0.02      ]","[ 0.15167999  0.03143747  0.29338326 ..., -0.046      -0.037       0.044     ]","[ 0.29199912  0.26102376  0.12624986 ...,  0.001      -0.008       0.019     ]","[-0.404034    0.1047347  -0.23546689 ..., -0.055       0.034      -0.029     ]","[ 0.1549592   0.20960682  0.20623469 ...,  0.012       0.003       0.05      ]","[ 0.33757435 -0.27887474  0.14359077 ..., -0.124      -0.122      -0.005     ]","[-0.26082332 -0.22744742  0.02326476 ..., -0.042      -0.013      -0.04300062]","[ 0.07556636  0.31909282 -0.21142866 ..., -0.13        0.002      -0.028     ]","[ 0.10802593 -0.12398879  0.21173192 ..., -0.071      -0.013       0.04      ]"
"[ 0.25486597  0.23359263  0.1963495  ..., -0.1035     -0.05249999 -0.0365    ]","[ 0.32090409  0.30809273 -0.15132222 ..., -0.01350001 -0.0225     -0.0185    ]","[ 0.15217999  0.03293747  0.29088326 ..., -0.0475     -0.0405      0.0465    ]","[ 0.29249912  0.26052376  0.12874986 ...,  0.0025     -0.0055      0.0195    ]","[-0.402534    0.1072347  -0.23696689 ..., -0.0555      0.0355     -0.0325    ]","[ 0.1554592   0.21010682  0.20973469 ...,  0.0155      0.0015      0.0495    ]","[ 0.33707435 -0.28137474  0.14309077 ..., -0.1255     -0.1225     -0.0075    ]","[-0.26232332 -0.22794742  0.01976476 ..., -0.0425     -0.0155     -0.04650062]","[ 0.07606636  0.31959282 -0.21092866 ..., -0.1325      0.0015     -0.0285    ]","[ 0.10952593 -0.12548879  0.21223192 ..., -0.0695     -0.0135      0.0415    ]"
"[ 0.25536597  0.23209263  0.1958495  ..., -0.103      -0.04999999 -0.034     ]","[ 0.3204041   0.31059273 -0.15382222 ..., -0.01600001 -0.021      -0.016     ]","[ 0.15367999  0.03043747  0.28838326 ..., -0.05       -0.043       0.046     ]","[ 0.29099912  0.25802376  0.13124986 ...,  0.003      -0.003       0.018     ]","[-0.405034    0.1047347  -0.23946689 ..., -0.057       0.034      -0.031     ]","[ 0.1539592   0.20760682  0.21223469 ...,  0.018       0.002       0.052     ]","[ 0.33957435 -0.28087474  0.14459077 ..., -0.127      -0.124      -0.007     ]","[-0.26082332 -0.22744742  0.02026476 ..., -0.045      -0.017      -0.04800062]","[ 0.07656636  0.32109282 -0.21242866 ..., -0.134      -0.001      -0.026     ]","[ 0.10702593 -0.12798879  0.21073192 ..., -0.067      -0.012       0.04      ]"
"[ 0.25936597  0.22709263  0.1948495  ..., -0.1        -0.04799999 -0.036     ]","[ 0.3184041   0.31559273 -0.15882222 ..., -0.02000001 -0.022      -0.013     ]","[ 0.15667999  0.02743747  0.28438326 ..., -0.053      -0.047       0.047     ]","[ 0.28999912  0.25802376  0.13524986 ...,  0.002      -0.004       0.016     ]","[-0.410034    0.10073471 -0.24246689 ..., -0.058       0.03       -0.029     ]","[ 0.1519592   0.20560682  0.21623469 ...,  0.023       0.003       0.051     ]","[ 0.34357435 -0.28087474  0.14359077 ..., -0.125      -0.125      -0.008     ]","[-0.25882332 -0.22844742  0.02226476 ..., -0.05       -0.019      -0.04700062]","[  7.95663605e-02   3.21092819e-01  -2.17428659e-01 ...,  -1.34000000e-01
   3.75015868e-09  -2.59999998e-02]","[ 0.10702593 -0.12998879  0.20673192 ..., -0.065      -0.013       0.042     ]"
"[ 0.25936597  0.22409263  0.1948495  ..., -0.097      -0.04799999 -0.036     ]","[ 0.3194041   0.31859273 -0.16182222 ..., -0.02300001 -0.022      -0.015     ]","[ 0.15767999  0.02543747  0.28238326 ..., -0.055      -0.049       0.048     ]","[ 0.28999912  0.25802376  0.13624986 ...,  0.001      -0.006       0.014     ]","[-0.412034    0.09773471 -0.24446689 ..., -0.06        0.027      -0.028     ]","[ 0.1499592   0.20260682  0.21423469 ...,  0.026       0.003       0.049     ]","[ 0.34557435 -0.28087474  0.14459077 ..., -0.127      -0.127      -0.006     ]","[-0.25982332 -0.22744742  0.02526476 ..., -0.053      -0.021      -0.04700062]","[ 0.08056636  0.32109282 -0.22042866 ..., -0.135       0.002      -0.023     ]","[ 0.10702593 -0.13198879  0.20373192 ..., -0.064      -0.012       0.043     ]"
