selfWeights0,selfWeights1,selfWeights2,selfWeights3,selfWeights4,selfWeights5,selfWeights6,selfWeights7,selfWeights8,selfWeights9
86.06707633877164,106.17238443474663,120.72346406841747,139.5260225823405,105.58025236797546,131.8293081871463,93.64809807667478,117.08021341724802,114.22824218011328,76.15051526817984
114.39719667038675,142.37670381634544,152.83108008489444,99.26860169503767,79.98277301209926,133.81335441287732,101.70218121086057,115.96585514171106,126.77079099542543,85.40297062891575
99.81820819403781,129.45492357265888,117.14831157806809,121.24639726444141,81.3316233540997,118.79725097966593,155.46188698270342,116.55671079167098,106.86427382684869,132.53000114016
90.54213551063329,136.47517562791978,91.63497438058866,71.9870273515315,94.56061367525074,109.11291549868845,102.33431949774884,110.41793916531371,78.17849097985516,101.29531229036463
114.72538878428479,135.36317076213317,117.03664999990514,75.95398340310622,78.87414662972836,101.90042769002999,103.16136909452936,93.52860367182952,118.89239422051723,142.42012416024676
116.84219872464816,107.05859357800337,97.09237682449739,108.12317853971828,109.35943143962972,102.69320721264359,84.85654294708723,109.32337387466907,99.74462458633002,120.16603088047586
99.59666657715181,108.72259900861697,100.38545552270803,75.54474463751339,74.6974998739379,135.5479911251454,75.24949232263319,88.45253960416134,95.59219597902569,100.05027393181862
114.43262719298431,78.13196992385643,99.92974452295515,109.59831349318853,117.03905877661148,100.02285727578747,109.70392524581922,77.20867397576538,126.66174778319588,102.83352216024956
108.26376005652187,157.56168507042892,83.16737289187246,121.7926434523565,88.60028029857428,96.11586274602003,120.28553034911644,109.39618484574393,75.11179070913128,86.88891301668143
152.3438185407486,101.92585152066287,93.33328487197626,91.30592713729044,113.95487226782785,89.95331197589987,96.26165017546228,132.7858391341037,105.03552466507676,90.64670477729034
109.53191542398665,93.69455085136048,170.76324363931562,84.05553450788943,119.42138778042094,119.53153827093034,101.54682917735965,110.1604339874635,93.80050469238364,137.90654975234256
104.25706382087793,104.3532397086497,104.36263085925611,142.04572405556382,112.63165137484376,119.84261128051213,93.99805455131143,148.61749982835175,124.97143800535362,120.31406128005456
102.50951791316452,131.46985825876453,135.2603234472847,127.15431796531867,83.69990644837029,136.68038119388765,108.30855634750296,95.49624332511111,116.83957369532176,108.65639107106725
116.10896898409143,116.00497357976053,132.58891169109137,128.9489052342749,70.67526261754148,124.78925120820185,106.60378130918563,103.44331426489636,158.9127364068196,136.23508233505035
83.95340856495864,89.0198733875114,130.8521058257727,78.1046082914699,59.818602451892396,133.6191530087822,82.43505929177472,137.92443389309273,131.4521027521281,98.3699633103774
99.52980778479125,90.60160040670067,83.36822948503549,130.32162970077607,82.30881733277425,125.60876827969805,103.3141892972216,120.3655594119378,151.63507831868887,86.63143723125192
113.9832487297453,100.9291060048879,126.05929397240402,119.41921144652365,146.70180924678795,161.18850131294786,99.042474858958,92.80025067194241,114.82579013962571,111.6556725406864
120.80528309212262,184.73737438858157,103.91553570025117,220.20878989981398,94.36551547339492,106.2379883491048,149.72197022503596,82.7381655884136,181.14319539473672,115.12141384674942
79.10076127064141,117.95228684289113,102.76677943100847,151.5382679820292,152.314711012923,138.37735475863295,103.14726704737359,110.4647459560386,141.93204589264369,112.65539351415269
161.57636030855198,120.68628131359051,145.48269632974132,91.17526459877824,155.01248715369803,113.7126867088845,137.3000582717379,123.50406601661214,104.07703187867443,173.44281143487638
132.3325409198525,188.47203031902106,155.74692123073132,184.42936334030406,123.90740767487864,150.21513530835702,127.6238194848302,122.06232760457662,146.19213804801538,207.95309473147182
128.80139263974607,145.84841798165291,178.21515006971862,148.3981011503469,129.94072212111973,115.5630580350128,98.11855431117903,179.17030889198733,130.22664021867664,184.11745986352835
135.13933556717598,137.06024344400674,179.22529952314284,97.03048996502578,131.14546781168036,132.85932415395783,143.97502113898202,136.92541725764988,179.57041944261994,215.43836163174285
104.22292607762948,154.99252503734562,152.97766734289192,139.31166012754593,119.7598323080134,135.84166494402805,141.8943990316802,131.71547420752935,142.57258690178463,116.82010187689762
123.64609591464053,162.46602735140831,126.88860599814059,112.24972161554892,129.41949056059886,173.20528710616594,116.17117031727116,130.5805206288356,142.6265649707115,210.89575543673612
137.6827201056571,139.79029385502852,122.81785406650135,184.42963251679345,104.42341413563071,107.32226600694372,142.12670561543973,159.52525853782518,128.6690869139566,137.64200707581858
138.5806092467236,119.7149313806037,208.40087475414828,113.05821481388186,142.29086017645005,118.11916794115997,124.91248883031551,122.79242008985895,115.31638701634805,187.9273868467675
163.39333038007203,93.76883877423748,185.51917374266222,152.0965071995251,151.3934373196634,125.1488581287791,112.2247649148768,171.73115154384843,144.18654020208734,147.0769916076384
925.9214922121196,180.64359574886234,131.36676893008791,142.6709026312183,200.78997721171368,146.78984927478325,142.11660366171589,159.44275028797725,124.90196977146067,119.50232550459748
132.0263292403092,133.38635148822553,173.63558159262914,165.04143704712632,142.98935884400953,131.61203444997983,133.26057848998175,144.814267641818,177.57265475850224,107.06793130380377
241.4713228669235,107.0505570358996,136.5236756498314,149.76199740611779,162.42710539115646,133.38189460723476,116.14515243291409,139.58445509011614,186.56543167875128,170.8627836065894
171.34270555061033,130.8173198055194,132.84344306938624,150.36823416849055,158.21326396376702,199.5604079301323,180.0289512801633,133.13043879127994,168.95238485138756,139.24009357787125
112.86337432039227,151.2508561019965,164.46854973055406,172.7586911883347,148.23353184540542,177.2272331198487,91.02273709425819,127.52603302381915,178.67332565265562,126.4848480447094
101.00138470776568,223.0567000907811,216.3621548153627,147.42447328608168,115.24213413310885,228.57435905164976,210.0155294573657,160.19741711355653,177.86074240273248,203.08854941173254
117.45040623553069,96.39817072722386,181.73127906565782,167.73388657235515,210.1715350988565,147.6107236302432,116.91285549218571,108.4009125883569,189.97123303855045,146.31975331519013
91.19169068522268,212.21043204941176,195.49911013958223,126.4994388243727,142.2572009619698,262.6604450584341,96.89399951245629,154.17479011151428,190.92539190514896,146.55690798830418
200.67389332292493,173.68856008936694,198.35013096965497,229.72325864391314,246.15190219336714,134.11616690496592,87.39993025789315,154.4791542509953,262.1562796531534,165.60124381748608
223.24059083423586,166.5052021833484,235.09596193585597,224.94620896375466,170.00508921314378,159.3698341953014,84.92015303884685,221.84946108138155,244.98453059985775,146.24782056569737
210.10613907086145,176.08654428609435,151.7308370105552,170.6114313835862,218.60432060040264,102.14862145057631,164.5783600140548,266.0765735489017,230.31265226411085,226.15651777363996
162.73364632683837,208.25759245003087,162.1956095707019,216.56043238754685,183.81130471282464,147.61695059513625,156.90200495514864,220.26641121830818,259.2341640987781,241.849842568318
208.67925327701545,197.84074946032905,131.7851912239563,157.06983134233977,190.2238048054398,145.32463087306274,164.56481133164633,193.0501678750618,182.5496255958937,198.63468539321224
186.581544738761,203.49421874189966,195.15824673855582,264.346003874135,202.41375891487147,127.69922979976543,168.58872889875374,238.51419209539722,256.56247913976966,142.18414303374186
241.4572244461753,220.89503184187544,176.67220110495526,201.2831463100595,178.11275591524648,185.73705922314346,141.1890063890882,199.22947302648464,254.64142960460214,166.9004255605335
231.9900754320446,267.4930426828919,193.71700234137873,186.85709963002265,219.9224975860981,129.68606019409754,155.63164245433944,226.8737575879067,218.12682542336705,202.356492482259
176.11921835605963,212.47768108452908,213.59170392450125,173.99531960823737,197.63481857529655,162.8143625736494,250.96399705174673,235.50483119203557,194.39068513412397,136.2396774496295
234.8157494226681,156.31242066681654,167.81533568086795,226.63333167981745,198.03091429066123,131.8542762390283,210.62380763573472,187.9612508517343,169.60586081257046,198.6739864806725
219.61106339136273,201.57615889767993,178.08319803310982,164.45444325427354,214.79509607820268,125.61136833017144,183.58099184729207,178.5102487673745,204.24958437318008,247.44333748004547
180.50106268190171,193.09349667530225,187.89113303448798,232.45368933445351,273.7728860930863,185.3222051238066,200.42498234356108,167.25296924568934,215.56166040560444,208.4311862045112
227.88494535413412,188.44849476672778,192.91808815989725,268.1524738690932,217.09580743422686,115.36197303454206,153.86115655048468,124.86520791936348,234.38173183572496,278.6577830219609
197.86691526817532,235.54820850331623,194.20292235087618,227.1291512403933,180.48026871933197,256.1001509301511,207.17027642590656,140.1229738019818,229.19428617948648,246.3178933299339
185.36090017307362,226.89481716105647,327.86979597147166,246.27302940162667,178.2377297900035,255.69768901287958,216.80756185320647,302.27459622134216,250.76534523557592,228.2199420714204
194.9005187797306,224.36251912466486,248.18995128949808,184.9877431328034,172.42887594540812,254.34416986935457,151.5834163916288,223.4897925951052,249.46576088290934,282.96577418366167
203.92384540695622,187.751030183398,279.8997465205066,180.01475716041216,233.3034417495836,186.73237100455637,159.96034783697354,216.0999114045135,236.75947511015468,241.55747357907813
178.05929511891952,211.27108581562706,198.95939722545856,198.16712117333518,243.7410012007577,181.22982567120215,186.27970292406795,197.92024442279305,166.1129932340999,237.53432543286567
206.0526998388674,187.94837691139597,306.68952086492993,295.3401245180253,265.3253963285086,186.81818907673602,184.73606920534013,185.64832027236278,261.93961399759064,302.0122070678276
154.3682144197124,167.52583722571262,198.13583650923866,243.678968679314,276.67535993596766,275.82449286331996,178.67491104667073,295.7955913659096,204.3704866268443,259.118884453983
207.93649007374114,260.1232607087939,228.9430417194113,296.8901256594208,214.7272089354863,258.8431813378908,212.1380863473504,356.592594666069,242.94761069302984,320.68110597792884
339.57026870571354,247.2741721397879,258.0977718755631,326.82533828942263,198.13970703369395,257.8523610577308,191.78074466181044,415.1011036296877,163.0660796671234,198.53653862685508
170.69409252685932,309.45643741453324,231.845849548818,252.43918664128168,258.0252607313763,310.9512015576383,237.75903696454145,310.46942025339575,351.25748617213196,296.67362952216905
193.96110313408616,375.8201320549947,246.73693063069828,317.3984493273984,243.8154007769465,249.8650322345651,251.0928421892163,348.31922672655935,309.13564604114674,213.8153248306692
140.1974641358676,292.34076608356065,264.67708779728935,432.0421802082539,199.1534987177507,269.78739125226514,260.97058926660435,317.7040515717187,342.8321143319133,292.3936659226376
278.2434867418559,260.6229854669888,208.5112073943107,252.92602112066632,159.631869676761,198.96433889316685,233.21213558227538,315.3404671072546,268.74627345567274,366.2923943376089
319.6705034795086,280.08467510054186,240.77764968314042,235.52065085098363,202.2799268333976,208.92302889133538,212.51609640094082,291.9928852755318,271.6658922149868,370.2225632577962
296.89994673811896,279.6984799210054,227.5938639029897,284.2575468372218,217.16308642438028,297.48720193719043,239.80698440889847,334.97351817599395,527.0265946547943,305.1077123806811
283.77275885532833,257.8615516888466,400.68477540324625,309.7411897284809,258.45434112582194,315.28442608961643,219.20652384488235,402.76051372973393,343.7049154547942,391.5284464968635
234.22398529142987,310.9542986687929,266.8218756333435,286.9847985311295,316.31488768282236,312.691756846649,293.65397154427166,257.6814296114565,341.41537900517244,407.54568110778666
359.31488106356477,286.37993452498847,320.4010439220409,276.8542008878848,342.05555070778706,299.6127949412056,318.01748443983104,373.5559088882841,267.4117130455864,295.45768500014606
281.42754870995606,258.511423948064,233.49723465067993,223.13047343571384,326.8248950057394,324.64614848758004,359.9259668932845,247.65279778260341,299.4537818493421,267.8424559309338
258.2525136105402,222.52614887735933,258.8312357570798,494.81272036520113,348.5695948175688,430.9419254174087,292.93108049475813,286.3795533007408,185.6320799637275,250.97372293962718
239.2071232871133,262.15785759080813,368.6803083153319,327.342408399047,395.4401809809992,356.0197469634608,293.90413929909903,335.1253788400032,398.4390811103869,212.5794161593946
225.16177065484328,368.6595396952665,324.51767962542067,348.9679871235522,223.4976004743224,369.06511307914616,355.75744597867515,398.1830885808638,521.8537592076461,496.62087241628325
231.40412070509348,346.011336808874,477.8930486800363,229.4613729873464,428.01103262176906,364.1582717344821,355.2029280318459,441.66165386207325,433.73952541910535,381.9438157638293
259.9262359683237,449.5661444722052,359.0511851063445,501.4284999527773,317.8698168836264,451.77761547818477,298.99050492813154,297.87514487996384,328.2504740387632,214.5005277869772
306.0784476243377,486.9316068212569,317.5246987585561,507.3497024297916,264.3098845195867,282.21420519743197,345.31218554082477,356.53605817155204,509.70676769418804,387.2284165809332
260.6288376864851,455.13054755370206,302.494362964366,507.51892997323864,315.9761767167028,323.3144916717106,312.36886773555244,254.6615640469983,575.5140301499879,318.0361486011456
326.0470542522918,486.5595513107212,433.69608858067386,404.385019412094,428.8942405153925,267.72143536291827,345.57148327217607,473.768744713625,371.2040834257531,295.14896731749786
789.9821027114372,479.4242832350221,413.3520843862428,503.4508106184563,207.2175605243806,453.38453395139265,314.7675451230788,268.2320689464681,437.2717322207041,519.7374073214942
424.47458917273013,323.44963737002837,349.1183337465163,548.7641276979982,248.3496727087945,369.57086913777397,324.41047902812625,246.37284185785114,637.8600408795281,391.6748222747434
451.08357634551896,353.02942004472584,431.7605963479352,469.25437809935596,619.454373688959,356.0029245716187,305.37297455186206,407.82215589541954,287.02243740056093,444.87540781404755
508.97942673561636,548.1804513961974,505.6763364340287,371.2812242067306,252.49285591186674,544.6266522336807,322.93056336781956,335.9789215202042,308.94045593811256,494.5976239032181
324.9225530099535,304.82701936840783,462.0484800478983,406.5402729694574,248.4677792172763,505.2394866169078,334.9291527251179,426.60841427465346,400.83576851427216,318.46916996993923
341.7586410248231,426.2791684408447,572.1171440716197,306.91497882074816,481.2539854879859,575.0817649404663,399.44701476596344,390.0643952492985,264.8685204461704,539.0515886655853
482.82483461547923,311.1226183971302,519.4447779766131,445.3748874862095,287.66847760636654,450.9569369705422,352.86757878402847,303.67482687967663,1661.4046093060824,427.6405083853261
369.8069922880241,409.30259448571667,459.4444566907234,430.57420630379625,299.06034909894214,235.16011985837753,504.2076151937592,629.4591346227962,502.4087907135487,302.44410440701324
864.4945924637638,371.9632315281974,515.9795826221768,540.0811844262433,517.79230284921,659.1877761857602,526.9224686590189,284.78716095158705,366.6284540631251,396.10327090156585
792.1376483651019,394.5990002492708,489.0044782926501,431.53445081029923,401.4572450892458,487.0784408462431,483.0667608135328,444.66086266642344,422.35106961583114,537.2508250474806
417.5944776765007,287.3384695865841,365.4459435527944,302.72517980222875,393.59385849896984,596.652528886703,494.68688104616535,532.1277733737037,263.52056781751105,458.93720974473956
306.27911824746184,612.1012919631935,374.3903822377464,496.9709618616593,358.5978503383947,563.1263026089957,477.9836167142773,448.0259867219476,221.0138478617483,504.6077516956428
317.5669065915808,480.1342841289748,335.373418078411,330.9535514813852,398.2555286400405,545.5965129543729,534.6001994820522,372.8766977866294,618.0759961305171,382.7589099136413
296.7548796557869,488.58965398194846,679.679789738686,287.62045169009116,689.710861993597,507.8120465526292,467.65185018673844,517.660811995783,717.8290250765763,422.14815224019526
660.8743102495738,426.46852138067175,449.4264187245465,290.3833543725829,549.0774905324834,447.4783826730793,404.23823059010584,472.3353242956979,418.1750530800757,681.8582775024322
249.16401161006118,338.03910691940814,531.826599763508,290.8155242604901,549.8120457865967,610.1203648259349,397.8931455248761,588.4831909452566,747.8278918661238,559.8880771583537
309.9560670745799,486.4351803196075,347.79737996810076,296.1279188170049,643.0038665134758,403.06905195169793,420.86162906114004,877.3779187714739,634.5802742925679,390.2754018614068
1071.8963229906076,659.9395391859963,293.2903205422257,264.30518160110034,378.2797040060201,468.33600295680566,450.2890462226885,832.3724582316263,477.1181317931142,758.0069274560537
427.70219958500417,377.5402424045577,639.9214730272184,569.6447383193741,507.7845801413416,305.86283310270375,589.4190708296575,369.8468335851571,483.5549016860475,584.4211717473543
444.56916615172815,353.7419661066104,750.030405794349,578.6495002251227,688.8933475086494,421.2229222208489,363.8962819808555,722.5551736350353,666.2065808650495,573.6469948974018
655.416872890397,271.36898220467475,352.0581127055484,509.17317557080844,501.33810469356854,550.55422222095,493.6088423550656,411.25148026222405,442.429125387003,578.4061503550746
411.51430244177556,369.3248229026444,362.6380827828935,637.2781229796498,498.185507592588,453.44804417100653,394.9409952416776,430.4746903081755,923.2169240554728,483.9441823703677
552.3600168201925,360.21033988550425,671.610015207963,870.8454993180598,668.4448603554604,460.7462290391077,507.6596266041796,317.038072218606,486.08399320500394,484.8739670935707
489.8838120736084,467.9963603019413,602.0010177387092,385.8701758156343,586.6605569476469,942.5715870601477,397.2673199959728,341.1705011168631,520.3974359260069,398.19699392470045
430.36531419745046,450.6231952861732,459.73122457541683,398.45391659641155,546.6182504497274,521.0246113765729,441.54532244956977,365.55942726278823,567.125185002689,526.6673088570691
316.6225585215208,361.50967412371955,606.0089071029435,433.5095257409399,572.5122635354543,652.2225515673623,441.38130727765616,255.302211173757,318.3529731549383,575.2489663844648
476.7583085749194,424.2415649872075,556.9886492720042,376.41266801813657,455.1581793105298,354.96612532619173,235.24104204378244,636.5788361826545,535.825474098075,581.0775501284687
1170.9220270373485,377.25339841960744,429.0291420005129,503.6799713855112,376.9931619182943,403.0488842048476,375.34739622126654,469.04271200796666,399.48927680665867,549.8717166274724
391.092356186779,799.0787317165223,437.06013401992107,449.98905091684304,271.52159591236403,540.9707900511336,624.2040145841902,683.2110681077395,557.0009327992469,484.36057501380526
356.472860324065,548.078085011639,589.7217668726888,333.3374149428242,235.67864919758318,578.0876978215039,464.9688321600519,704.4987758034598,477.9189668364328,613.4698921163964
280.07391667143247,478.04101663172133,671.1747626977427,230.66034291905396,676.6343281011286,512.8421260752707,421.22538190292136,570.1349587049459,730.7709765452719,336.70011017967136
524.9754000450573,596.1661508245899,435.1885355897935,1937.1930157208515,480.9898642106908,769.2343327939205,344.17202079749194,566.9872406047159,375.02585731619354,371.944984175165
806.7862740091545,631.9233686373018,900.4800305466787,179.70686362474305,213.6617874855273,490.24094842689584,557.871444108293,456.0004912460032,450.0075314188062,656.4382125821104
624.9423118356351,407.66401523427874,1833.2301179642527,541.9225837338097,338.1673039856293,485.40640809904636,546.960477955492,446.21470371911295,416.5166716730637,455.4044250687833
434.08865137344117,509.71720839464854,575.6492203227193,870.536648384296,476.237660843945,341.6762191862042,346.0063732868036,551.8966155512755,703.1535618404554,494.0820575113696
1110.4610956220413,296.530140466927,990.8061571449242,395.6459176434413,270.1810972381963,433.8827514752097,265.9704777023774,672.9090281795982,606.4224876571469,329.844765059134
636.3664791868234,682.8188850871603,688.6884374000899,337.8134667659685,315.74712440294707,278.82622663487206,376.6897885431265,622.6568131373814,724.8031858844994,564.1675957002037
507.41895874372574,570.7112282332157,585.9469210412389,684.0589856297653,133.27100224607017,902.3316524760404,363.11820083596683,680.7567254440559,771.4405243277192,462.1669441847786
662.9498529388277,684.3682681762518,381.7548493027381,598.9104957092724,377.8379793151961,288.0783852944074,368.9390988696144,819.8956757115566,538.9744535556971,453.51955954910716
460.46912097611494,432.71268401622984,748.532196009768,587.2329507928488,508.49134298344063,1077.1477002762188,433.6839929425862,501.91939442600903,636.8583299546513,408.212279336535
340.13463969916006,530.8757833547633,430.7240754470129,495.1456032986167,485.9099103381213,359.82013821276985,188.70875272228784,334.76015772977024,812.9758228236586,359.73901440362476
269.46284199935627,659.1672557587076,438.52745304461087,531.8026704026053,649.7481155551861,673.269720791144,175.0203206606947,291.7854122920978,652.8980025236012,459.38010039344454
1693.8167770634045,556.262407827476,677.6988583862542,619.8112840525247,498.45123158681986,717.9037287029931,148.13744887813561,824.41842096761,596.8246547291657,709.8644453624626
595.0838524833042,504.7840281023351,542.7496074798507,608.9760108618567,359.22091573228704,228.5324268507598,465.5829982563638,359.0715836293837,680.697062052735,392.7191119253547
591.4862275424791,1041.001258252941,510.9623991752515,712.2033103386298,416.86324106253966,233.09844963656678,445.34643318362413,533.8611600337392,537.9974460342299,1523.9063074329263
655.9083283588654,1059.3062898163405,547.6900623706972,619.5812112963305,449.7461067477286,659.9343164776678,224.2022012894545,328.55183558663464,589.0791573997578,400.5681498519081
370.10757750900837,327.4951861188725,643.8044364414045,575.7770012515093,679.9287674720181,501.0812526880141,514.5837317721831,323.3353904913489,647.475948536022,266.63819025790184
783.221298235979,446.20656139593746,421.6171425048276,860.2719394226158,287.45216620628815,688.1720801883264,634.2649843443722,231.47157249319187,355.3173027577557,429.60190176122256
712.8684533322913,533.8215662630569,420.85813031203503,446.65666890623663,316.13637119303576,503.87968044519056,482.518149756246,479.6591409769619,528.0308923516659,663.5274197256396
641.7319906419347,1274.9558005016963,782.9792389025077,704.8667715369371,702.9824019376457,422.3609353239128,578.4115975259375,379.9547135662478,727.5901704946563,256.4365732342911
587.3813507121886,353.04590293386275,420.9659796280296,593.3379873075538,369.2844547809801,642.1188571002797,769.4355115540643,185.91150444506496,578.2337728042884,212.8961126022554
468.21536363347104,397.1753256597237,392.98696586467895,675.9193846887616,185.08156690116832,706.8243099403752,453.36345413772995,1468.3947879515533,481.8723845526065,217.92017331499187
747.5180364729969,549.6118350916536,479.43448776088246,761.5385358016082,317.112410806137,541.6927726401511,598.8100384742856,446.2797488958379,652.1469379656157,150.22906673292144
784.0924452068778,311.6717297716381,282.0794581504497,638.5916707104884,1165.9819800239839,720.8915146497147,710.4737556270774,163.6442205808874,421.13910203376224,161.75189654446123
585.3919306810783,261.93751990931634,264.59940051856944,697.0206456469274,632.7135400265988,597.9044713088113,573.567006467486,452.5271468680519,403.0966517183454,140.54690916434265
467.65322169525825,306.0341725903486,195.4990864092383,590.6028903568724,1223.9068785618028,1236.2159081565005,534.1848746178475,501.17758668466877,3119.278424731144,169.14506309864345
551.1993215094667,156.21996050832303,306.8548465685805,633.1699480689673,465.62700478259035,592.7051215133379,704.2981272253115,491.0281859158258,442.105813623356,125.93436099131914
677.7788992693537,675.3904241077574,718.8102577712626,638.3370042490544,609.4817590374228,822.2288131646196,926.3100394793893,586.3101165519337,325.40699654142657,630.4891320358063
799.8303658902033,528.2687744471548,324.293042630736,483.1770943507568,652.4983973513042,552.9996262522403,340.66420028211473,507.11900263631674,2494.6845373957685,979.058591698483
554.8508728752988,598.9893621002668,261.85413958465256,438.87373961426545,718.349892755095,426.18849041750144,385.59922331360457,517.0611644215995,691.3128553567525,1027.4218630582964
656.6594207058872,611.0968663218353,209.79112346151365,306.78030089365274,722.1844061288771,434.61763860435303,852.889740036854,1007.0888293294067,545.3778861917261,423.2858977329203
504.11498831961126,416.3456931523694,1608.3770518330857,424.846208515833,643.4437413050798,911.2414380374412,253.35987742103492,617.27210541452,351.8735593612305,650.3827317682224
511.2414488231216,617.2100717225177,684.4351962829048,272.14730613142666,569.2581725942648,367.0947410051707,691.7723977118974,601.1648678322923,1922.1440072231721,805.239983782498
600.2263881879436,589.6759168989822,387.29498630874457,551.533409381106,770.8634650494064,307.3101792992488,213.04158540902466,338.4163030123107,636.8829920397037,698.2860818998441
662.6395091905823,555.0093881068276,507.9354375547736,1225.5650313333908,426.7707415672494,1067.5056754683717,216.42874796593927,707.8417099085281,611.8577207915092,951.1159464075217
636.4120620242497,560.2405587660172,696.2963828264244,704.2825774913279,690.4491586368501,559.3809909263506,1276.6425778593189,617.9720885059548,649.7144513901104,1496.4051561867832
402.09634708773734,713.2611718721756,594.1957997222341,707.7338923743569,700.1882932586286,2191.0752928005445,212.9225881481665,600.8624416210399,544.7913079710397,671.0281137388862
751.1299620275772,550.0170569326269,609.3201061271759,1884.6071222266517,304.8308010347189,736.5141285264527,833.5690411851562,700.6752822445259,533.4902990798399,576.549758294166
593.2503923024263,364.6779455340992,378.96883970169137,762.3604751002039,365.9639331370764,760.4381595524924,863.2869412253019,791.9219435931723,557.4932517456147,491.66056549377316
737.4942676662043,447.8126193093776,319.46781568645395,757.3387733566335,504.9579769795771,797.6226338205581,572.6955148040132,593.7919909101352,570.9503156019526,573.0854555875882
836.158520703089,619.4774066455615,265.59545962068603,854.736756500236,303.8556616621452,537.7365845297822,678.1819032081182,847.119190766899,504.23474612399815,529.9859079983163
470.1227575532195,472.649650073639,542.9613787682453,757.2323277154693,370.9473007810123,530.8566309473146,616.5937548294426,752.2828413005229,521.342769382388,502.7827984547892
505.2226590546034,1002.1345102429299,340.7644127682329,858.3001951971452,337.54363959055365,443.0955232124494,815.539512782243,530.2659558042466,431.6475737929745,544.8710777958124
889.4383195431556,601.2023925601071,322.99855023632927,727.4760215411945,391.3491071569884,385.1046605525985,695.097515124907,636.549631116036,448.7221310756631,583.9312876007137
740.5002187235764,738.1152396227872,513.9505960419708,726.7941571198658,1471.4008226852511,1216.980557940062,723.2858002163256,640.6166075225669,570.156494953499,458.6113974319475
454.3713841534885,682.7142564617333,379.030584850171,592.4593167824853,397.662173643065,458.1024725143039,648.3659463969088,527.6588484156609,397.13508386469226,579.9588055569151
1350.5095481974959,677.2096113890663,441.81339730300056,634.2964483113475,267.5455489456667,610.6642582944781,683.6567372780189,671.8801777634956,325.675831076389,339.590661513961
702.7863782182866,590.2375298427812,955.3936823319625,762.93223171509,488.568783143771,501.3395707749207,551.8230669179487,689.8147585631547,336.4804215179075,377.15831194182266
1104.49152202702,588.8971111824603,372.45447027562176,728.9407146424005,527.8782088015917,1356.039742770266,847.5095167077343,541.2213411230497,251.57036819823225,196.84563219720565
524.8416955748015,519.9113593388279,388.42412707447056,710.6541147943772,660.7691119048206,511.92990439883823,721.5976808390106,485.35725954700547,385.6431250359899,288.3759614911237
742.316134425072,548.5888754999895,308.312232519843,646.3870352103952,629.5026770141739,724.5400369600562,561.9512543449405,928.3339147089926,320.8787850357298,580.0133792965634
728.4114361691305,883.503952586782,2108.2843547927782,775.9548573206449,314.8527200032662,418.37829514381326,597.7204800317775,396.92367464739164,200.81143522448224,535.2713259453725
935.155311604776,768.5956151091023,338.0027785584611,631.7183326582511,709.6478946522092,762.4747033832851,558.8379011461091,358.1008666349777,3976.3725689499674,811.9401073399226
675.4646255857697,949.4362954229758,1161.9734515032653,474.07697289834516,435.259094319938,509.09837707442165,832.9334585356706,861.6333148753451,735.8753527564336,695.9060989239057
743.5201362777825,409.89275521448496,594.649022386341,629.0173563285302,374.3947297584059,1705.0824248390957,357.2277605702335,272.40553592577436,575.0630062774889,633.7144797927443
448.4196120017384,588.6387422523416,380.9433431162714,582.5691956100111,655.0298815916819,534.3300419221027,629.7229921490059,482.0431344442921,703.3204948799383,620.1793188907736
563.8136336756878,609.7787537378558,488.7449850629048,633.2113273365123,895.5125852566184,736.3515063202993,554.1340518892592,424.79458398803183,686.2638506824528,349.2127732603413
358.0103179462425,852.5735725441716,619.0831370226687,602.8706153363919,316.5502871353089,556.1585413613856,616.8337911703525,224.0347907729216,765.2084662117878,2003.441677768366
1593.1603976509998,579.3932831967027,282.10107697123465,565.5068649699203,349.3092357399183,605.3759638582349,705.5208379735169,211.01560973496666,852.1638736300389,412.5473541267983
656.6053938993829,349.9249522160222,716.6760626724513,997.6882420695614,601.8487797427714,678.6540462054174,1795.0539589181094,1293.9334201779027,577.6464030064496,351.6964084801818
776.3601147994972,743.2921147766151,636.7862431514833,477.3754749994313,172.97454169919283,478.8571407567972,737.5640549729197,703.5550132204602,594.9964125752291,420.4933650202498
529.5191591414814,585.8101409243591,502.7060564824159,545.1332865393678,716.004745910247,706.8404708463765,1457.0305897705325,552.7973009330235,660.3973637517589,1160.4791981444835
662.0030713493627,340.8287479132583,227.79075422383045,891.2605322950843,600.6074358995955,573.3877569891956,732.4704005613544,313.0039328819414,663.9419212630244,723.8163205761595
709.7587882724102,350.40816606082,158.3260387714394,649.1237989587935,573.9061949202089,489.4175816313495,490.22670022273223,766.0603067357649,771.6563723636079,580.9136456956272
457.7015607703615,190.02110983003382,110.39852130512133,672.0268546900883,446.368160995372,1215.3219661241221,532.6371418659801,435.7290348631103,504.5363413703193,110.10460058980912
317.34471947278087,322.2391025607963,1053.9726781159245,624.050415725835,794.834681120506,310.4439112799546,369.4877157870999,515.1912095398575,716.3461340085473,406.5434763449613
1724.2412949571972,304.58641510225453,191.3183044022475,848.571205012281,836.5281771225581,798.6296710743957,316.150720265557,624.1684696116934,423.77023494777075,477.15227227043135
846.5540466106756,359.39171995094466,337.0417532731451,689.9076580141369,424.98666626305874,755.8411984632424,228.75304981418486,740.0819302030455,386.9407518972294,1673.552340452269
561.9212855078218,311.23858615322456,2499.609324248181,503.4272879578862,585.4886020398391,608.6068144419389,1010.396921607063,268.0010123132871,519.7501184977004,312.1574838966715
609.2372945382479,193.9003604749005,156.60357734727705,448.24553265881474,1693.589657174355,762.0797669382486,717.6422913979056,658.9873227813937,468.9625797613224,662.968623297346
669.2710107272281,260.3908425259986,97.8350710852393,462.0453155745898,507.4654776988627,643.1426671908584,1710.8494992315882,946.7176988366194,462.15428830565145,359.77405720539883
739.9204334173176,513.5976485162787,605.5277231047845,555.2889717570946,535.8547506234305,533.7004559413352,939.0283363740617,481.8368945707562,341.55189605485685,743.1400964015417
670.672037250304,586.3943818520072,746.3935613206908,737.9751982479567,1421.6254893660505,350.64371383827347,380.3837969681283,523.4341642929364,724.4225273861723,473.45105191723565
598.9018506517684,298.2383610948385,647.9169271618384,223.58920849137087,403.8116376121885,1643.5865090032717,322.06262709607233,338.1885414147433,651.0297600385322,737.6080301235829
681.0726670031513,582.878475602423,501.2093619700829,309.66168165566796,528.9492918135638,589.8296363149117,1453.7071571824426,384.93962993524315,685.0656802570273,908.0469278512617
664.497348603651,679.8520166302959,616.6551817583343,581.074351444046,362.49529102183163,769.5052666037127,1010.6123176061758,372.2988988413916,735.3222102466755,1153.0075820654656
608.9019785980973,491.13708571255455,554.0579056389795,969.8863976004119,462.30585359036604,668.9885646699736,515.6694882520903,439.0641495561635,656.7017680640498,367.4722479536615
419.17375648050137,519.6166620249517,399.4540210934851,488.2122663023502,846.4190002430482,456.7167444541792,486.3269733108769,156.3166846689019,435.23442901446504,281.3548429975197
422.6588593465989,718.8748188796825,290.13015203441387,572.0441014533407,1358.8830330547667,619.6137911540088,696.8707385881485,528.7004549090989,584.8410491816662,297.96006000381396
580.17718225606,899.5958300827608,432.99252630118133,490.04540596741845,754.045042547515,1100.9908356250785,748.5117388195031,527.2613156740015,764.5923222195798,270.25125809935463
822.2716442322233,888.6165449219372,460.0219804834183,573.0161167593145,126.22145411999338,674.1240834213478,585.5584339723258,233.87504373308724,820.2818935361249,139.00657719723534
745.4790170496606,591.7416050222314,189.12896149454383,747.7247119136105,259.5477181893573,873.7199365384836,441.3181695930264,274.5008632458957,796.5738851604201,595.6075905201708
455.4345257317517,1589.2785860234783,577.5291632816864,395.53598211941636,482.5934037159395,767.1616200457424,562.9104250592897,1004.9353434378336,606.2668910198194,553.5508398197807
408.5332068714435,501.35243095165583,340.9670208691439,726.9850937337955,745.1909905927243,642.3003055953264,312.2319972920895,760.6725449345349,1015.8044198865318,712.0276973524632
650.7614749348149,701.5744240380849,330.20773574242,565.7667522611908,441.540100090369,805.4195480618205,729.74138178697,693.4561940792183,639.9133505327827,474.8550947728902
325.3690381951439,745.4378581907798,120.77234372725002,652.2792224099113,524.3505974019082,675.7930663424127,606.0316795487857,547.8566688672327,645.0949855003194,747.028781391834
223.17223725743372,453.5973725711849,602.6608371968064,652.9940006841944,371.99703613008086,584.2574873929901,515.0454853651274,310.02117299874635,490.5094614373532,224.0281326741305
1009.9844449080374,450.1484327792324,149.33993816346464,962.1957909259346,965.2670892497694,1161.149050607156,613.7139272790125,662.3687616414752,706.8913837741004,600.1144323574988
563.6393300405484,1128.2302598192819,122.93696268647136,1391.5422923305005,559.2723862422595,1330.0779353508606,754.5183948133808,1001.6852056681606,1440.9709893498148,356.77981581666745
842.765365182588,250.37007140729287,27239.318129834093,2231.943115656937,297.371123168347,1062.753067099094,603.2089305425245,643.2945508549371,614.1615008415072,216.5587004378008
803.9986815028186,392.80480595906363,547.1869205146738,635.4532585737504,292.9379983753,541.2488465171509,498.57947688868336,761.1694398290849,716.8017224553332,706.1037526936276
871.9538041060163,210.97301411617153,800.9949439340942,700.7604040251425,342.26336135048786,1332.4332116876135,257.1840601435858,985.3036021458075,560.7137463216874,379.4415624011079
567.553423502424,1398.7141078359832,441.8350739126228,477.98466657138573,459.05524496184637,1097.2024412690205,604.5931988054003,633.9621179167365,500.7537191358945,196.2022826514069
1412.9103137343707,231.2979731691161,1007.3726573112286,688.11377180067,641.8141443272508,636.6092012075051,768.546632032237,1019.827122761626,482.269569311079,207.27025160507415
686.5993690035062,613.9122749869272,393.75158457212564,751.8707486226364,564.4228938665133,741.3528614680857,671.4755503273517,667.5052474721581,361.8688040017458,124.03853148435819
894.1637591552077,652.362189134172,494.6054447469178,473.32836367977393,453.31636261337746,618.5761829713919,288.58798088520535,921.9932015103595,423.7142588814113,875.7794026343917
763.9451553686533,601.4626479196162,742.8066658923843,333.4134598503661,343.0774739377259,588.3766695910991,803.6226193921594,640.215709252047,553.260050249519,119.03758232981038
503.67379107803214,738.7106576237048,434.99930219455536,398.39043524067336,659.978284449681,666.6517814654843,592.1112526088941,662.7470039891575,306.80507731923757,265.2421316670883
689.4136083759355,768.5958536281852,392.2315605114786,208.55473178376212,325.319256661297,203.60931740681954,376.0834504962965,5704.115672283002,918.6549714309003,64.98783705628354
432.1830684674585,369.99049087245805,422.9504078760121,520.5477086078805,515.286961243167,494.906538224988,461.75612742102226,1372.0527146001536,746.4339219075017,124.54373420695195
315.56133796368556,620.9217815800927,476.16867876388676,620.3236291249956,535.837481485567,756.1349504311715,521.6112453224259,877.1982402942612,639.0553790347793,697.1006420044855
547.1963078070264,558.0226619703097,1218.0769069251944,406.9557583557436,621.4929426610037,728.9701639805694,304.5084808191201,660.2482730762908,655.000389810402,513.1674380458373
533.9425406291434,747.820975344347,895.2412926525188,558.8895363100307,646.3634360779209,1003.1303342207592,382.4274887843709,632.8435780725391,732.7886164396041,501.1449991189842
339.22800318197665,899.7107425644448,649.259192731157,438.68247334538415,770.5422042662537,650.835041826156,670.8879214049114,449.89322057579466,579.6229016504765,724.1115594340152
704.6859973614709,1670.0722721203151,864.775935364189,467.13853738858353,453.00192627388014,441.6422924881937,738.5864212036222,1006.5898530476218,462.3979425698406,680.1352340577448
2105.124994985632,720.156285651335,983.4746765791925,446.4629117231657,749.2950802422665,747.4901825458978,621.7627503162341,446.8754544213404,427.5384803474275,662.047667253467
373.44045041288456,604.5731835751735,343.94021246943186,621.1869731040277,807.6959156779171,523.0893449301063,786.8992824473232,310.5953106110114,584.4537873404098,662.0671614974813
617.4279441053567,738.0677550506554,590.801444844656,834.6725227887796,242.00753515620158,558.0594389914208,864.3898077159122,279.15472257432174,960.2379659727285,748.9407085827006
516.9637409121955,630.8399826990916,744.2276396468144,497.94032890919203,518.9831387954958,152.70280135284764,486.8794730628268,174.08114619420954,609.2960666999709,490.05328221420086
658.2311467151453,745.0173028990013,644.0251889679942,657.4070768958617,881.3634073032127,322.98927663538905,594.5705172998238,566.6566513973736,1638.5527580888966,560.7873714362395
417.28321873612873,480.02670759904004,679.0777538672046,474.16097558818325,864.9913808939532,312.0595401072645,593.8913478952023,179.0100638194367,650.278626538617,388.21449946223083
727.8744140360167,799.7005017725223,660.1526751161696,591.296037317271,776.1538520431347,227.28759265359443,663.3249042534047,703.9209623573297,381.5885056258806,339.85124238046757
574.4834180410014,857.1835111708115,544.8762999267756,286.43984990653826,822.9097089600841,190.0352120939629,476.6307318044286,743.5319235850412,317.1700539591315,384.76756679096127
739.6618774335673,545.1731881962461,575.1069562781139,225.5813963039837,377.4448733149112,229.04628232863683,1178.4350997014244,761.7060059694658,414.59943054321957,383.5469529022327
568.1342074251513,621.2176932821924,643.0207918754576,211.2928886632776,386.3999274363469,140.9237552283359,713.9990640534984,594.725807810691,338.4045601288461,239.3012690654814
613.1641595611175,450.4461489353565,419.51722232868093,205.82120523465727,223.42051518880663,180.0698940322223,519.9038988775508,704.0490295984465,202.57284109874902,538.5145530265983
761.6463569034735,472.1677539327337,362.13059310054336,150.00058303180057,301.41063852760414,97.25943040572224,605.7676764151107,632.2440260505074,496.76563450051526,242.07217096044474
835.879578983204,666.3238565748508,392.2370613326387,136.21359936903715,153.72887499694647,710.5421597685863,839.0277894910907,797.1491179984231,399.6989849282724,342.5986389427472
562.3559712253401,563.0207553363854,707.81403068605,191.72071607423385,404.5674466785381,256.1143954370897,733.7462657775751,810.1982670545327,662.181778887516,446.57156118670946
264.4322323841148,413.7780863964926,384.2706063545162,73.68113010129188,163.64950500247213,187.42498028279934,566.4124983851817,738.4138406437694,218.58619222037618,271.9859023028507
172.7501207772181,1070.0226655577444,339.69881181725464,161.11898575214573,640.873900706188,202.70423118502225,268.10053269815876,750.6416519394609,645.8934362595796,312.772948945514
284.4275250804087,825.4288300185812,573.7487661054807,105.57288025796362,593.1050910656292,179.43739684286845,511.8949867609712,573.6878368038207,722.751684353325,266.1230053494151
367.26077663856984,324.89220649436334,260.9105596557332,63.56158615394967,501.36764345367664,681.1855933459278,705.7268353614958,334.7442363546264,429.5215195952943,245.6749782908472
144.00557967370955,1314.2323426925068,322.2913302069387,222.7445213990137,542.2929649985194,550.7576998599711,489.29140881453486,650.8046053257833,552.2313133168849,269.84729610532133
289.554450339864,3559.523077660326,1729.731674349292,80.312617674357,511.9729354546871,753.9785737585307,462.4226427747302,225.55794338759964,763.7391511201389,437.6760303575247
4037.066273587834,959.0979479584786,87.71530717514918,643.7335989953102,263.38963852221644,399.8895722203176,346.2552635158946,350.4438578610038,463.9029047807693,558.9118160428353
3241.8643725539578,862.6616486101492,108.96062422884046,780.130918382119,419.7851712461242,548.0336708835634,305.9582944958774,153.00040847331965,538.7637355762668,452.24400902132766
191.51053061894115,826.0713335301875,157.23789224631756,1229.579049409228,479.17276341983194,296.8002084097672,276.762188968054,253.93458330196688,365.726987561098,675.28852636829
808.5078619476927,665.2475638730001,315.70562131619477,593.8421997716363,1068.795759989621,363.31417631501563,138.1970036720119,137.21600545841244,727.4471507660921,768.2406269909371
654.2992228075384,490.06826237730326,221.24125144696902,639.9277761007174,335.2369471194288,340.08375131915045,1205.0522804502166,124.83459020347759,267.15446076687334,544.1360499661351
558.4082427189129,750.975845726827,225.72854513253316,300.63824382195224,350.4429126533374,282.4521311286258,707.8451994974906,151.57025333730695,563.3436658600913,635.9864953482066
436.64929549162855,345.5594040748663,576.602689379128,609.8652664421529,305.2600241424176,338.933175171573,115.27528572293562,216.82945334319743,369.310313385148,671.6425135255215
380.5999180495935,576.5632319030159,580.1545890959746,1251.4708844145362,645.1678223368383,279.23508403788486,906.4887990665967,121.74068825573588,316.7734592529707,1154.0072625599332
644.0175508196942,324.2199101021945,499.5388073086912,600.8280906508572,353.90621091485707,249.22449604231008,769.1717966000609,88.86785698161427,332.23161848431084,757.35793284824
401.2351988928552,1195.8633154349418,1051.813763251819,783.283246434535,192.4582224785743,729.0389902962071,754.214392998236,123.14014844753534,122.99713018098225,561.2760048279387
383.19467954675576,784.1247854819145,855.5110223775403,717.9082523790039,179.33894953554275,348.1845276293592,641.2309817023674,803.5236194937506,111.3171402858706,1400.8643310278087
234.25633139882544,471.1522970797899,761.5355188733373,755.5680085596235,163.0089894875258,308.39869632677136,844.8677439566852,850.7476077222508,365.6025827625297,599.2004628100455
489.2178164146471,317.0788966921121,512.8186877699723,981.342746037154,90.9152176954805,237.0805827493457,720.692567394708,690.0752843916079,159.3853476443903,414.13969275318556
338.77989665793586,1076.7530128440544,834.6379626977264,677.3836514133782,143.82350135053844,314.52977445069297,538.6044629359699,834.7820159195626,99.28812707200564,622.8038955182033
383.006421502614,251.4475380177132,748.7243515159064,992.840235054,657.3889773881099,92.82991842135428,616.9313532694156,521.9043142237879,154.11978649510692,173.4891910045955
609.3960177809383,300.46320110549254,762.8662657458011,774.758070451562,1282.0688366466768,191.35985118341767,551.8319467695848,468.7763001746654,226.05928155540212,539.5997077001626
329.9229402752013,212.7611619810146,772.0145205454409,590.539943382164,644.2793481806917,603.1301599950327,521.6296849927154,450.7037067250652,163.0861679590706,234.92690741901086
1521.3093799830601,832.6318481160907,496.01779561835684,489.12737745606194,769.1230656833256,784.91395188959,399.14498428744275,421.4338251286809,701.7492672690245,268.32795670640866
538.2757789086762,324.30719171188804,792.4818018435666,847.2311386744386,666.8421114367084,664.4766105757919,498.1918734293354,78.95490089113588,362.15347308936896,253.62961181588145
155.453151801216,666.0228908771196,490.88417796956344,604.01602252758,651.0648390623654,760.2399127905912,307.8975003553546,2177.6754995081615,651.3549133492833,204.64048048111346
419.1269433896166,586.3660806256989,532.6066817768897,989.1833835067346,502.79364332677034,498.4427853696863,828.4607733359456,556.1324870443938,433.7571221685736,286.16931697184333
231.19767797313548,360.08727601554153,503.3093048536657,592.701096909496,654.9442884733915,482.6114258791901,792.851949899696,2535.342192806859,589.1289384496666,683.1280332008636
556.8492131797184,567.4378285765417,585.3345437672133,430.3498414214432,474.40091726828246,1121.9250077488516,399.2038474944472,802.6114874996231,570.4471049761866,899.4156717814863
1350.4634890563968,535.9452610506887,292.0985770148831,419.4796188199596,500.5564838477168,530.450397614968,775.7552397503024,150.92141648091817,542.9491373164296,561.8408831237699
825.7392665186953,768.1427112154595,358.0953506821256,340.8707829534947,308.9380768236407,404.0255588025881,387.66484099626484,308.6441195693216,371.69114725325915,896.1199610403726
465.6013581269552,587.9370138545358,394.7659854884103,522.9566198631024,295.5446039913625,280.4413296376523,293.2615577838173,6654.759296927432,327.7272535891889,615.2001249236133
727.9317062436173,347.3233292923329,877.3601241886602,585.761447063631,421.02741347929805,2789.9032676423676,301.0403805347039,131.26552952871205,250.20176554912823,494.04421309370827
669.157869745685,504.86903759117513,603.4476319892995,555.0196243119092,287.74955625582174,264.76010414129325,296.4976137509212,202.62412601861283,320.6375381803305,2439.082571991743
676.825834630463,474.84965671363244,1362.3784330624012,490.7354693581131,1110.446848823578,206.8046491111775,126.02872741506263,290.010704577002,310.53408688492794,1249.6826673444657
513.9773069218614,1071.0278606832896,609.0712809105408,397.1755637183408,2961.503548271782,1502.819725320007,709.528908357851,725.8008884318656,250.9844024298667,1150.9688707231824
564.30781586272,242.31941698240206,571.2941606004338,832.5143112954047,707.0421984323618,124.5181368413594,406.8822506490044,792.1705672543065,491.61615007883665,565.415310016468
561.1193116885333,261.4416404196129,684.848345860072,334.5591604302422,2601.668322902521,94.86368501291177,820.5767490034048,715.4996596198339,297.33848866334245,1434.8854274060625
1296.7421606262428,249.47142486052647,517.5716339078083,314.97825477903865,739.7153714539456,168.2649051207763,550.4132721280165,800.7899022773593,243.62129935423266,358.0592587484506
892.5615185168979,164.25405730404307,396.2114222420472,488.1868492877135,1781.7742717015021,163.13368975155166,749.9593932945567,761.8629836752875,317.9397902334861,273.68506008419644
670.9953710463758,786.7948054604744,409.9945062551633,357.4926842164951,286.60554556518065,92.50935996460905,261.84492761155605,699.0310803870723,194.55975739437412,792.2508244817869
442.91507595999224,526.0848484730172,325.84575552233497,726.6426443396024,822.7336639784021,76.79179170848909,452.3207144637958,850.760996881526,168.0729603447503,482.88568410659644
634.51396639149,126.20906437575154,599.3179101796551,3155.865638345508,618.4464247273204,820.3462381592728,302.440700265787,591.9327290016024,642.106516565457,318.0977579228639
526.9375133894902,1222.7980916289234,342.4159553740505,445.45179161773035,607.0900699416328,460.17287515052584,647.9749503319996,718.9328069234523,828.6581090670664,293.9519050209004
333.1011793604928,237.64263009699616,320.3060435494319,510.8155481871714,559.392958912109,717.741880473458,295.2901205814743,744.3693449701609,526.4817773648905,172.8237400387403
781.1022833102687,218.2644260843056,299.1399049366349,322.02759779261186,633.756122631512,854.4403983633866,251.21539739620678,607.8139275954918,814.429272167748,216.82391532998437
309.64964882935635,151.7289186252773,1361.1486168590625,836.0933449758064,500.8266529797705,794.3390281308721,712.3153143823375,774.1646846302052,681.825478123081,186.42926726581885
312.46560142228225,689.4254592126287,122.97822278355753,863.8971896115435,550.2794570944534,654.1352759075442,476.8969889802888,1426.3447764512487,757.3253379407784,279.26897194919303
242.79917922283255,728.7342946591167,362.9153093796641,624.1924666779024,470.2723186370892,669.2779709028067,175.70015817478154,1148.3558028664866,735.4029222277163,785.2222126909346
287.65918901525856,628.1532910670787,345.55810939562025,944.8145170241727,455.107364807311,555.0369131217653,719.199781506954,866.9221491096181,587.8679856149458,765.8269720308232
136.52386350666885,610.6166615460351,485.7483795750538,563.3437220669396,320.4646682552257,639.5532822162386,408.16454601265036,651.7291252494966,860.6698628827328,748.4984405190155
297.2180356526458,838.9151839565786,552.7239466233048,736.0019119517118,145.46961836462026,411.4848881748014,438.29168020131067,719.3011375837906,573.6084260035955,662.6782354457335
508.1695316288965,396.6550518178477,698.7866249177519,912.6215390184133,664.47003282453,783.9260268406678,177.20356537068304,559.6018953911555,506.6653124744764,880.6890818984605
616.7532022196542,520.3364104421071,606.2442895510435,713.8769136924524,573.545846545625,232.5529137761844,311.38512749880147,566.269773269054,780.696833088405,506.144753449294
1341.5014037680346,446.94099649237364,562.5558728580693,732.589656383032,349.28415276070456,189.11562056885694,160.4415691644562,664.4907281014101,706.693070503865,455.68422676368874
621.3355996205362,645.7016865530452,666.1315237931582,1051.5156540965802,173.58701818717068,685.0233204023173,137.91894590859872,633.2127964619134,560.01068514176,701.5335423589434
493.5589232487958,560.6882268446034,533.318520742862,678.4605104216234,157.0959592747361,673.2199185956509,74.16530640907435,530.153257439219,580.1543805481592,756.4423717449188
1020.291345580658,762.1388404606879,615.581638779702,922.2880975833531,673.6990248917263,786.8604011245764,344.3088244647939,745.0255245797509,425.63165860161683,537.5541223771685
309.9006359164602,779.6996646309751,510.6992566378047,624.3524158346061,289.4202783810506,642.9181648076111,112.09271875465305,637.5763806164197,515.0552966766087,688.0492129533967
213.52951312411727,2448.8739810090033,473.6815694127216,1180.501403947023,209.30193200446016,371.8438662632673,110.16922408668862,571.8251581236206,257.45859699330225,460.76770497528344
399.1313549337669,409.2513310539977,360.3863046469638,693.6735975844756,1092.203801835947,857.8846240311395,650.3645913932119,680.169030218193,287.09074286986163,1003.1821222984455
701.3210406889929,355.5807511770871,315.39154996744605,906.1831322588476,518.6858002444839,492.09360536272396,500.77113659720845,429.23764152986814,1045.8058538532528,461.0039126540738
330.2698960907571,526.4969608160541,190.59229546034427,513.3536452106188,573.0006279217928,556.5220261742048,363.2428010345122,616.2634610961684,584.0983214002094,657.1581371777107
415.4632991612767,361.52258172021686,221.21936600347325,562.258948827078,347.21466646692545,591.5092699423027,511.0882734928884,593.0249350783092,1139.0421549586727,622.8510147672945
596.6673909624744,1020.7729925441727,299.187355507483,337.38787490783403,304.7081852999198,719.9991289378028,374.6262565363582,697.4131093111905,629.3169035478867,4568.066871042588
578.921380912646,428.4127411953385,320.13617140299186,2129.156606177162,523.5793251087209,485.908536811595,411.4914054852386,566.6637305628565,353.63217505023266,1144.0194903103843
629.7865042558,141.61099244661818,388.858537937099,371.5253435515599,498.4364559172187,476.1673779841725,4599.677005676511,440.85664070454806,337.9870538977939,589.6786409103526
661.4114631845023,837.319435558681,378.8944814386434,507.9061094196385,314.50293200987,413.34147679274895,845.140414494121,684.085918812676,342.31194839006463,586.6253858364812
807.7587547619826,863.6714174422965,654.5204023591772,379.96492808935454,439.9639564113242,227.6257478531892,773.4711598600771,581.7464605266467,176.52210969277218,288.4278222536009
463.4116825072859,623.1840162411037,508.3310743759204,391.33848393593695,324.86728647401543,238.34970814672153,252.37401166210938,1228.9899891933308,796.3130939737762,421.4685097422869
732.5862687265407,774.3059008048556,229.28977455486913,490.3610639418449,803.245488474161,500.9301807444335,593.060613475263,602.094147180402,740.0571978652489,356.5898499096272
224.2707974603054,292.74504110212706,276.96919004941975,491.26660106760556,169.16923477242054,193.2695512043039,281.9648447029283,857.8332820571145,682.0645082486486,417.6719497239007
377.28751701272375,618.4636516770324,118.74352579890845,772.442805859549,446.4603705194219,389.922942249027,296.75339191880425,620.1350941477162,777.7586395875792,408.21093046395197
314.6858387340542,190.18051360835895,203.68297231664346,1026.7037809482904,475.9532648130468,131.58741235350928,248.21443210879167,544.0729212461259,570.6328417165203,238.8873801852422
770.6317481187289,751.9654544377612,492.6314127206754,686.6496076122753,1131.1309828053636,159.92112017776728,73339.20732547111,676.7970733939862,728.9131897750111,728.0992241177138
467.73716423075774,575.5303868295908,471.92333278102353,1044.452709136708,784.2570309473937,276.33297995644233,142.646726662764,499.3388544305357,865.9687315955074,695.7339764986142
503.82918952006196,831.0755464878046,785.4242852054077,523.0986775547776,565.3960735749873,253.64547919649476,247.4758669997525,520.6699177174773,929.6673740071427,767.6456359410726
768.4566692059373,660.9990407316855,624.9939244895374,396.1688240108363,412.49046528834606,34981.13276604999,83.3408140379869,412.0086675314958,663.6898411830568,803.7348496332706
890.8271028658099,742.3258613285338,333.38547791148034,534.0804016594216,398.77170325001396,150.7803947123889,665.4644586018042,400.2639014400688,645.0761336942721,747.677605768969
441.9540283363069,641.5899937307099,773.5802558252624,1063.3190919786734,654.1618261964376,679.7266668451983,681.2644251926114,217.62266254690763,468.1253851524464,816.8120023862999
333.24996073563926,888.990769905712,661.3584121605991,370.2642973740775,718.9469319803634,635.5743894113975,743.2324240523117,211.66094578704008,1175.0917527621064,572.996448257851
293.29444608337553,582.8046092760893,522.1865997401144,451.40796826975196,606.0964218320527,476.06705917104534,616.0974567763426,294.60469076264144,816.1621299741071,547.1149782120755
521.5743405653903,566.7705269905663,1269.732135460843,264.1022282679111,627.3367092164099,466.3320578731065,745.7224134196251,238.86814738320797,601.2248587647931,645.5537563988701
442.76786473311176,891.2887903094007,601.977436607802,512.1751135598258,623.6931748364085,562.8012586840732,1009.4444943313396,704.6513646315417,582.5506510506647,1648.5621774880888
332.2678222359489,770.7124317328381,1068.345435545315,423.2344482174459,709.7768053742535,691.4520795259434,623.8343965948903,543.4221027873015,409.2008783508881,637.9485150710012
399.0710736962411,459.83328381130093,430.21963217864817,501.7646885463219,569.9336498691993,579.5392546393085,598.6680680065693,601.017449173867,420.4013104361218,834.33851882668
391.6962771092907,608.6294396941605,478.64673657137854,1311.739796549956,564.664879532537,662.994663346838,2209.938610159455,639.5260252802996,411.84683470936574,634.6613463101257
217.17771112095738,496.52374124502717,264.2761304314422,364.6639444400424,340.4636120189277,360.6533473101413,654.7724562127604,884.758181595526,287.1482194147095,1542.6565320120126
429.077085990295,501.84856052389546,314.64699645997626,447.2388758629031,709.0755396875687,470.94311562727,429.9895085923459,685.7757119469948,249.69346945305693,676.8019374724681
284.57653563957797,1293.7151328201971,343.8829974941128,165.30053275015717,609.3396276993992,390.0721647668382,1284.073616892944,751.2273732065465,1962.9196662696827,701.8919071801441
286.1165035278498,405.1253470785915,286.44312963357294,499.0262456116086,593.6799838438042,381.25290849583433,830.1071025314606,718.2759322325802,555.7259434237832,1186.218910572905
183.3193133149601,583.5617620286679,299.42641599085147,610.7385627043476,1152.1226683248412,487.39767639124716,525.3176526712812,701.3297790846418,626.1120251105325,483.4207656042045
297.602718777686,575.3500126869634,470.578257021441,757.9501480260319,723.5332334116925,383.2837631621047,878.6350351914272,856.5570667811917,880.9017892652024,385.67717849863726
843.5688036023917,565.6353546264916,166.0782376884771,606.2676571809152,806.0817765823032,351.95192244438937,644.0485557886857,686.7470501626698,829.5859172920301,575.8619150396294
544.5727363507536,433.95139439372076,256.63052107111696,990.8311908173002,534.4995434407879,714.297459273147,456.7721003454579,804.0045072284402,633.2500601422573,509.59465331046414
620.8610268999169,323.11589535193326,161.44312423928523,781.8709166607309,495.4635144977062,706.0565241777983,644.4503398192551,753.17705272436,587.503835264419,913.8665402015324
620.0943639087538,214.48288808277934,205.11274914254057,898.7512626454778,555.4384421499392,638.0970565460716,306.37570920778705,777.3957424921108,547.3019137655274,591.3742389862978
537.3300710901111,150.75287666363678,120.59828625405699,656.413248527825,805.7136268571355,645.4282421634995,521.827083431604,484.9627179086271,485.14718950563116,576.7655881800247
559.278366550859,572.4782890340173,766.9964949656128,852.6092789158324,664.647843211887,693.463140812645,331.686406401266,554.8138250229958,1811.7111878333849,766.9189951618418
361.7580001284862,1337.961766161343,1032.1566463147813,802.4301184143319,621.4460192685473,390.1349764090514,233.42467951265414,804.9312728832465,607.8366690382502,994.6650282950784
329.3013043765156,253.95389740699179,757.3098617046234,720.147915770865,477.76884182569336,798.1318239089195,793.3866988160815,712.1916501602487,769.5232824477515,407.0970532107229
342.84855740003513,392.062830673924,598.8435838251802,586.8563002506374,362.89020822326404,956.3012548049883,731.56000412291,679.7936556249274,619.8924150539137,207.83360429355423
408.84627077253367,155.57956248098202,1252.0319957498166,859.9528642573263,537.3591910938276,428.9646443160899,742.902778523916,624.2266843964107,563.9697565711558,360.158529972972
716.5874599931742,102.40400368375435,947.6403282881621,565.7429539363546,407.67927002975557,1150.299506722842,609.5665413675538,468.05125325438985,1143.6639158590049,277.4007385742251
596.5605997329573,655.8197661050747,583.2097582803483,622.7345467499944,177.92107256556955,364.0952955175168,930.5554459838255,888.2259305672824,921.3230617353709,261.95384969114286
591.4452492380119,481.3659067876264,958.9031457401913,306.689878094909,152.74967078122273,647.7261238047037,435.7194623928261,677.9090612721237,632.5647087558609,800.8079549491629
377.4755082062003,505.18222599806586,959.3267280092668,457.3238334085348,538.7360367948122,798.1402317660703,1037.9810808386117,516.1869748272455,928.5958692554059,139.34828426221375
451.32202153092845,684.6486227764076,1050.3852763943553,384.644640849379,234.28220122902215,1099.5353299525864,919.7628175479991,727.258953348543,1059.532104463134,161.05926448039628
465.503661358689,232.5061395236817,893.8373627874323,393.67967016246695,607.6507733003341,586.5567017714061,443.67231179389483,784.4543321398236,646.4078668519433,698.8095189629148
339.5398927388567,166.379264389937,626.017616358991,285.43326355390576,599.3968615531729,631.8286283506354,367.9883690164375,456.4453129782769,645.8036174615089,675.7503243228955
314.1935174941817,630.7863821495498,772.732822988125,267.2811807352311,812.2756553005561,664.0973942459352,378.92942340487537,920.2927965429909,1010.1933921200514,503.76700526486246
118.6964178576246,365.93344522679064,664.3353406388801,280.63770816184297,727.3575456793722,664.4592139090252,458.3920956605545,609.4068636344889,747.8666034408571,970.8289414837698
111.2299060008711,387.4136504548087,724.7649794675788,519.4342186668588,595.0578468762048,923.3283667325148,491.24540753120834,781.9166446929604,598.5466831208607,559.7027275810773
123.83541755595013,353.7399845564792,694.4888256787029,763.7541137550063,862.3549396638315,896.2135421908764,432.68045634113065,601.2810004045364,713.1609017774017,507.00384494484194
106.79967250815042,477.94705478619187,678.4219257199283,560.6114513248544,521.609685622685,244.94349517825447,404.574008408309,867.5247792911457,626.3070979074184,471.1178314535767
305.355755541626,457.4569106822346,657.5470324033272,663.9464253610876,450.3436747992436,598.3134870228021,552.9249003187043,617.3494265778253,491.6810623480179,367.54816681916645
182.3370776814964,348.2277145963025,688.6342860757597,586.1824265206958,596.3048277946968,494.0899983649027,253.56550811694936,362.38195657960523,1133.1951810320634,451.6545550789166
86.8911150682499,450.3491271624692,761.0787035885934,629.5256160788247,587.6409645594546,323.53608119393454,650.3827321053335,491.90802548475585,675.0856345882262,200.7905778103676
121.76717248094498,215.84163817993428,773.1505370892428,501.77652242720626,633.389292236536,360.65573092803515,336.66205403541414,692.9339877085309,1021.0723963168631,450.85405344382013
264.15712266174006,727.2561186873015,604.3918567937404,522.5487010709884,490.03065707300647,273.11868413827705,777.3741510361373,885.5402071825752,550.6491284507488,229.19686581374563
202.35810596431833,300.1682261907804,680.4108902009067,594.0579530658281,363.7241492029579,392.16785737150485,1065.338373632363,574.3956769890513,522.2592879508618,139.1187253328769
334.36087617151065,543.0179902476923,515.1454119189254,253.96534680439964,692.0530834949183,249.68562803280696,625.5600418630759,437.2863337947619,803.3852818204641,1238.7574183491931
552.0365927834466,179.80828419625206,644.0623464396081,466.01832669964995,720.6830155284672,315.7087557191248,790.3684832791898,393.2374436452153,562.3374517320733,1016.8180477886035
536.5190832625609,497.4537161511907,502.62282281081406,420.31687299183943,654.076373623743,251.16437364222014,494.8150068993456,662.6527537273182,394.4071168174696,46.64382066046972
446.6738828344914,478.4460085272179,581.7077120524506,255.41188098961118,1738.4618298108599,403.7741762170266,916.2259583656644,332.1748553397357,629.0180836727938,264.6013718161108
498.7875806583646,759.1178762818905,546.4219512108399,298.05390386264423,378.48979325088925,242.327531330974,642.0043884847689,327.0082840366405,268.84526474819745,117.46429906719717
438.6604054554125,933.9539644199793,1109.88120605125,897.3316912365032,302.0994102234611,381.9681862171409,505.0128475155307,303.10765170365715,333.4449744615876,253.8201196593857
348.275168449844,937.7419187102689,547.9898588867353,736.5321461553218,419.9196140939287,776.019175742731,455.1660454909829,2359.3214243786033,434.5684389135042,121.01625734183753
573.0235175289822,688.2027296034416,334.38916255860113,749.3596363202879,120.01468500704814,83.64517548704585,330.42821808097455,336.0846532011105,710.8864479734252,1154.7243362309343
540.4148477194672,751.8992762102451,534.2380918786671,622.1744609598851,359.0445351044059,733.9818335013908,947.5263340954947,232.34243975439938,574.4093278860506,738.6663234277778
656.8783592496218,249.80524159859405,4560.671248447762,719.9293972844772,211.00945462368645,929.6788021086107,1266.0272969559057,311.0933663316104,747.4707110543175,809.3167770161441
399.47246456110025,260.6283673931969,666.9084010509462,675.4503319620287,325.91842306930243,1090.9124383808835,2833.387488431555,398.8681974303046,603.2719572235205,775.7363184947053
218.6023348835207,184.73276528555368,390.02324300343815,776.9931710041913,140.59513672545395,751.3399234429673,554.5928001816184,344.3320011366032,1012.8925666530527,650.0020203912688
298.96434449954216,3241.426389653559,254.76410250596783,644.7578774141599,969.3098726092294,557.6114037108164,1438.8018568240955,695.2325739886027,515.1535722875009,658.5163947775633
233.23228508394774,793.3577564545305,445.12580664871047,600.4536708966856,175.99323989912858,409.5352775418293,405.25925860548864,659.4695071345232,753.015531282774,540.1797604373871
155.29046827006795,726.8803095987514,303.7442366931117,458.49343046717684,372.9807908856082,358.8455372767898,390.3850717085474,471.687507493298,605.3838462777722,706.7612801210585
186.2619054665758,1015.4492622669281,352.9393824984745,399.17080141983644,164.6956693767901,375.48827713284396,388.7631978359714,391.2553659122685,574.8538847326928,719.9833780775333
227.92455074326364,853.5516798552635,462.69986730479354,315.25258820878184,103.55166826735393,572.5391161860433,649.3692895226027,571.591331620151,373.5328919911516,1025.420524548881
165.46224258603988,618.9589099950988,398.83668681114614,457.3902297571655,2316.0563293838654,396.37105138956207,1168.739440791834,930.4572172773065,217.96886343695064,704.2993631681443
229.34295494122313,454.2225062666437,155.6542152963097,292.1045453723756,73.13235529269892,323.46826681778714,766.5665541686028,639.4325810423126,432.3489041824697,702.4204014729111
124.42225234336266,436.3671904928775,188.8765304356522,431.625364137613,566.4287881610253,237.5406551357599,712.7830617766859,374.9583122911034,447.5323723818261,703.2759083376343
159.8908323746573,673.977389971967,122.88488347322924,282.3347934707298,520.9547969368605,284.6707275492598,708.3032447903051,377.7332797711663,555.3757150145248,565.2274390267697
838.2275685946826,596.1926764879753,115.48411651360172,272.36493353427153,367.3959035912222,187.09123434786687,595.3862085369386,358.56345580504205,580.8404951115202,839.6019566308046
772.0380976734509,403.32698122730835,899.6923341309649,358.6505532456072,342.3144209346597,195.64601779937124,981.3508687977726,323.7895074455533,378.0982470592334,700.0516278405528
613.406528552062,479.6442569478505,671.4804828050529,192.23556328463326,743.3035750926189,10411.466541749276,702.5385925580485,397.2729511342733,248.87535635506805,539.2927082504212
836.8707346375301,367.7061924804244,791.8313602646898,628.1323325696433,432.67322968967767,218.3436190575336,678.8133761945675,324.8158641440218,240.1933644839279,1100.9240232122795
764.31287730874,233.40223192192147,740.474266436622,595.3986797909943,645.877621883895,374.23954045921823,921.9642682840308,323.81757984136584,894.8063435329187,625.2699884829482
812.8684488428523,224.1999726748306,784.0863747664614,757.027040175463,591.5097598422481,222.5954045382799,497.5786920966015,264.11974441998734,340.4650859414902,788.1221035778723
334.7828457327155,167.48332505844155,809.5548290870382,728.2705900786835,313.9086088947763,558.7426570229024,786.2192899792791,167.4474985699603,981.3934444896704,741.0974771174812
556.717326863622,405.1833355256398,642.9235013981759,909.9398837307767,365.3849912846811,874.24884389668,732.5666985491225,216.30120857030855,607.1703954909378,562.596646115249
686.8975186603843,394.6063000087933,771.4070954954718,739.5558415982985,298.73628428179336,565.2565777410426,485.4345561654985,520.9758174351331,796.5076537495447,623.4986547083838
557.2036093280637,505.4366420877562,717.7891926169608,681.6541905436542,270.35083553077203,774.6061452189549,495.1571703211785,850.6798000042755,552.5992641987598,771.1880328089953
601.9414115069259,493.84197122391987,609.3326953677833,322.56084744212393,280.3719162560136,452.9245771396703,776.9881571118602,241.87066575826194,565.0166439857551,484.47062178971254
588.0343182719429,886.09960574806,541.8225061250669,447.897692040256,391.09737756173894,620.0052348388751,1975.6872561665693,1334.231274971572,383.6893520312324,1074.5752104604878
457.95173350360153,448.59054292283446,702.4314718799562,507.57142823459117,362.82265817869404,591.5191723394411,2600.7743454741044,668.9154465633851,448.2435900974498,519.4085421273475
369.37912953660043,448.97189561726685,500.6229757352437,338.0085493709083,451.49068097028476,481.699974078495,1261.5916709098792,1426.6315167820562,419.98363508506003,632.169944040324
332.58560153196555,691.4598978071765,498.1325747839046,279.303529481221,553.1136132893231,610.7539750300015,531.3993407775619,482.7649831237503,208.1216421579202,541.4652539429366
191.34493296835743,667.7260933521376,598.63012675292,697.8227537425491,433.1815810461453,513.7804707754703,673.6117734925855,602.4534934196304,388.59362584166115,933.9693800250474
1263.2906316707285,1127.172206635243,880.1284223861957,862.1509059195291,253.84241844309332,591.2380880136895,1279.2972824928875,1335.5148793175895,718.7609902769659,424.7059724737245
617.4132001767408,743.1540082420651,853.0481969686215,508.26015272529366,577.6762545065545,818.7444324794118,422.47352991095033,520.7121931590847,193.52487989341526,479.81842171258546
541.3109239421555,654.9876076367574,376.4996980581995,816.8317851104819,836.1113911441716,397.15714307437486,329.5052916924885,470.6962777919362,15320.260786386578,547.4684412066986
449.2924146350556,798.3273667948595,394.4993177511237,371.05276729113666,713.8775437539629,407.66673661304696,614.9565235024121,494.78302761867167,266.8000854340107,377.99925656973994
425.1765168596584,734.7138083346333,540.2563430687474,1847.5948703748452,717.426750443721,486.78623086310233,1114.6761009029844,385.22629192845153,285.2196513515606,479.245109627461
966.0167537074346,1055.631327587906,451.5439592638917,532.3102662473999,613.9580389634018,507.5413411782848,334.72645857792855,172.9789516170534,114.35673082931767,118.22624829290633
1158.3530522695066,1215.2736132839477,759.3359257346126,1278.4606431635193,1862.499329624391,3959.0940241723742,477.0306967186596,207.59530893512968,277.6783608616884,255.3050982952253
683.5670022349566,391.81734028003086,546.5128723172069,2095.891253489085,672.0842133763736,462.30448686825366,809.7737876732115,115.42746329677952,281.4701701416379,3795.2718082443243
1005.7958989266352,161.23424244057182,837.9893935582822,774.5839270384902,928.170563519592,3444.944418295906,493.0915650616737,160.58795625528768,132.85243171959365,177.565106772862
576.4347027275209,881.6715790265772,620.4951862756586,527.5114940449986,656.9445509801928,470.3634128515745,679.9537693102136,349.8427216260509,306.7851609640113,321.3923699592945
2595.8643587663105,1620.891976866522,567.6745395251987,816.0035244996839,791.9920301536557,384.0317909974383,803.1008017884308,94.05592088839178,596.9303552957651,246.81030506658317
565.7974138296182,688.2335603673896,379.0824126254309,867.9904611453378,925.4221855868574,628.0014437415124,712.4015485458708,221.94987923833003,700.6997533831146,726.2858387630104
328.70638239959817,524.281599714603,335.398419388771,467.7689382705917,659.4619625596965,493.6482193891422,649.6249342951992,412.64703574489045,750.8586167748974,833.0134316399674
376.9275568184284,397.7908041586511,713.8975459183135,668.5154829807725,680.4444289248563,398.062634494336,510.91271316717746,173.2962965050712,368.58855576213153,961.9017371889901
1101.3960281711377,2241.5996452373356,473.84178200709067,648.2217005838916,621.5496064496947,277.53052814256137,2331.1892107435465,196.546797537956,814.363002542067,645.852138716574
1291.6610093501447,926.459825174308,474.21474053782646,292.7055836881362,10087.675414945232,498.0578965571518,534.1793419736712,116.64277887660086,952.3027285316311,607.8944159564685
243.6359691178285,573.8765644248823,181.0472579092505,445.1761493093629,574.6402427198761,403.40102959026916,2044.9685885445444,89.89946205392356,705.6447516068796,597.0575131056152
415.94157133832556,690.6727580488741,340.43858687303515,441.91159567507566,450.02177217541254,553.1532170679957,254.24643501364568,754.0964107267138,829.1880935147595,674.0602767428255
832.2259959020387,697.9826874098097,258.0040267820532,393.82898441782277,3270.873289684251,547.6068541462529,360.3773680208292,475.08325499627756,823.4732387528326,615.7608823049983
139.1024404144569,535.8902644307228,161.33761447962837,289.89846817372006,846.1851007527002,602.0273430162068,295.87101039271175,1453.1118965078551,587.3005051202842,351.8426495429804
137.23277304918847,604.1339164162323,94.49204159286823,522.6294488467139,466.71172836167347,291.3295927137641,1159.5447442499099,992.0948611142418,713.4301378650717,1347.769381658807
478.96025138336586,395.83725655387127,105.1269709004093,584.5671288541562,448.56295791831536,619.3314140909328,206.20753353101506,550.7369839771526,786.8617288837164,1183.8384884502336
661.9247865824299,289.1165963532561,205.78106658032436,413.16013157242463,362.81119251707486,375.4475496339354,233.85063638623063,500.28694355748377,1227.8487056108056,534.5049675108802
566.5128515955794,490.2443629464254,655.8657215551974,227.7496579583626,373.4448795809346,329.99891406124493,464.4180049400148,2679.302884521482,744.8901592543391,626.5363199517444
745.4382186771456,485.1657198884117,847.4471661757709,349.70876789175617,424.1606530061613,371.4555221169532,202.91900180941616,312.6788256948488,820.9982716041251,544.2039927618604
652.2558171231631,226.96368378298905,657.6411507674586,461.7134455715098,300.16732159170226,530.2369118796969,567.7516122682595,219.50200823038026,453.11869084990576,434.6124347548385
1093.2139260349388,837.9330578567437,666.5015313621244,541.3752199721764,4242.983838850457,307.04122672255073,133.21198457898367,447.58325897720727,784.2440633687745,1068.734670424723
470.4682790049672,198.9634925046905,809.0602596594014,375.53060050018547,225.22428847622044,1123.7351677622778,225.29764523672705,396.72024778613456,660.5889492568234,538.6498994580894
725.4631630374429,306.13931773957904,312.60073467128353,761.1218383733025,404.75177956348057,238.8212290820155,331.7105814007096,334.90486476334894,727.8859476595236,774.7979567112124
545.5648985128613,303.68784501846534,605.8103215208189,569.8143550730911,742.6818424567012,368.73470970144547,897.0437247496461,294.6354410481625,674.3173301839224,714.4831376673635
700.797881705132,33434.83289973481,184.74598798385514,352.3639946178736,526.908458866606,165.68550232819612,547.9040726335431,394.7276924529096,719.6345937325586,963.7576504881317
538.46492559186,142.3676026565679,281.2585457994238,319.66834732742313,1019.9132571836641,436.727812946967,587.5975040258377,187.9086874057518,664.8563404013784,510.6498913174781
535.7539578003916,96.29256853916222,1217.3664786528057,563.1199747455638,751.6286032886632,160.41471667035347,845.5292802417642,290.9965063025508,541.4327073710841,554.1384500086878
377.43475470955303,109.16851323398383,234.8378023783579,673.0368913815578,712.7957826889856,124.79944510976986,711.7091363492145,222.2954850987945,602.1201825666016,828.312462698506
325.1975128142022,99.93879619859317,1379.4968874096708,426.0611470525225,714.1012391871875,137.808532947924,870.2474188048934,241.97502329807975,947.8651285385346,605.3627641665955
743.8586059997161,355.5438002973592,1479.655292746359,511.57800348692797,715.1534350723928,101.17937678939478,552.8186158583059,304.1182206895017,673.0120117026723,759.5092530872133
809.3608864222532,624.8591895735384,50.30305036794467,465.6856208486472,758.516428877863,1098.9861084529941,1079.246567250556,652.0627060645138,443.90216877043014,429.4682800750944
461.86495245963556,740.3014393812205,60.513642844983494,361.6155400095577,750.5821578712264,804.4383282682807,845.3816636065388,707.6584244569198,403.38050382354083,716.0608067392341
196.90729087572862,771.4152972227712,73.74627875899995,216.04697765625838,548.3903696551597,681.5880575275976,1322.771556882739,458.5224577426188,657.550944239598,740.5753216448779
307.8520018651307,956.6253105035411,163.12040413096403,343.7423471476454,891.9964838424108,596.2170273395851,1502.827116243411,630.955870349685,375.28820513645394,552.9444589104298
238.1766459235477,692.8876203432692,274.91185578382095,162.3221235623713,575.4055730923856,409.39534360856413,910.5171735203519,861.9112496726063,525.8245386551891,652.3586148670385
146.92201568635363,501.343852777954,60.13086375528988,942.6781952390924,486.6186509400596,570.6514825353339,669.4115009876696,641.0459157657145,3734.1918532619466,599.3729225363796
672.1283147444367,1124.8861553643524,939.0149228742106,666.9007379802852,332.4485258841832,627.4524463182443,706.7282949217253,603.7398542672014,637.0795417592133,563.9038659255522
721.9597066722612,499.39416329003893,1016.7950691214173,771.012248002268,718.6606963212996,489.3386499343454,698.6312390592673,773.220278512784,1213.2321193525613,524.8144525651485
652.7758624747211,364.2780187842718,584.7811319456471,552.7964880605666,848.1121533182878,260.79734111512994,597.7656662286051,561.6992809656459,400.0543535285356,673.906385456742
600.0327844014175,405.7961458571583,533.7863784480835,524.1148087566369,363.87048352855044,1212.8746691096842,434.6759762754691,659.4147966058481,586.5832172203926,751.8106504275436
485.320741606408,373.51727291952324,498.57852218016586,636.9860028649413,860.5901785970945,581.4384916194851,365.6318071685392,1112.364871717933,850.0108687266892,632.4663544622224
267.3942141719428,691.8494248218973,439.17590233984885,655.4301099983542,180.95165337103865,766.021116273003,248.10288090521533,371.31609165827496,142.264114322943,519.9439430077585
287.08858462749174,271.9380615624857,1572.8655350092097,465.39956636311433,862.0252814479186,279.1144854581911,609.2694246800851,347.8318476670695,342.2243247740098,887.3086766212853
686.1559021300103,617.9838708229452,1485.4327664889938,470.8156995297244,597.7593100426466,318.9269105236494,782.6775536398816,188.48450350508458,799.626732594233,671.1078360260535
617.5803983492696,686.7743498186887,1214.10316302657,685.2875350840441,749.9325090569628,877.4977232935698,904.659617837852,519.2173909522943,302.4456484183499,456.6852975801228
534.4121061721978,181.12908353202894,728.9720004272591,471.844464603629,647.5621290055311,219.68652213718917,332.1881032193874,440.32530675075964,593.2065943833079,422.640062620524
418.5022925066429,528.3197156182752,271.06865383505624,619.6388231293367,316.1583982883704,195.8804047897269,2178.255923766923,510.8149550879367,592.6678253827304,172.2509139920846
811.5991237597221,2463.985303986649,116.68616901980354,551.5451372095625,737.4547647337549,261.9827059223009,341.58670764509014,341.3592622530307,659.362650997335,500.5967253951345
703.5140256530615,83.57337024604489,206.43188848188893,490.1806786324522,224.78460067918402,469.68474705243386,311.4738469818855,562.2153481887433,723.8371839103705,1323.0563920939992
1487.067504322994,678.8658155539993,176.43869793879506,685.98339600603,1635.593186679728,772.4927024739432,319.1626363546246,720.8608531771104,378.08615018365134,221.20152935694108
785.6982514737291,195.8600517385412,132.34358509327114,565.2199241955896,1369.8524950932924,714.3189540365607,231.9246271439629,1138.2353601202622,551.2767199366732,386.65950030314826
651.9419934072292,684.713527981389,232.08049478607876,529.027555742782,261.87338885345844,579.3668136818508,185.10970459776766,429.48249102443583,645.0028433383402,353.57927516928095
899.4163981739347,1282.445705249593,299.413181283498,284.1415752522292,345.03962187317865,848.2964340731102,707.9162118847316,90.79300306674827,749.5227605994236,346.64515223901583
666.1454227482715,902.4677334239963,187.2398801372149,686.3419769789779,434.92070218450124,956.6293808800731,326.36005498575673,605.8901782998665,1111.8449492709926,71.59527732384443
529.7140296086561,328.0659535478906,938.7203301716187,920.050814722721,241.1311385470116,624.4035068456133,437.84829957792647,728.4625682651159,1959.3236539994884,739.3194047760894
949.4753256523622,695.5310304531615,684.9893474468553,687.2371556171205,218.04068414187108,398.36129069704896,886.6308361098387,670.9721636432369,1031.9265992276084,870.2164075906842
420.0896803377037,634.8890092034461,561.8615622101676,501.53375512532784,446.8364907753611,575.4545768058624,839.5910759874797,760.8727948187126,731.1113180938607,644.5922687661746
453.3095698461511,689.376380293177,566.0170057532838,609.770105404617,866.3596800498896,437.2907568588764,103.5249706087921,563.9311642788207,610.6485757588898,3328.278498766603
890.1655319577887,719.0671599499306,363.0185236280263,609.3180752433677,302.98096499193315,810.5535509433485,94.48827000616023,565.931624606998,614.0936744836808,704.9153825969897
1616.310658482498,493.7330815807024,529.5755248110834,364.522248620022,1154.7864870639303,971.7505270887361,118.95020963721367,624.357848202997,959.2795292992578,712.4163484643734
1498.7379625377057,3134.2623801375194,564.3853781921551,315.7544520602977,352.9422298147719,908.9714611163217,572.84538988825,524.983160115142,444.72198178051093,734.7865028967054
579.5489109298588,415.1505918194054,680.5241755943246,267.6061424249346,977.259454579031,457.33896547649624,576.7405309918821,702.7486598080726,481.48549386883343,722.6638680270812
290.1496395901904,613.3839560794878,610.5618896176595,15431.623689464073,659.2095490770974,412.4729854488691,636.8745003317233,644.9919953240567,423.85399920360504,613.545151056778
656.829276855364,228.27601052014546,520.2393444718591,11158.07322907719,746.3141487667676,194.16992285446872,593.040081715393,445.8145502959918,403.8642665928718,657.5487342205679
352.28246954448065,495.2273852847795,693.8545596945269,248.7969804808559,650.0749090761607,169.3733601834686,798.3184937931943,609.2757480628633,306.6777805394337,622.6941940480611
287.3441183504722,291.46052831730503,366.99779303970087,187.591229277368,564.9755845797353,110.14001774182596,871.4031506864178,582.3326105499408,671.4461646012077,999.5424766545419
202.07861717938675,503.62264153503907,1103.220294327378,433.7789496329656,577.0206630432035,217.78090324876678,435.39818921415963,503.75730067255347,310.5947408271545,467.3160466075887
399.6531679749244,247.39511801071177,427.9153459494416,488.75128816136305,824.8963899046365,70.1918753764624,352.00804477510496,560.2718408516323,246.46911899432027,654.497953735459
184.04828528225457,86.17836451056624,873.4374177439037,763.9220813513917,656.5651500189955,186.58079100654848,223.78853188195103,357.0795819095996,321.64818262139397,684.0881668852403
637.4086029880265,569.155654181373,743.3524454629239,571.5062672448717,986.0338632611001,249.4815636751776,671.5572533837321,343.89145548120683,293.44026488917814,738.052188961495
584.991504063968,560.5286679607641,778.8627785669851,247.91830179769892,749.9841805279389,210.99679879046047,654.84640970396,290.28798214208484,521.7088888482535,775.6693737739754
405.6098811758481,621.5662033479792,513.5965374329115,526.6960360325555,885.0718301549322,393.57615575887473,467.0402507631082,232.38830379625279,649.5679755644735,775.3452476882665
558.6959855475073,649.2445302990376,1136.2971914504533,91.68183439245293,598.6273614916187,189.21305558468146,1498.1991829192762,215.55157327468694,806.3362806119278,748.1928657565403
814.7312334571831,945.7256370036679,1109.61005959575,116.5946088629922,678.287297919966,628.232314673731,284.05783273165184,358.2860223547938,435.4916287645787,606.9241525441405
715.0253296794781,657.8191017679796,820.8538140679045,384.21062223745946,488.9033295844116,466.3667015785553,244.99771592405844,377.4127350720438,509.57916873450375,613.1246089072681
741.0141366354795,716.6827392451853,1862.110414016811,402.05110822619065,672.3443849500724,762.6215739045018,272.8692442365732,237.6004587560443,484.3669434134573,516.7816247872506
786.2380228151671,1003.7133128260841,750.8456489655835,87.10362051741869,1055.2750823088368,739.6895111972847,210.1467758214353,415.5650243009662,416.1289881489609,414.53363384237883
911.1049268786976,680.0235066084201,409.4473933324808,233.0849832829035,852.796051023494,766.7744608141016,497.07756696569663,217.80559469745884,474.13378359553974,601.777332776699
724.6229949704217,419.32065484515,647.6065501835706,82.51970180044988,673.618805559215,649.9841288949566,208.63889625612632,793.9150029909791,199.2887793246531,698.2160564936412
697.9010883149056,918.0959799146732,230.9010902236497,132.20601960408075,541.2920208098058,704.9489715076901,362.1099456863027,876.031014513088,298.2525077015013,2910.409766938904
683.0986605543411,378.7558797722452,577.1681535222217,341.8998182836376,784.6976525954846,688.6544379226755,636.6763937430753,788.2953550801793,828.6968779806991,524.6094533112174
1099.5838190114246,1798.8550173911995,823.5350521313794,85.14175830609557,354.2928138768311,406.0812772020837,666.534958468015,542.097975037972,470.4589765902685,428.9114143149754
474.07440656643206,528.9425206510452,339.6689193332361,127.70277168533485,239.8321701492584,441.2982996175751,607.1962180191799,834.1521349752119,165.92560790126106,615.4841243219402
617.033641349347,544.0682677933227,507.95858964316176,555.1961134325257,679.2274043907345,351.15139474960114,560.7972733662617,851.007192560722,106.89591605499558,1417.842437383382
640.8111295123518,624.1919698371714,575.7700382770939,122.09465860210393,738.1382999408638,1039.9032414741985,642.7865328272774,580.8041040127043,476.6026947744982,1217.7457052784857
450.61124659692626,676.6381676378054,606.3333344034496,709.4397813848103,362.22693413619515,549.7612902774927,720.0438981281512,543.1648977775685,187.50754990903152,654.5777188624486
370.60674021635674,496.1910272507748,634.1482979013851,435.82792759556344,1007.7267578350278,1568.432115300643,490.167060775779,1377.7402181472007,322.01681701181616,561.8863843767024
1326.23921820228,193.81517879121049,531.2302250584411,489.7190052151229,347.78967527785676,413.9913120453753,1569.0013844665775,729.429227258472,265.3507632877306,519.4858382968062
642.5738235091343,149.57534524412236,487.4734368612199,659.7143582942085,533.1692684556284,400.1594560640966,629.0327855609593,694.7567685206931,95.78237260195615,335.04483853522686
531.9547462390012,706.0256685858014,231.77634941188938,399.37537874030215,696.184837026629,349.60738001227435,619.4971996054315,691.1982236191442,594.31574266145,974.2496571016761
417.46825443765505,741.0099803581253,157.99173825728866,340.6893138536638,478.5220856200791,438.3286869436858,321.9762241763885,721.9857904474322,593.6722509936615,596.5824297416688
527.1767278977212,800.4852726441987,187.55299198525375,646.7438420700975,333.72225776030524,290.87272212209126,1333.1828578736688,717.6259588839102,606.0036510067084,289.7571251896425
367.3395478609837,681.2936651075365,428.0408518002748,305.83467999379263,802.883992987712,202.49056000002665,1075.4555334323195,1230.3051440889726,836.3881552547522,628.8349299233095
226.7845295813702,721.4634569211528,191.91975607854687,843.8577087290603,769.8203446387781,2056.905466796979,370.1775360784187,703.3160914379413,1137.086790275342,865.565093437142
904.8235387084792,781.8035403403813,232.43107692311915,264.1806382106684,860.6487694904257,846.5412040953679,348.20871423306147,782.6567475204004,776.6170398064446,784.4991716243584
176.0113908838868,669.5583934798001,221.4511053621705,295.4727255971595,1026.2959988614364,737.1304786883524,314.11670323350296,751.51605626723,584.4425528090845,1195.3695249444995
223.99580024432223,631.9267845228313,128.24393392430227,2046.9752951075316,1296.3908063098393,453.6390527706434,256.60776926751623,786.1864600156093,792.330582578439,777.4593804091032
238.58315766110172,702.6862040589997,435.78649620851684,151.82375181934654,526.2498350736577,661.7614683925382,289.79769077626514,589.8799782027738,430.96412765034455,521.5743018510809
139.41610719884864,839.5259907827151,205.41670363677957,660.8007801290329,445.07167823770953,999.1701544901284,335.77444151267684,588.2671931709983,488.9093213956046,564.9610367308522
475.70484068212795,921.6569659106023,678.4907744119496,598.3551981042243,778.7399486391776,977.6822316382497,710.1778750886383,396.4730027178256,236.55828504963299,1063.5355649618818
105.72949391487548,557.508625175413,681.5769176436709,286.16494685017665,542.5605513521947,657.7202678780897,838.1550901504588,793.1313194382609,482.075796186135,508.6442754945839
401.5563939554189,541.0992420941594,686.9524002046364,439.61821337985657,347.54116497905216,644.0367422777904,661.2173433354127,606.2391716352143,249.6979729278792,1054.515934144537
518.5743615772004,719.1802452027697,493.5108905683312,281.30526852480114,316.06409117692357,734.5446119051618,717.8812803300233,473.7543573586394,6334.265828090955,829.0895203334486
450.8399442577082,367.71356638700786,384.56797115831125,354.947441690949,168.13661562683848,741.8084371070281,540.0432152301578,791.6445782717539,248.38509454390865,437.5896605580343
656.9769511927569,522.4111650800428,1070.1328866324243,277.3138143482276,131.82667807306393,600.0622103509099,451.8094512299354,508.13748055461576,748.2500670059818,629.9532566147462
588.512536238907,724.7641106203337,654.5508915592228,133.17517490451624,258.60943063600064,489.03213845282284,2163.617974821633,799.2112075720927,307.0181657205427,391.258534329769
844.0861242091039,843.2370870940484,639.234713142861,274.8650642784678,165.7977121793159,898.1927882844442,761.3476665509604,304.5349858500548,2088.1405714437496,530.3045735787553
817.2438567635963,581.1299528961188,837.8848120627136,246.41258422011077,351.75778705082575,567.7743576620821,874.5917647479793,596.3285370725785,377.24808055542064,449.62679417645853
297.24476430414506,968.3267506069026,385.22963762047283,203.1196946280104,90.34585614061979,819.6870982189864,625.3142082105988,710.7473430076643,704.325795518109,1213.0331921765467
666.7067089309762,760.2300088541608,775.5919125728932,203.49139527518395,179.85509935114868,257.7395936461776,1029.8205175208552,572.6766757916669,635.2840654425394,1003.5331568904969
346.9999976851242,550.621946193286,799.4332321028894,202.69400267992827,180.04267969853592,,695.5489099873641,580.3973830479118,,
668.0901230734815,769.4161134424403,872.8908163807994,149.03275798112966,467.3873537355537,,329.38723379058155,436.2902045173091,,
459.8168121229768,373.909636350585,535.3078123816082,266.90531273239304,925.377440520131,,278.31923488947984,474.2579630257289,,
380.053710298471,2331.6538214282405,266.2986906019883,182.44109913136978,850.7347589328692,,426.78077416468204,1395.8905412289625,,
1261.0367790963173,509.8711126564301,277.35379793174263,397.6743819469332,743.7137049213617,,279.6732151077586,478.7967235423148,,
697.9202750270209,454.13616498423164,222.95589359629474,195.5717648378783,817.0444102367592,,545.9813320578604,256.92522143385844,,
733.4507192773517,488.65449589511815,584.4976037673824,111.08943461237018,650.0827179566621,,375.71476696034387,417.15784817011314,,
413.3173763627211,406.2189962351565,417.43185572595286,635.3722513489784,584.7737339525204,,601.8220111822615,435.0908890395538,,
508.5967423502338,215.68729232903996,122.82616035737315,812.1621950279587,716.3447682975752,,254.0673706454535,2714.7621205590885,,
377.99466408544635,1197.6772777337526,164.55331789699545,701.8987946353342,646.4804719442303,,207.61915856986124,78.2045590591,,
486.16619459866587,265.87137466520716,156.00250976602646,812.4573532841468,575.7189738971757,,,155.448121422973,,
392.00063222532344,1089.1800904653053,122.90494215177402,765.8833860975783,652.7409007928563,,,1640.3524416524435,,
680.4629254324917,251.91603314843013,190.29407465316137,538.5312403747607,553.6967908408988,,,572.3673832383513,,
,324.53808476603564,607.5133043672777,1246.2400410172997,474.8412040855705,,,249.29927805365813,,
,709.5564811867619,409.33636498049674,1143.5669755489823,669.1676453807763,,,725.7742890830544,,
,657.6118072668266,515.1743906669105,1133.4868278251556,419.13797887483287,,,143.56944928950486,,
,396.83084984712326,645.2087955052547,785.9362850935554,599.566561605885,,,195.90380696471715,,
,258.1516160316781,862.8760739919672,1697.9173604477894,488.3720301033351,,,125.50554427031186,,
,1795.1899652918667,764.7663240341359,621.6205266509318,439.86476594662605,,,851.6487947877088,,
,508.0695743986423,1411.3420498935845,487.20225025876493,762.3384299256832,,,746.6856754697021,,
,438.00392635127656,898.49937703114,718.0338911075388,760.2576998030894,,,,,
,636.3088254021441,739.4398250089251,902.6928610202375,607.1027284979637,,,,,
,297.66297756431794,674.468188319167,888.6670387915425,398.44390055628867,,,,,
,374.2686362119098,395.8364561963235,491.72227536710363,669.5536869840375,,,,,
,308.727806201266,602.6102015773461,709.2427339403305,736.7971115813981,,,,,
,219.6029587813163,356.3686735570197,586.5816842741424,702.0283066954881,,,,,
,449.03936662427867,297.4931493573946,669.2826306035371,1731.982312577444,,,,,
,771.7555851330438,739.344654336444,445.8694464576858,796.581814285257,,,,,
,800.5151242090254,97.63051386524043,663.9903707227162,353.72951544697963,,,,,
,482.0560231576194,776.3634809558238,910.3194808836397,320.69761680192977,,,,,
,360.7940755858658,547.4732119247714,607.4451946036296,417.22775973596276,,,,,
,310.2841210374981,892.25220787445,618.1750763011786,468.6598613458691,,,,,
,422.09438659437785,448.8901913681709,399.9462952489812,343.9890725775715,,,,,
,333.06032837396526,725.4216127729683,560.9408421397849,292.4848052222074,,,,,
,2565.6494391415745,269.64768749432193,2673.319340697137,219.95909931010047,,,,,
,376.6598871821551,340.4745073326068,4168.904607357684,128.44018299093395,,,,,
,411.35368076187433,366.30099615057816,244.56253393217352,133.7184210702032,,,,,
,512.0862712452387,1177.0846979913654,415.4918602003528,122.0453080507264,,,,,
,26296.084134445297,349.6969206270103,893.2538731303672,211.00834755395786,,,,,
,157.56863814719102,4788.334629709856,164.40019034206318,486.84100098749576,,,,,
,2731.7941967769166,355.69887892127804,890.7844049898137,,,,,,
,287.8825631874447,299.78067946780743,226.85989679748639,,,,,,
,730.0598739213965,363.2585388001528,3090.771551082636,,,,,,
,166.8704624462121,122.59148276559803,883.8470132881944,,,,,,
,216.4746988914994,208.7613044396667,384.3044263128956,,,,,,
,312.9574509707046,251.5366910811905,376.3317435475899,,,,,,
,749.7619874827328,129.90096444875502,291.8992439500039,,,,,,
,827.7310693337021,258.5616588945681,697.1197202160072,,,,,,
,665.49596700206,,785.7279932251867,,,,,,
,650.594167377655,,672.9231656365237,,,,,,
,,,593.6471893093039,,,,,,
,,,659.1888150773491,,,,,,
,,,753.7676451016644,,,,,,
,,,329.86919563048446,,,,,,
,,,983.8146753483204,,,,,,
,,,698.3599263229025,,,,,,
,,,228.20102214747692,,,,,,
,,,230.66285218927618,,,,,,
,,,193.80960991182843,,,,,,
,,,181.1786930425165,,,,,,
