,alfaT0,alfaT1,alfaT2
0,0.00025770298203920756,0.0002632765763560634,0.00024877478023751707
1,0.00026111815288008393,0.00033292546292081987,0.0004541380710585601
2,0.00015525804643977262,0.0004010246799258862,0.0004438379492562051
3,0.00019823703389663895,0.0004518009085050316,0.00017586633877185361
4,0.0002935785786357506,0.00027096070538090337,0.0002452066297925005
5,0.00034664452054115967,0.00027462953606366815,0.0002676827350902345
6,0.00017219824042728573,0.00019804623134326787,0.0002716456336625546
7,0.00024329167738236043,0.00020362773910620496,0.00024838271480604574
8,0.0001599888293029662,0.0002458061132896402,0.0003144090241200945
9,0.00019720553154635738,0.00027818863548594264,0.00020300741690219989
10,0.000204426320532499,0.00023830249004069915,0.0002571627251761225
11,0.00011245513578175824,0.0002118141446819199,0.0002682470603184295
12,0.00019784084437955653,0.0001631104657618169,0.00021437680002197286
13,0.00020502737623035125,0.00023862181451722535,0.0002768128442648805
14,0.00010262834039606524,0.00022803670310345955,0.00026963462302354436
15,0.0002895505893457859,0.0003327979745418147,0.00031739351367537254
16,0.00014124458589466805,0.00016939123570834598,0.00022524140367818798
17,0.00014786583320876303,0.00020308246096106795,0.0002804773364331203
18,0.00011796219030719536,0.00019406380183368687,0.0002186074469567038
19,0.00017421176262236547,0.00016977241215588147,0.000377077922685121
20,0.0002423584024991594,0.00010828426592400516,0.0003029799490287594
21,0.0001964618403966675,0.00015302895161318646,0.00028707829723473175
22,0.00016484278146262465,0.00016527888786843674,0.0003239780072898738
23,0.0001569098871177191,0.00019385593075344062,0.00026081373085845707
24,0.00010830189585897605,0.0001446321950291283,0.00035283964506139116
25,7.42526915777498e-05,0.00013984857798333725,0.0002449060658036084
26,0.00011572110864330044,0.00017054859202993448,0.00015260626326784918
27,0.00011945553612941108,0.00018059616149146277,0.00017906207388250392
28,0.00018610316804814134,0.0001983034433232271,0.0001939431215767978
29,0.00014019855250549507,0.0001768022571187797,0.00020516837276118234
30,8.855606378387834e-05,9.987511608308122e-05,0.00016878982013383216
31,6.94676950807754e-05,0.00023647824706722145,0.00014246576313504622
32,0.0001024901149348023,0.00013374783491189933,0.00019368824077848945
33,0.00012118729754853298,0.00013335443810571235,0.00013050806575340925
34,0.00011473732435542385,0.00015556066062888,0.00019006287662115537
35,0.00014180288564089226,0.00023067919590886708,0.00017178263749280528
36,0.00011262087999582223,0.00016331111158138679,0.0002651608685157436
37,0.00012520096560154578,0.00012736428254253463,0.00021330309124703388
38,7.40760902849961e-05,0.00010622650040864491,0.00015095644104788373
39,0.00020468990612339163,0.00010187332775572805,0.00014083056499743061
40,0.00010558890168362439,0.00010765594582604281,0.00013179442198704437
41,0.00013594425412686147,0.00023823972223041432,0.00014489531001305955
42,0.00011472324372308159,0.00012051356346852026,0.00015117717266308994
43,0.00010123948044538049,0.0001565038507593319,0.00019497744503599586
44,0.00014777222734721848,0.00018219563883060166,0.00014312402888583755
45,7.744464827588321e-05,0.00019323352559862206,0.00013363354678824375
46,0.0001458516228525525,0.00018351448650479453,0.00012080894420272175
47,0.00017397608910051262,0.00012746603083505745,0.00014502986080864756
48,0.00017367125981757305,0.00012370984624590704,0.00014859254286410622
49,0.00011950366580352293,0.00011311302065621511,0.00012772867875344288
50,7.057883997610362e-05,0.00010948425897095922,0.00013398910385999967
51,0.00014434685873598304,0.00022434629121005544,0.0001808602338707534
52,0.00010228601883981365,0.00017660141669068234,0.00014739901431432435
53,0.00010502587000513578,0.00024253281097821075,0.00013450990519400864
54,0.0001285132683566671,0.00019989893248314116,0.00020330135065028197
55,0.00014540685939448347,0.000286342328026744,0.00012405738472391286
56,0.00015935376491968368,0.00016367109137706067,0.00021331988971125054
57,8.985376381363832e-05,0.00010818779009199722,7.292786609590512e-05
58,0.00011724637693979529,0.0001849994750766331,6.686637431544433e-05
59,0.00012694664530822001,0.00016298754191762123,0.00014217917519070218
60,9.569915790034023e-05,0.0001932189903864249,0.00020365160712257366
61,0.00010486246986900154,0.00028904084755775164,9.312177931163956e-05
62,9.293610515601772e-05,0.00012101302388259751,0.00010199122595830435
63,0.00017023492720078253,0.00016622907726352985,0.000138048246763271
64,8.71899263112205e-05,0.00010871877051605408,0.00018643163330278424
65,9.713771018333181e-05,9.311754315412508e-05,8.997356789205498e-05
66,0.0001586910199787649,0.00011140584585940545,9.039244059181012e-05
67,8.356464889392935e-05,0.00015635715021157336,9.146955323859593e-05
68,5.574328325786472e-05,7.949581957581086e-05,0.0001769860394157696
69,8.331493486326579e-05,8.786026205664468e-05,0.00014276920516689666
70,7.14914624445475e-05,9.402310491551545e-05,0.00022217810663262456
71,0.00013927560212752537,9.528782246029193e-05,0.00019301313094601563
72,6.993845724105765e-05,0.00012169805439938296,0.0001194755384200488
73,9.694442311261711e-05,0.00017552354076061865,0.00011978922220238827
74,7.942390767298947e-05,0.00016093229717208753,8.782524805285582e-05
75,9.495790642272311e-05,0.00017242983540847735,0.00014155505005654397
76,7.48599677155632e-05,0.00013417083895640955,0.00013771124018011876
77,0.0001277159775943832,0.00010066082295580931,6.699412904195785e-05
78,9.250278194550389e-05,0.00010943864701919955,0.0002455491585825664
79,9.665417126649769e-05,8.04681092302087e-05,0.00032207674565616114
80,0.00010179787683166567,8.44479251066569e-05,0.00014926638316290218
81,7.546782906545951e-05,0.00011968411915774003,0.0002118435941670885
82,0.00010837727056864341,7.239770307714607e-05,0.00014546615420217297
83,0.00010570831146730904,0.00010827231462599372,0.00014047455954773716
84,0.00010741577370086207,8.69881499497685e-05,0.00015854558625883725
85,0.00011319267438497588,0.00012352953601928605,0.00019528439269131794
86,7.840828887377253e-05,0.00012900038564950023,0.00010252441651488908
87,9.393416466407285e-05,0.00013455507191052733,0.00010823626068050049
88,6.055466378444586e-05,0.00010084652676509215,9.441544152708475e-05
89,0.00013184141228356124,0.00016103050459311566,0.00013598753990457616
90,0.00010829059686649866,0.00019671671645297002,0.00012622667125659489
91,8.65913508319914e-05,0.00011925133379741357,0.00013210650199668445
92,7.305059718442909e-05,0.0001285013276675135,9.996948497583697e-05
93,7.498133228976541e-05,0.00011930857330666759,0.00012682609114339044
94,7.629545311185198e-05,0.00010801861923451086,0.00023278076673595105
95,0.00015383106708568304,9.935809515089638e-05,0.000177655664231963
96,0.00014427832791104558,0.00022396846691589612,0.00016274012128062484
97,0.00010078477444018921,9.373814417962252e-05,0.0001525336598129786
98,7.704459764425371e-05,9.004290455861966e-05,0.0002062877978242105
99,0.00016953219973672815,0.00010134569495181445,0.0001775229277840078
100,9.795245608504183e-05,0.0001071286142152054,0.00016893948766753093
101,6.985203753133337e-05,0.00012495157068251756,0.00018273710475208869
102,7.634384297938188e-05,0.00012167730428197162,0.00011796477582148599
103,0.0001008016134360205,8.710693427672664e-05,8.883085339499455e-05
104,0.00010015190913025792,0.00010002231400774881,0.0001288874389815626
105,9.265081461199399e-05,0.00014123575898718246,0.0001273408579998298
106,0.00016563038067957816,0.00014427912523631937,0.00015734924281358978
107,9.96683031565432e-05,0.0001033508173678321,0.00014239150465748224
108,9.97651311872725e-05,6.237568572060812e-05,0.00014133964710634145
109,0.00011441517387008576,0.00010375655864680022,0.00013005162794741407
110,0.00010276656246355486,0.00015240405352746002,0.00015682731740700547
111,8.81719927050048e-05,0.0001377533585206644,0.0001345812660762955
112,8.649697440039729e-05,0.00012394607373308737,0.00010318976538811093
113,7.124643718129568e-05,0.00014513455668177983,0.00020641590414324738
114,0.00013231512584340775,0.00015049395616807752,0.00020297461334545269
115,9.539641085120097e-05,0.00018866425163184837,0.00016614557476572297
116,9.970131630498574e-05,0.00011328074712429467,0.00013501653354958451
117,0.00011105570399143584,0.00010391407000008442,9.339196748968899e-05
118,0.00011061257883621414,0.00010278356591271297,0.0002533027187000573
119,6.111977649347879e-05,0.00014554217232961948,0.00014373546792377983
120,9.169899520014482e-05,0.00012014362079510536,0.0001572060475604548
121,0.0001295525634122369,9.389652572361663e-05,0.0001258542972797482
122,6.573860316986665e-05,0.00020131234694323853,0.00012300313190733418
123,0.00011435948425723324,0.0001246196313843489,0.00014065336989702653
124,0.00010237964364855794,0.0001022365175262769,0.00019784446062318618
125,0.00011446858651595778,0.00011384812361008483,0.0001363904166603425
126,8.382259549052864e-05,0.00011861719864365746,0.00016693730799956268
127,8.319141853689227e-05,0.0001432601005306476,0.00014821654438317307
128,8.323956539684357e-05,0.00011238672283810092,0.00014994966468750374
129,8.796672227984877e-05,0.00011689658136138278,0.00016314178678121093
130,9.078026327527595e-05,0.0001092878561447206,9.689063714046872e-05
131,8.30729075932151e-05,8.60353307138821e-05,0.00012623670236390703
132,0.00010485576440005967,0.00013230327926709468,0.0001663331058202687
133,0.00011545977288145768,0.00013080073446866087,0.00012445086613689483
134,5.651893031200092e-05,0.00011809134768800437,0.0001555404573108704
135,6.52459006976106e-05,9.781299743719884e-05,0.00011647067234386965
136,9.812665302589668e-05,9.394326571699647e-05,0.00010199686052063912
137,0.00012770331541968815,0.0001133932964337016,0.0001832631140678234
138,0.00017306802307017472,0.0001614129579629439,0.00024802712202457794
139,8.652848611857823e-05,0.00018110115875779608,0.00013041329840873545
140,8.344661403877591e-05,8.752380423186753e-05,9.227700259584046e-05
141,6.646173482338974e-05,0.0001035517224838456,0.00016987722689111378
142,0.00011274790000086174,9.632956544712159e-05,0.0001776842967478011
143,6.290291791881964e-05,0.0001102726360408578,0.00013011273195517444
144,0.00010893484661443238,0.00011388158659130643,0.00011336236197869594
145,0.00012843670787109906,7.783814161174872e-05,0.0001056453371991536
146,7.596447401647686e-05,0.00016018248366510016,7.334652063215357e-05
147,0.00011208299122994847,0.000145332361383745,7.023034974463775e-05
148,0.00017702911394914405,8.79701099105831e-05,0.000111074247522935
149,6.956705243616176e-05,0.00011642789974925224,0.00010187244543836544
150,6.42672552795126e-05,0.00013511500522974402,0.00023556684877659904
151,7.427275515616568e-05,0.0001720155370655145,0.00013625557001383355
152,0.00011319687283745244,0.00010645709099087246,0.00011882120395592274
153,0.00010406759936440509,0.00015931430590165709,8.221487095972645e-05
154,0.00011119593029350515,0.00015214639043557713,0.00012793633081885738
155,9.889320592290547e-05,0.00013528902504144052,8.823061480457147e-05
156,8.680588013394849e-05,0.00010677669335851928,0.00012848287711614037
157,7.638213750807733e-05,9.238811716377813e-05,9.921563034732141e-05
158,7.252543648833563e-05,0.00012069419852900043,9.791814390364652e-05
159,0.00010086944147374662,9.182167771712592e-05,0.00014408454354403264
160,0.00017932128208344463,0.0001469500853861775,0.0001596747576612235
161,8.810860788961186e-05,0.00017527811264312818,0.00010947861122283362
162,7.010487828214568e-05,0.0002231986205565804,0.0001335029473051635
163,0.00019556529323804797,0.00020997963665882012,0.00014887098339353498
164,0.00014592239938474702,0.00017199760723479352,0.00012578611497278936
165,0.00011228512056760021,7.538122868784035e-05,7.72160462706907e-05
166,0.00012464418197200572,0.0001278967529142687,6.930058437015889e-05
167,5.48342607246801e-05,0.0001793826253749674,0.0001594842149916213
168,9.17402908219981e-05,0.00014742835993440388,0.00011911906442172121
169,8.473503801845779e-05,0.00013207167327069117,6.282022214941987e-05
170,5.202939259960392e-05,0.00010360140244446167,7.024351053254102e-05
171,0.0001147123437014886,0.0001974023931858591,0.00013936218499625112
172,0.00012049788096707408,0.00025004853808966777,0.0001538098876613002
173,0.00011860210862390508,0.00020104987783435126,7.333425484941024e-05
174,6.706952979581935e-05,0.00016573848103029382,5.6756449382286384e-05
175,0.0001513454914131492,0.00019517265603840174,8.98818302025367e-05
176,0.00010243435340511121,0.00018208011371072464,0.00011086290056608526
177,0.0001053882291703044,0.00015675468103713865,0.00012432089729436116
178,8.002983816460759e-05,0.0001214248362184763,0.00011667782127772329
179,9.414139145314859e-05,0.00019968924764991343,0.00012025986337735579
180,0.00013312324843541915,0.00021407703427672948,7.153383215015437e-05
181,7.854005336698714e-05,0.0002735966597635377,0.00010252692444820492
182,6.120404761302838e-05,0.0001272952471987779,8.055826999024648e-05
183,0.00011019058393472998,0.0001335417620456332,0.000157152376705992
184,0.00011903595712374723,0.00015470516210594704,0.00011223057779882308
185,0.00012287579726673878,0.00021834078121818568,0.00013550329660433452
186,0.00012064574982141379,0.0002243018029549853,8.750782635230654e-05
187,8.623400107511888e-05,0.00015771998013735437,9.847728833084623e-05
188,8.993599430967648e-05,0.00023475790678841773,7.716265112617318e-05
189,0.00016717176330139692,0.00021950153055055933,0.00011801748394843046
190,7.509162454080562e-05,0.00018778287145466272,0.00013741193792497007
191,8.353480152742037e-05,0.0002691666115220661,9.072406712669036e-05
192,0.00012582480682504766,0.00011492414096650298,0.0001503098007361912
193,0.00011267291276535596,0.0001226981485649789,0.0001181136235643804
194,0.0001379017262940994,0.00024013220556579108,0.00010781379924224359
195,7.961841050569775e-05,0.00018904027789762418,0.0001218975343928755
196,7.475211840172326e-05,0.00018987986417032165,0.0001310171724414364
197,0.00010915333492989452,0.00013878295958358008,8.627754311644117e-05
198,8.469052435315984e-05,0.00021994109529766267,0.0001358634761492876
199,7.04454484073467e-05,0.0002855925985672738,0.00011976404187851361
200,4.814520315596952e-05,0.0001851618424079144,0.00012985256548638663
201,0.000156545473440182,0.0001953501730068266,0.00010341507861013165
202,9.822058474553488e-05,0.00021648888944341324,0.00014635900793011177
203,0.00010276417223506035,0.00018971657087871847,9.84087840552949e-05
204,0.00011217914857437669,0.00021194626732203194,9.494474927674409e-05
205,0.0001570335718812288,0.00022646867003089436,0.0001508496686086541
206,0.00010508195123212686,0.00015202609858013343,0.00010894528246221687
207,7.290272424129412e-05,0.0003154043679282583,0.0001290122693472971
208,8.515245187129879e-05,0.00021902254987530152,0.00012205034961647481
209,0.00011626956212083567,0.00023664710515987008,9.156131474984773e-05
210,9.947756471832317e-05,0.00025476325226846754,9.839515379214853e-05
211,0.0001108807118719982,0.00023541252404237203,0.00013533122681271548
212,0.00015031832640847694,0.0002627132569174471,8.75874575727053e-05
213,0.00010956779568074796,0.00022990189216974302,0.00010436172950270314
214,9.284252608601372e-05,0.00018596071163729083,0.0001155020919054825
215,9.829789296664465e-05,0.00025178676261507243,7.654800512371487e-05
216,0.00010986504119742452,0.0002670872187731938,0.0001286931172638272
217,0.00010015886864510075,0.00020248810329672669,0.00010150663330502938
218,0.0001386147446082374,0.0002887553219978166,9.426937773581085e-05
219,5.868446400672307e-05,0.0001991755460063506,7.640050413044228e-05
220,0.00013433822196262676,0.0003184054895308037,0.00010862113308752935
221,7.598907422901594e-05,0.0004060886513753801,9.762253601609557e-05
222,0.00010443690346244398,0.00021272767469396415,0.00010839415271880947
223,0.00010913833835127714,0.0001741892147229709,0.0001148973537399371
224,7.997135286318871e-05,0.0001802772991030413,0.00013991495177927336
225,0.00012787311077695006,0.0001803858839461111,0.00010456286253866508
226,0.00010155504828391628,0.00022668422411591682,8.209403983470731e-05
227,0.00010642246438074395,0.00019375285022259865,0.0001098619745298763
228,8.316975914385152e-05,0.00033168068337918126,0.00020529609922965335
229,9.344163057676442e-05,0.0003380789478791056,9.620369192754109e-05
230,7.249328141939957e-05,0.0002598774527954972,0.00012031619175026174
231,0.0001253631591535813,0.00026927566034317166,8.724244697834548e-05
232,0.0001410322822684924,0.00021701642196877592,9.396489488658057e-05
233,0.0001120442872859164,0.0001835664376123901,0.00013718870599546172
234,8.013853042973857e-05,0.000196305670779103,9.955907032558477e-05
235,5.751939569244959e-05,0.00032775119584002745,0.00016105226417120026
236,7.64599342642589e-05,0.00039585630890415067,6.947919845290774e-05
237,8.843262392854947e-05,0.00042457362054309735,0.00015278286911585498
238,0.00011096610801532262,0.00024730629698157625,0.00021381471750920127
239,0.0001118350780982173,0.0002791674377674441,8.843423636882137e-05
240,9.55273102684353e-05,0.00018842017525504058,9.776934631270702e-05
241,9.275519613706262e-05,0.0002135038117193262,0.00011692017707695724
242,0.00011779180750695078,0.00024755752950425823,0.0001296700728204625
243,7.526418459749667e-05,0.00023271085539947818,0.00020661057116278493
244,0.00011071753920960309,0.00032662718470539585,0.00014981834330650326
245,0.0001849335328468513,0.0002070414485704353,0.00011842842546306918
246,0.0001088550743152685,0.00016887295092774852,0.0002126445061662621
247,0.00014001258903413827,0.0004451987070975075,0.0001715796844128266
248,0.00012732198375411247,0.00040572258685571985,0.00010131286756127127
249,8.379313786558858e-05,0.00029080852240295226,0.00011406574469813775
250,0.0001106295748060756,0.00032625101256887666,0.00014353100378556227
251,5.621075364749367e-05,0.000491415739808252,0.00020674508171523157
252,9.320689346569177e-05,0.0003875642307398986,0.0001620885635559469
253,8.516104935730159e-05,0.0002120805047402238,0.0002717718887225836
254,0.00017718309217190672,0.00023334218725473056,0.0001143472623558073
255,8.286089742818228e-05,0.0002688108268819306,0.00018294864283178533
256,5.86926522352219e-05,0.00026456485655769783,8.225376212667794e-05
257,0.0001477995022616556,0.00017167531976670846,0.00018219309562368248
258,0.00018578691880600587,0.00018607977729066035,0.00018790660389414603
259,0.00014235348466091517,0.0003117666155569923,0.00013068002484827395
260,0.000177167261650672,0.00034746061467322346,9.279292655940445e-05
261,0.0001268434987950888,0.0002484567307044942,0.00010058051636470992
262,0.00011027387214546653,0.00022177292839693075,0.00013823493816961526
263,8.121699674355254e-05,0.00024437590828252625,0.0001247446414647289
264,9.429220816538104e-05,0.00022984080669516277,0.00018801374318856533
265,8.579071581072313e-05,0.0003047766164747711,0.00010129640363910768
266,4.9121975291826466e-05,0.00020799633507897792,8.258941931614634e-05
267,0.00014132887813768347,0.0002689825442763431,9.616804083718276e-05
268,9.205745509930381e-05,0.0002804102502131565,0.00010893737893580039
269,0.0001422403469638783,0.00022256220186836427,0.00020041665532377064
270,0.00011609655575717873,0.00024100532354719977,0.00017928355319458866
271,9.60514847136022e-05,0.0003357193677060085,9.458782382623139e-05
272,0.00012397458390733983,0.00039617482201346175,0.00011449977486517905
273,6.170134570648407e-05,0.0002299231705791571,0.00011987703982999719
274,5.626600860096886e-05,0.0002852533363189776,0.00014367298549337876
275,9.772294981123385e-05,0.0002672833644311661,0.00014519326763690206
276,8.186896703943817e-05,0.0002639856931799849,0.00016683916795809145
277,7.12568196207493e-05,0.0003015544734766625,0.00014894996868191897
278,8.35450417484907e-05,0.00033777296343565327,0.00011192180892221608
279,8.158576793448598e-05,0.00030801118576009683,0.0001576626728085338
280,5.692451500960944e-05,0.0002976051615355283,0.00011604922327381635
281,0.00012808195825826242,0.0003205810329885078,0.00013774395428144766
282,5.859935953397932e-05,0.00028963902206202116,0.00015296867459941516
283,7.005657369699165e-05,0.00019354999167156735,0.00016915982837597719
284,4.902424018004883e-05,0.00023114958007381525,0.00015210837531278335
285,6.768149366484855e-05,0.00022223412712807472,0.00017236514196947636
286,7.886530944057863e-05,0.0002208829199787703,0.00018666665423734943
287,0.00011122518353703033,0.00022573704993563684,0.00012149839598587782
288,0.0001504318487462744,0.00033866836236760687,7.631605478468964e-05
289,7.719721132004696e-05,0.0002420928874934392,7.77373470807104e-05
290,9.958060097682568e-05,0.0001811495786669043,0.00010101544786206126
291,9.748718339881715e-05,0.00020968886588184236,0.00011305690747054642
292,0.0001133791684838992,0.00027448362402884944,0.00010068790078973984
293,8.239085277479714e-05,0.0002187648701757739,0.00014331035242039507
294,0.00015062284466523584,0.00015024887770078723,9.799173886752877e-05
295,7.067854715192895e-05,0.0001767254263807649,9.781916298249567e-05
296,6.591385384598121e-05,0.00020977755058120435,0.00012929183398221938
297,7.014232978646502e-05,0.0002971721930019657,9.036881798370426e-05
298,0.0001161717489127634,0.00018257861697241977,0.00012750872331180411
299,5.162430762385243e-05,0.00020936285054955884,0.00012164022391498708
300,0.00012586698656245947,0.0003528629527332793,8.744118222446453e-05
301,7.005596377058908e-05,0.00025312985566588753,9.368417442567177e-05
302,5.2772148821041084e-05,0.0003649228203915661,0.00012386823300462074
303,6.022920930122304e-05,0.00027145191760778584,7.641055381444986e-05
304,9.551334335184884e-05,0.00016385199511269197,7.824044585726453e-05
305,7.829422472675175e-05,0.00010855137238424463,0.0001123195783118028
306,8.266806396537964e-05,0.00013647197485549065,0.00010855373266735122
307,8.034181693559814e-05,0.00017509091914532987,0.00010281439688922562
308,5.429978328701334e-05,0.0002713726398867626,9.573128710051262e-05
309,7.946013411215828e-05,0.0001663758389721588,0.00013308099885680564
310,5.9147965964372036e-05,0.00015279595680695368,0.00013040739694350042
311,4.490493803327514e-05,0.00017372692342622928,0.00020201941670254045
312,6.087780716122789e-05,0.00012983230745512153,0.00010333342223785691
313,5.479589986863097e-05,0.00024419767077538617,0.00011943670720694078
314,6.246553730618958e-05,0.00032659619184623135,0.00013641834527372941
315,8.661966999233481e-05,0.0002620399066811159,0.00015578389068232794
316,7.648625310219473e-05,0.00021744218981753618,0.00012467879029709407
317,5.3074982040605045e-05,0.00018086327849132282,6.823028838986237e-05
318,0.00010112233413546379,0.0002918490216361603,8.373691553253592e-05
319,8.569884313130202e-05,0.0003435644036241339,6.416878157270402e-05
320,6.762755153332966e-05,0.00034373656747227244,0.00010753125014924507
321,0.00011573365394267612,0.00033134530677868804,9.982537207070821e-05
322,0.00011980497330959341,0.000330066474824156,0.0001366814588730283
323,0.00011390629107244992,0.0002538835861776427,0.00013448935341597778
324,7.214657063262188e-05,0.00033720724849992074,7.3329667786341e-05
325,8.370336748602157e-05,0.0001925937836139723,9.347522293408282e-05
326,9.58874178141237e-05,0.0002759480176939634,8.544869056242561e-05
327,0.00014087989189696644,0.00033529734798300794,0.00010577112233607297
328,0.00014754972433952097,0.0002747992410578456,0.0001240015140431558
329,6.167243555084536e-05,0.0003056323332786496,0.00011444699931646567
330,8.55780295145341e-05,0.0003838330729873389,0.00012097252116050422
331,5.947936016716512e-05,0.0003454450917729488,0.00017620088302334533
332,7.696306692152267e-05,0.00023835700288839498,0.00011993889475801489
333,5.027814786858577e-05,0.00030025830521594906,9.038820191249633e-05
334,0.00011810997044539092,0.00027302776400096017,0.00012586471295888198
335,0.00011782831211644594,0.0003920438118992587,0.00013490866537571618
336,5.2218593154416596e-05,0.0002063569397873462,0.0001041400195058177
337,7.272568435922348e-05,0.00026398314763121283,8.853720972816589e-05
338,7.438677467277161e-05,0.00027941936485199664,8.83374550095658e-05
339,0.000135407230052153,0.0003699578277874082,7.335310792389546e-05
340,9.7991051552621e-05,0.0002775113765590393,5.744935868918009e-05
341,6.985277359601081e-05,0.00024248865846876905,0.0001531833479147909
342,6.312098517333849e-05,0.00031766814547719806,0.00018021778268539318
343,8.088965197810045e-05,0.0002950334200649736,0.00018107314497305057
344,6.905711910673789e-05,0.00040133070541932347,0.00012528741009183527
345,4.356680265659127e-05,0.0003683775902683381,0.00011126519826310287
346,0.00010615296556364454,0.00031377255046808797,0.0001287327176606419
347,9.281849337351117e-05,0.0002932236114582625,0.00011182486598180981
348,6.122932831844497e-05,0.00030990578677842894,0.00011064169426972218
349,9.701315617712927e-05,0.00029415587864319563,9.386324600318509e-05
350,9.576843204628168e-05,0.0003377133777413917,5.7799403073553315e-05
351,0.00013531818756886812,0.00025427102794737004,9.633248318523295e-05
352,7.16996698681452e-05,0.0003219472483313172,0.00011653335158718458
353,7.23638056654344e-05,0.0004055749418007147,9.132394485546353e-05
354,0.00010347967453635267,0.0002643084910310708,0.00010133903640517774
355,0.00016678901373126803,0.00021264784466164821,9.934688965607683e-05
356,9.961762911617213e-05,0.00025145519353840946,0.00012865619262750514
357,8.090369137657137e-05,0.00024377997163757233,0.00014714504042590283
358,5.996288678556261e-05,0.00031040530848832596,0.00011714630377442481
359,7.116176610733456e-05,0.00019626903379172194,0.00011531934618029081
360,5.249209161599523e-05,0.0002814532645542316,0.00010859330825730185
361,0.00013518993814849947,0.0002123189790434362,8.788922272644838e-05
362,0.00012554400490772516,0.0001984476740542355,7.311747008059948e-05
363,6.477516386828133e-05,0.00020319581241193873,7.450331389628544e-05
364,7.099203088654118e-05,0.00021869000246801086,7.252467002338545e-05
365,4.786165903583826e-05,0.00021495118457709236,8.923999430201945e-05
366,6.472589344406365e-05,0.000198187722316645,0.00014207747804216532
367,0.00011354564537409062,0.00017823873416379302,6.525873720335499e-05
368,0.00010644153940320493,0.00023306315989533123,0.0001064292856530324
369,9.738400904393276e-05,0.00022641872170367478,9.400592192914565e-05
370,8.21364755777071e-05,0.0002422582711690711,3.949170385187417e-05
371,0.00017352950798417278,0.00015923989471685847,8.108703210284822e-05
372,8.61160183237286e-05,0.0001430815832139213,0.00010064302608233972
373,8.633867832991744e-05,0.00017315857895534937,6.568562022779847e-05
374,6.711642596596688e-05,0.00017189591164072524,7.104511966322096e-05
375,5.361888669920507e-05,0.00014146058523020234,9.566991101941601e-05
376,0.00014723673111692633,0.00017636766903921444,8.611272065672111e-05
377,0.00012960888205494457,0.0001798338466485299,6.971152235421207e-05
378,0.00019032636022158386,0.00018390374190376435,0.00011899420680986854
379,4.891152983214918e-05,0.00023118093451617375,8.548826978850042e-05
380,8.16570244870501e-05,0.00015335171430830982,0.0001023182290796411
381,0.00011363740576622454,0.00014026068734495752,5.8859146421273564e-05
382,8.32144639640353e-05,0.0003198393808095213,0.0001252392029971452
383,0.00010638340548793369,0.000169388388445334,8.33487427356615e-05
384,8.082697932880365e-05,0.00016054788678904346,0.00012587275270812984
385,7.384064510093483e-05,0.00022637400956135198,4.958165124755216e-05
386,0.00011539533792294863,0.00015923591590603868,5.864510208105579e-05
387,0.00011032535454703386,0.00012603090712918835,9.055949473110576e-05
388,0.00014069488459938175,0.00011635006158916051,0.0001102961243725122
389,7.94516012228608e-05,0.00020611174324685973,8.712793362997394e-05
390,0.000103841570218941,0.00016075965784100596,0.0001126034254438051
391,8.152011113828605e-05,0.00017821089252861947,8.296448443092028e-05
392,6.513090179140474e-05,0.0001759692978938974,8.08819553800496e-05
393,7.830212266225672e-05,0.00018413661212820576,0.00011498996661323626
394,6.305049731835164e-05,0.00020685323926896722,9.019543617336353e-05
395,0.00011976133650891551,0.0001608633932648444,0.00012144715315707329
396,7.292904067586162e-05,0.00025370959817647067,9.638106298947645e-05
397,9.233166406076141e-05,0.0002151603327119845,7.27832968617632e-05
398,0.00010552003255177336,0.0002474218470592664,6.930143491153942e-05
399,6.714598527962641e-05,0.0001236640489805859,7.780511667455267e-05
400,7.679471613047377e-05,0.00015835623819260034,9.759535402094598e-05
401,8.152564485805633e-05,0.0001784473114265488,7.209734591300051e-05
402,0.0001040192261263636,0.0002542315304030076,0.00018807342896818126
403,5.525884491675908e-05,0.00022396262202072342,0.00017846600871141297
404,9.236118170747663e-05,0.0002924417762741868,6.4533031875758e-05
405,7.123394107913767e-05,0.00015858789069332998,0.00015077230991596951
406,0.00014636327379573779,0.00014752238811857369,0.00013181276890329352
407,0.00010291377143153421,0.0001572710887723484,0.00011346808989231074
408,6.654382250453005e-05,0.0002893467160082298,8.37387469434346e-05
409,6.894947333118274e-05,0.00019979007207258172,9.357604942925722e-05
410,6.373297768005559e-05,0.00028433390884430266,0.00010061764274767023
411,5.737398176457721e-05,0.00022655941314789283,8.55568215263634e-05
412,5.2513341586065284e-05,0.00021951292754418582,9.375968488931167e-05
413,7.805716147937901e-05,0.0001462621855289861,0.00015432246920995084
414,7.161794865555017e-05,0.0001916313408365847,0.00013816518528209722
415,5.444132353800511e-05,0.00017805839785057888,8.613044242321131e-05
416,7.364858430708284e-05,0.0001284986239998888,0.00010628881520282602
417,0.00012484155355317993,0.00027543133689047854,9.075188525501496e-05
418,7.924672992190504e-05,0.00020088776143053244,9.39990843373255e-05
419,7.915825386514526e-05,0.00013296690954688539,0.00010364190951034538
420,5.508301428708435e-05,0.00019942622446310405,8.096820480835151e-05
421,9.369741400708254e-05,0.00021347487198648905,0.00010874370457934933
422,0.0001187374140527189,0.0002067466452824771,0.00010749566377702603
423,8.901222809064204e-05,0.0001772928537727,8.708048154214259e-05
424,0.0001231177288457382,0.00014235214253248066,8.25864218140639e-05
425,0.00019559920613133435,0.00012565148081057336,0.00014512782481067115
426,5.379376512033651e-05,0.000210116183765191,8.848877728468086e-05
427,0.0001465548658196396,0.0001556684624301494,0.00015542798148413707
428,9.176670943149451e-05,0.0001574604571826021,7.051743609065534e-05
429,9.250617361263311e-05,0.00015748775186345555,0.00011709043702307984
430,8.07555115852541e-05,0.0002401799705804436,0.00014487898942307147
431,0.0001106005025880539,0.00020986973833997277,0.00011009394743785707
432,7.331460411671722e-05,0.00017461659443963691,0.00011783489665481395
433,8.314630385698568e-05,0.0002795302373094555,0.00017531874289814178
434,0.00010638614876094319,0.00016222898291919527,9.637722230016199e-05
435,0.00011230714856529129,0.000139914241011004,8.672030348329266e-05
436,6.142766386579401e-05,0.000206448516531258,0.00010048929502652469
437,0.00010784075776757435,0.0001593077227420685,0.000128426911394647
438,5.931643597505645e-05,0.00023154677183614728,0.0001604308033049153
439,8.415009548643175e-05,0.0001428584276794108,0.00013376180190838912
440,8.489816595463034e-05,0.00011167956536648826,8.29558264709925e-05
441,7.482846102901113e-05,9.977947258407019e-05,8.108520774697651e-05
442,5.194647947986566e-05,0.00011050655942504401,0.00010621695731416644
443,0.00011566675291982744,9.793902902821737e-05,0.00010671711313984487
444,4.3080814659960375e-05,0.00011846665775729736,0.00010698021451779323
445,6.9763537256479e-05,0.0002217591373274168,9.817229387747438e-05
446,5.1815128981937026e-05,0.00013008085675021393,8.616354266520636e-05
447,6.038659466814249e-05,0.00014409906797111804,8.939316325850585e-05
448,5.53573920805017e-05,0.00010745024982131974,8.182377322743662e-05
449,5.760112680581779e-05,0.00013889399821431127,0.00016976475435128845
450,9.624430808992818e-05,0.00014415057238708145,0.0002071548574166922
451,4.853418695410123e-05,0.0001529815621658684,0.00011927867556492504
452,6.941070757975595e-05,0.0002424268050512002,0.00010755662248350781
453,0.00016359065876301473,0.0001597301089272753,0.0001266586466628333
454,0.00012604748469890236,0.0003203723852058439,0.00011441882127201185
455,5.8716617647410354e-05,0.0002240127703517915,5.316611401245107e-05
456,7.390838619081617e-05,0.0001736796237477156,7.416873803676857e-05
457,9.674528125344247e-05,0.00018404522042350294,9.366070743580183e-05
458,4.8990829896532236e-05,0.00020216898629957824,0.00011935720715916554
459,9.390262679637278e-05,0.00020416433245515762,8.003792837277506e-05
460,5.711999262138149e-05,0.0002615832068592709,0.00012722514722170953
461,3.933122107599137e-05,0.00018538662151346036,0.00011624339212451314
462,0.00010398089086806297,0.00023283312986833473,7.710951811647737e-05
463,7.105303820613654e-05,0.0002338175861787736,0.00015245622251086594
464,6.955275996421607e-05,0.00018493657300223991,0.00012324929897229077
465,8.942207105199703e-05,9.423573042995382e-05,7.241125066312896e-05
466,7.077448751066402e-05,0.00011058569621017865,5.653400391314678e-05
467,0.00014259623370872855,0.00016415833379820562,7.720906075471491e-05
468,7.762954200351966e-05,0.00030009139166101454,0.00010051371206520178
469,6.136121845556558e-05,0.0003398951393300287,8.004915753802096e-05
470,6.020773332995609e-05,0.00023818270323011228,8.029704515758914e-05
471,0.00011453177969102192,0.0001291573499747954,0.00015525001286610942
472,6.780856293770597e-05,0.00017180785645966293,0.00013116174968795966
473,0.00010408468348488607,0.00021006195642123856,9.058830835502403e-05
474,8.527723460605904e-05,0.00017772556336049803,6.905412967749682e-05
475,9.558887163243552e-05,0.00023841139631041082,9.384887375229286e-05
476,8.300976218524693e-05,0.00015648328112219517,0.00010211606638034019
477,0.0001700266739415806,0.00019192069335809562,9.638146092167898e-05
478,8.989293504352712e-05,0.00015883931960283652,0.0001060634814716639
479,0.00016330313905404162,0.00025302096608352905,6.154118726898573e-05
480,8.554040715919142e-05,0.00016426529509174157,9.82029113745003e-05
481,0.00010108726451344015,0.00018442372190725575,0.00011643220308459515
482,8.658454645524903e-05,0.00021295491496053416,9.631629887504776e-05
483,0.00014182799662909872,0.0002586496270411542,8.279707768861525e-05
484,6.533409288816593e-05,0.0002422956405721505,5.4246599404027134e-05
485,0.00011339158843882436,0.00018571362778833228,8.019978527726666e-05
486,8.832240239171654e-05,0.00023903032332454885,0.00017007499526045569
487,9.452234219037914e-05,0.0002741978694728284,7.265164100963593e-05
488,7.959333707567894e-05,0.00020257915891647044,0.00010024684078978572
489,0.00011457905163981359,0.00030771531519060454,7.97569636019424e-05
490,7.4908804299075e-05,0.00018764042963047192,0.0001032699296738728
491,0.0001397512259005795,0.00022693414828343718,6.457346125312816e-05
492,0.00010814890236040662,0.0002021355146624786,0.00012677499594973185
493,0.00010447134717437479,0.00015545503210651033,0.00013190011269037969
494,0.00013125401352984134,0.0002509614147681756,0.00010848652052160717
495,7.417620778846783e-05,0.00017982004246720968,0.00011020305319562622
496,7.816782436134932e-05,0.0002420768391954415,6.20714070867754e-05
497,0.00012289364841080243,0.00016501765520038708,0.00013131456499185337
498,5.972389431742408e-05,0.00015088754757684532,8.770933848316386e-05
499,7.963731951253923e-05,0.00017943807055369402,0.00011077055238650482
500,8.918544129517336e-05,0.00023034763047477045,5.4756974250442116e-05
501,0.00013288007113922398,0.00015586076009874538,6.428713670018237e-05
502,5.793522055245407e-05,0.00018943989992704896,9.459119886356563e-05
503,0.00014531186020262993,0.00011713983687393513,0.00014551758516960454
504,0.00013036263901202648,0.0003096623941661783,0.00010465558126679103
505,7.919286334678211e-05,0.00021866516539404345,0.00011186866169617768
506,6.385016051940065e-05,0.00022969114268763227,8.554757873832111e-05
507,5.671870820366203e-05,0.00015751988513472713,8.030068653795438e-05
508,0.00010706238931935762,0.00012956683176713722,0.00014128565055445083
509,0.00011142693108331245,0.00014470623588178116,7.392633293216022e-05
510,0.00012905387503036778,0.00013039985487078932,9.45151743663396e-05
511,0.00010397415111374922,0.00028704739237061714,6.50534777711928e-05
512,0.00011028879445554253,0.0002373788991137273,7.314305695866221e-05
513,8.522721652326454e-05,0.00016586167625116618,6.240540058485178e-05
514,8.901427519904813e-05,0.00018776417503811886,5.916211264554594e-05
515,0.00011434757637010051,0.00014461357796509506,6.580766732414827e-05
516,9.703208230892095e-05,0.0001793452772664918,6.104830062663896e-05
517,0.0001536094777241416,0.000206612728310478,0.00011362761001347094
518,9.297611364182798e-05,0.00020594900239036848,7.889781511365263e-05
519,0.00015298126404531434,0.00015888145627657285,9.103517266128833e-05
520,0.00015933414349130886,0.00015838032502518283,9.711560187361869e-05
521,0.00016123124642145124,0.00013684321133176,9.836582378370168e-05
522,9.330455310748626e-05,0.00017085201089191954,6.316646864216595e-05
523,6.806437986801682e-05,0.0001471860483035056,5.784762329163784e-05
524,4.402097031394339e-05,0.00020829384391568277,5.176965799783528e-05
525,5.047045500432732e-05,0.00013411070257854602,0.00011480556067658222
526,8.286873239347317e-05,0.00012411500826377814,0.00011266590471792146
527,0.0001263744768192338,0.00017799073245640745,7.534485875567284e-05
528,8.105232357160633e-05,0.0001281623211501259,7.95658159160527e-05
529,0.00010476196520363156,0.00014754385533940307,5.814902300986014e-05
530,7.8235966194549e-05,0.000132032631314297,8.98937572580428e-05
531,3.551148626889072e-05,0.0001340722461572896,7.165903288650308e-05
532,0.00010324533941930296,0.00023038008628742008,0.00011039577878350871
533,6.158835963964792e-05,0.00019267053075751496,6.832637526075661e-05
534,6.767306540699029e-05,0.00013047862395679526,7.865336797504665e-05
535,8.300015773362171e-05,0.00018680345015065536,6.336378627262117e-05
536,4.458142008464426e-05,0.00021415064637945707,0.00015746961704265485
537,6.793242600945114e-05,0.0002189748044569859,0.0001180690413880455
538,7.741549237455433e-05,0.00014274580834616654,0.00011675925700514676
539,6.94355588957285e-05,0.0002398204982191703,0.00010402420929207878
540,0.00010180336628562409,0.0002375032203897741,0.00011393216923195768
541,6.24855682879059e-05,0.0002379930649507666,9.880674084014525e-05
542,6.636404546501355e-05,0.000188179979465,0.00010339328490771953
543,5.5500520615573154e-05,0.00021706014399735623,0.00011246594933608196
544,6.417822367108939e-05,0.00018656196865481276,0.0001125138940837294
545,6.071323858035349e-05,0.0001606130962973612,0.00011482243495091207
546,8.144299333305906e-05,0.00014937340537909084,8.997433291227264e-05
547,4.506957738945797e-05,0.0003101171132953232,7.832681381082044e-05
548,7.777148575018762e-05,0.00040426288683176006,0.00011399135811076076
549,8.275600693478051e-05,0.00025369342283033806,0.00012843748132975843
550,6.477923913318592e-05,0.0002025801130253953,7.925547509944739e-05
551,5.323499674427517e-05,0.00026752551467523387,9.654612867943278e-05
552,0.00010585952353413281,0.00018048863917243126,8.519782079945038e-05
553,5.080581166533011e-05,0.00024306620543066305,4.105656710451594e-05
554,5.02616966092338e-05,0.0001812388837799343,5.003987680175483e-05
555,0.00012256590943930394,9.193398643652948e-05,4.8143286452270225e-05
556,8.43145379474724e-05,0.00020614532372329597,5.077399263232987e-05
557,6.725074200319582e-05,0.00016511876595724206,6.697458980247068e-05
558,7.713033537218024e-05,0.00016764482770964404,4.3792584856127175e-05
559,6.441244827865143e-05,0.0001825929356468084,6.464515235293044e-05
560,0.00010447890187744311,0.00010368013839538288,6.744429435148524e-05
561,6.999217335006828e-05,0.00018603708416657994,5.2882980333487836e-05
562,5.7649446799017485e-05,0.00014714371267950335,4.9219630338552504e-05
563,6.679683837533857e-05,0.00023349430236013156,0.00011203075259386259
564,5.4659094110713776e-05,0.00023071484979924692,0.00010852778702244353
565,6.420290830602797e-05,0.00015172348004308608,9.997052781993542e-05
566,8.799050317502158e-05,0.00016715765897325915,8.661873367576947e-05
567,8.219675112214759e-05,0.0002496960408338532,9.96727721703386e-05
568,7.8181621748765e-05,0.00021187518252601813,8.720323120116052e-05
569,7.187913519520412e-05,0.00013154775116914474,8.638907560715644e-05
570,8.134156366044595e-05,0.00011847317156696303,0.00011673466623800188
571,6.93199622783483e-05,0.0001336758507148683,0.00011747102690907592
572,6.0028042919506e-05,0.0001895772664842474,0.00018985253427891658
573,6.819350669722369e-05,0.00013862134834256206,0.00016576097075309942
574,8.932051821315787e-05,0.00019882186824626895,8.708071048720211e-05
575,7.819663130499917e-05,0.00011677225825743424,5.6962881046596466e-05
576,0.00013574942041398398,0.00018834493384670156,0.0001085395387600523
577,7.863431804799223e-05,0.00020800381050552826,8.989889897914438e-05
578,0.00011257269182984854,0.00016830281924743143,9.108045797830205e-05
579,0.00012819135279174994,0.00019205197472064217,0.00013441767398763608
580,8.045395402024872e-05,0.00029964564655873116,0.00011935937423557559
581,8.102537811844555e-05,9.857929995727548e-05,0.00011806855234003441
582,0.00010604854530163773,0.000153771777770368,0.00011466780805893073
583,0.00011875380752873333,0.00011184319395765811,0.0001454853018179244
584,7.241086253393254e-05,0.00013944795946844952,0.00017516217641244067
585,4.478454228907947e-05,0.00016772908354051243,0.00015955765841589332
586,0.00016439316249957468,0.00022512840840562725,0.00011868140644149045
587,0.00014185367966401322,0.0001278723447281386,0.00015311156400525287
588,4.596234327433481e-05,0.00015601771671407388,0.00013375739645799239
589,0.00015302719815756113,0.0002115959263875948,6.693055378709279e-05
590,0.00016181998206821885,0.00020197607451853745,7.883196945691845e-05
591,9.865118783653451e-05,0.00020725997898012397,4.372453153430453e-05
592,0.00010523214236041715,0.00014809872784238932,6.445770770600743e-05
593,9.6208759843234e-05,0.00012580616346528382,6.029603407329877e-05
594,7.524977307411825e-05,0.00020937129843025753,8.941135867136395e-05
595,6.008054174403468e-05,0.00018412566280263254,0.00013397005773490734
596,0.0001314384294890347,0.0001791437244667543,0.00014415612665041487
597,0.0001225079191812312,0.0002878531708711567,6.943471384912597e-05
598,9.436272357090771e-05,0.00016448375226107992,7.086519870663422e-05
599,9.613973720592395e-05,0.00019609083225757698,0.00011322532620895763
600,0.0001178949695732363,0.00018414365334464705,0.0001186300542904801
601,7.677633229398857e-05,0.00010530587496241556,6.258272818510472e-05
602,9.399473199166694e-05,0.00020838528117563337,8.173673340324279e-05
603,9.382399943602862e-05,0.0001481029056102314,8.037219852521025e-05
604,0.00015909081379640808,0.00013468478461561482,0.00011632827822149287
605,7.641519014648109e-05,0.00016766192528367617,0.00013979917360926322
606,8.117042178823029e-05,0.00019767672082129993,9.220376622937458e-05
607,0.00011842037559830714,0.000137437618619849,0.00012753760797895477
608,7.928949946987028e-05,0.00011982204815418449,8.605168906158647e-05
609,0.00011052430088422287,0.00014573729283162674,9.320204959126514e-05
610,4.530371037477752e-05,0.00017054832471230944,7.787237131735317e-05
611,9.589432599603763e-05,0.00014606660885769666,0.00010030003808049392
612,6.876370408511597e-05,0.00016303845785243468,0.00012328925332519627
613,5.994247347280424e-05,0.00013049429287896995,5.0101464419211374e-05
614,0.0001019530759943475,0.000139884798322171,9.218573404416325e-05
615,0.0001188204238392636,0.00028210950508507034,8.235775083378029e-05
616,0.00010508310246109974,0.0001257400714326478,6.24116540476996e-05
617,5.4235517555104315e-05,0.00021439412938847286,0.00015357377643369406
618,9.74322442566404e-05,0.00020019455677631727,0.00011073674775633595
619,0.00011847192933925067,0.00019647872409631712,8.145600676426287e-05
620,6.34893402485451e-05,0.00017111990385485602,5.200066425541824e-05
621,0.000126184282844422,0.00014818449034248747,0.00010768040410699789
622,0.0001384205528822653,0.00015321701524966062,9.751895565062277e-05
623,0.00010685713474917038,0.0002830769847816836,6.852774688158021e-05
624,0.00014554849654544667,0.00012885591914895623,9.402877884115868e-05
625,0.00010930288177109331,8.143344075516185e-05,0.00012145481133134744
626,7.805960432750615e-05,6.222072755018227e-05,7.936963776113355e-05
627,0.0001249098013989885,0.00020356881764095933,7.119211057462502e-05
628,7.821122815556207e-05,0.00013366488160930463,8.841281406239233e-05
629,9.394996713721762e-05,0.00023263387208389232,6.928552312708073e-05
630,0.00014985751975937276,0.0002116765977435363,6.205629049871996e-05
631,8.346393724860648e-05,0.00016779166312479057,9.23352674072328e-05
632,8.35977206816422e-05,0.00012561994359465648,0.00011714322929033388
633,0.00010078916303007757,0.00028062301330760504,0.00013299525661906672
634,0.00020707157794865963,0.00011659779394877148,0.00011835640975815468
635,0.00026607303443333815,8.556940100284532e-05,6.855433838112109e-05
636,0.00010577843021994538,0.00010448249071195839,0.00010035312860728096
637,0.00020921484286503923,0.00030639259438166715,9.664027944708905e-05
638,6.347638110576416e-05,0.00019831490542487315,0.00014006569670160256
639,0.0001278687064555597,0.00017229962299115722,0.00017993148237838757
640,6.910705158704662e-05,0.00015388186964542823,0.0001049743114790806
641,0.00012242797146849168,0.00016114998647795168,0.00011592052865924012
642,9.132775343380595e-05,0.0002100289578166162,7.607310120344869e-05
643,7.412681781339294e-05,0.00013439481038382995,8.555089364374825e-05
644,8.233682048344192e-05,0.0001412050396038449,0.00014639019434801578
645,0.0001359058163952275,0.00015208864161701544,0.00012370198047207675
646,9.592116233157167e-05,0.00020478440771346744,6.923405188420296e-05
647,7.109972042896795e-05,0.00020934314431688507,7.423240185893079e-05
648,0.00010385324194010706,0.000201794210969438,0.00010533415305593279
649,0.00010402145946298263,0.00016023815657295335,6.422592693655067e-05
650,0.00010448550954717625,0.00019241491062344863,0.00011892496137111937
651,0.00013445306317148484,0.000226042093638564,0.00013700308464697738
652,9.564596545154286e-05,0.0002028720220313584,7.588933268319975e-05
653,6.438469638967208e-05,0.0002739436412292287,7.91528653481375e-05
654,4.9980081416351836e-05,0.00019199759760602587,9.11550035747113e-05
655,8.955625063103475e-05,0.00012695902800759852,7.874233630067833e-05
656,9.872243851338476e-05,0.0001537130087779574,8.818926099280288e-05
657,8.611797219211325e-05,0.00013082866503045327,6.568774049156272e-05
658,0.00011671507569214673,0.00015276626255396797,5.661793317669852e-05
659,0.00010477508237296145,0.00017329880535388423,0.00017181008784973272
660,8.664464980742761e-05,0.00018419502646587757,0.0001219860672566446
661,0.0001176020623004356,0.00021894494397467712,0.00015582709511272977
662,0.00011558015538959461,0.00011714625992414877,9.986348189219747e-05
663,0.0001152761344431369,0.00011597997657294119,0.00013799784032421793
664,7.926290097140388e-05,0.00014159941950332765,9.004708889590847e-05
665,0.00010185162454354955,7.843997065167374e-05,7.39145823145268e-05
666,0.0001229424315509239,0.00012374006668056017,0.00012323170958345556
667,0.0001465201598710092,0.00013605916329919074,4.131404255546007e-05
668,6.790857438419788e-05,7.939228575172872e-05,0.00012050196448690354
669,6.34298755458492e-05,0.00012132105133933294,8.873374745626971e-05
670,8.292347190600156e-05,7.824214585306201e-05,0.00012649811067679957
671,7.763459258216079e-05,6.822314426801132e-05,7.339282224033806e-05
672,7.696702733008833e-05,7.805137276275143e-05,0.00013928807253278718
673,7.961356798700687e-05,0.00014461584519271983,0.00012898820098683847
674,6.391357250412077e-05,9.640466700486405e-05,6.797872729258265e-05
675,8.35067525917077e-05,0.00012508109660133856,8.45638673786749e-05
676,0.00011537140909282994,9.914126462366097e-05,0.00010730465867783546
677,9.02192522286341e-05,0.00015838669767488246,9.799132469043216e-05
678,9.245557099885709e-05,0.0001808475605366802,6.438830526097852e-05
679,8.291109044913957e-05,0.00011938363548837558,9.990525213332678e-05
680,8.071734641557973e-05,0.0001496677803157908,0.00014886909138420553
681,0.0001470295168620375,0.00021176083653154804,0.0001263941278983591
682,0.000139384859221205,0.00012320543030287302,7.714213097684672e-05
683,0.00013647465168080845,0.0001563633948314822,0.00012983548359232771
684,7.711042144549675e-05,0.00016515762879846667,0.00010144849513301133
685,9.296606561909064e-05,0.0001010357508711167,0.00011000404153426577
686,8.1105082058633e-05,0.00014049182098854377,7.055053602178752e-05
687,0.00016967320830895108,0.0001305318273986847,6.751289343876665e-05
688,8.277567001401003e-05,0.00015160643019956614,4.8263464935473254e-05
689,5.875809993268399e-05,0.0001459152290780543,6.628290537071255e-05
690,5.643046646107726e-05,0.00016249742111460545,8.384791755329822e-05
691,6.656431163574428e-05,0.00019983074332865708,8.307741390696143e-05
692,0.00010345852200602846,0.0001416323076439207,6.658528586823436e-05
693,0.0001034869069391361,0.00017976206157626173,9.351850307087858e-05
694,7.430237641784733e-05,0.00010601306325092151,0.00010072484589728107
695,5.960690343377978e-05,0.0001780744580804259,9.650483888491841e-05
696,8.504103809646911e-05,8.806388653126496e-05,7.344338912897639e-05
697,4.4213108905349465e-05,0.00011414319421890835,0.00012430705016114893
698,8.618318218818912e-05,0.0001305376375174127,6.601522789022658e-05
699,7.672489682209676e-05,0.00013537447212689043,0.00016000572170170893
700,0.00012092193148294354,0.00015015504941874672,9.20302516667852e-05
701,7.576410335553466e-05,0.00012644272993081812,0.00011146245996086167
702,0.00010425044060392288,9.763221497955459e-05,0.00010239806665101086
703,8.033495203532131e-05,7.994106113258367e-05,9.847942796249604e-05
704,8.512864096312245e-05,0.00010878864336510266,8.22556172219888e-05
705,7.845662706631227e-05,8.656473260815454e-05,8.317136005578527e-05
706,6.274610167929226e-05,0.00010494305876303128,0.00011098194410523277
707,5.913629961079313e-05,0.00011659734162729905,8.302493595628457e-05
708,5.0319292811920764e-05,8.710810232940356e-05,7.88332408103276e-05
709,6.589837444030103e-05,8.165498540927921e-05,9.27633899970474e-05
710,6.180409366418058e-05,0.00013099055327798966,0.00010174073120264299
711,8.10213443295258e-05,0.00011097925267263982,6.172601012811574e-05
712,0.00012667208068441464,8.823908562487982e-05,7.865218518048689e-05
713,6.936814041410643e-05,8.560041401089151e-05,7.782813892347128e-05
714,8.435330721985581e-05,0.0001333247279937076,5.406456938879941e-05
715,9.481207493328118e-05,0.00013466836465682118,0.00012114751692632116
716,8.079434678421795e-05,0.00011738404868237797,0.00014032826072016058
717,0.00012925846815707974,0.00011120702811156269,7.431556488549242e-05
718,8.029777029304222e-05,0.00015909976246703558,7.457082857020847e-05
719,7.970474919830196e-05,0.00011526045537848963,8.086645824430275e-05
720,0.00016756702145230895,0.00014541269158355817,0.00011150259046357376
721,0.00014827726687153392,9.748170728697119e-05,0.00014071040994128182
722,8.251384730058016e-05,9.78077751422197e-05,8.179004572633072e-05
723,6.314137647732506e-05,0.00011207736538867505,0.00014237362654635888
724,6.136486662082358e-05,9.453986020029402e-05,7.892163238766083e-05
725,9.663176619534365e-05,0.00011771202614063823,8.55035146515249e-05
726,0.0001002457581275744,0.00013631696866306072,9.327375189107218e-05
727,5.151385191596269e-05,0.00012021876242447072,8.138651231060503e-05
728,6.462846747253828e-05,0.00010482461262969343,9.488568913154971e-05
729,8.94098434474349e-05,9.962225330985355e-05,8.98523846166216e-05
730,0.00012028238082714564,0.0001090687251558747,0.00011428335642862113
731,8.834970383004424e-05,0.00013450176168062575,7.003662190366087e-05
732,0.00012888098192116834,0.00022701436335797673,7.627645039086656e-05
733,0.0001443316854748418,0.00014768334961395542,0.00010792709090814946
734,9.474967917371173e-05,8.238732219424501e-05,8.840788619328882e-05
735,0.00010846480056940357,0.00010155799537833156,8.04012194416854e-05
736,7.110334893569245e-05,0.00012513193593396258,0.00019359780377318505
737,0.00010972932324685381,0.00011952606864676566,7.325574559722014e-05
738,0.00013135304202116187,0.0001484431296843954,0.00014381670643909345
739,0.0001546041713500025,7.733070182433211e-05,8.74464339487763e-05
740,6.859168062604358e-05,9.732090067182814e-05,8.196827698655797e-05
741,0.00010300423348169408,0.00016523272942229038,0.00010397733831089222
742,8.464877080547092e-05,0.00014504932407439946,7.765306025917015e-05
743,0.00011808026403279492,0.000183397485573901,4.842315040248835e-05
744,8.840351371586668e-05,7.975567602558965e-05,8.055195491855815e-05
745,0.00010456785637747916,0.0001231088248708281,7.05633480506777e-05
746,9.293523620645539e-05,0.00011216413534954298,6.941085805177927e-05
747,0.00013884918310275512,0.0002674071029944055,6.872147159845657e-05
748,0.00016024288348700383,0.0001299546350709176,0.00013076301081700484
749,0.0001241097799875491,0.00011167452397587246,7.517981516925692e-05
750,0.00012697067867853548,0.00011096044183035581,0.00010409092423898404
751,0.00016147029516272552,0.00014654824644905095,0.00014168614178949513
752,9.884377091610556e-05,0.00011940347718232348,6.532885862491269e-05
753,0.00010054373699790001,0.0001302780753998089,9.151837445499761e-05
754,0.00012345253592300814,0.00014671225753216344,0.00010885552637129131
755,6.589862912914639e-05,0.0001105767709536466,5.9112777705943114e-05
756,0.00019073430502266977,0.00010090959307724021,0.00010057381834235246
757,0.00021265082963706328,8.766892660356116e-05,8.748404225865059e-05
758,0.0001694208236359391,8.771455884030535e-05,7.50474699478606e-05
759,0.00015631651952170995,8.843734524334611e-05,7.877088944302819e-05
760,8.151472095703629e-05,0.00016510723898280412,8.820992911733782e-05
761,0.00014283549205065492,0.00011896263429417064,9.499222413577419e-05
762,0.0002328579568146519,0.00018818534982697086,0.0001870332438581877
763,0.00010473381394120608,8.269262684531864e-05,0.0001232382966424628
764,7.995452901920023e-05,0.00011984387873291754,9.618145840188539e-05
765,0.00014245110633692376,0.00015319110880337641,9.248660730504624e-05
766,0.00011608036502193755,0.00016668773769239979,7.00460325770891e-05
767,0.00011132588231517444,0.00011464153944769627,7.262848299169216e-05
768,0.000239533034272068,0.00013017418635612936,9.333694641872024e-05
769,9.327388432702652e-05,0.00017744149527621725,8.365743713230261e-05
770,0.00016232274088981666,0.00012569150940530582,6.758385012163092e-05
771,0.00014940330536836785,0.00014488773528686127,0.00012635512383320699
772,8.359948398206537e-05,0.0001048512909785536,9.888292437226858e-05
773,8.050587549022928e-05,0.0001504848351953254,7.332573517146116e-05
774,7.804824940090918e-05,9.3266904892301e-05,0.00010496912673303839
775,0.00010737158284391014,8.181681252149314e-05,0.0001325687350969013
776,0.00010414923945554936,0.0001450146757022308,0.000136417943986368
777,0.0001158375512705253,0.00011590817227478716,0.00014914369133944057
778,8.916784242129495e-05,9.867355727217838e-05,6.59982239409136e-05
779,5.4233484065769884e-05,0.00012724984170250046,9.102265671903993e-05
780,8.66012214377725e-05,0.00011544467269007315,7.471336518727029e-05
781,0.00010194613413020468,0.00011382135156358028,5.16132263676072e-05
782,6.931294513627342e-05,0.00015006334167843105,7.013938418238484e-05
783,5.923337844317626e-05,0.0001368047364105846,7.179225619549001e-05
784,7.761196927792532e-05,7.214058893789056e-05,9.067756981066202e-05
785,5.962439429913859e-05,0.00011585425500268785,9.307725615370231e-05
786,5.579182009222119e-05,7.278615873670744e-05,8.417682552575834e-05
787,6.168667949838758e-05,7.915541222184177e-05,6.412431488055694e-05
788,5.160253602086211e-05,0.00010697321912999821,8.684777306846535e-05
789,5.7014686270184445e-05,0.000139759290493705,6.231390377640754e-05
790,5.301289049707304e-05,0.00012859576985756486,0.0001128903363005018
791,5.765599630944645e-05,0.00012811143195185794,7.706389548288671e-05
792,4.6364071118490734e-05,8.479145237938183e-05,8.766428979945048e-05
793,8.15784606923633e-05,9.068483921754328e-05,0.00011372149259547186
794,8.429457748373125e-05,0.0001253071081305594,8.378516909999395e-05
795,6.756745616822968e-05,0.00012135005347210117,9.723051888531182e-05
796,7.071978149872664e-05,7.756054259937642e-05,0.00012759504788613146
797,0.00010617305215055934,8.750021986385054e-05,5.89066381960478e-05
798,6.714576142898766e-05,0.00013309720474705407,0.00010035904503428303
799,7.211618972137304e-05,0.00011004741740876567,5.7564317290028716e-05
800,6.806364906872477e-05,0.0001213868236585368,0.0001267872691001024
801,9.122217111111847e-05,0.0001532911495851312,7.024843596402311e-05
802,8.165701125900192e-05,0.00011345384514845709,6.195812398967719e-05
803,4.9227789913184885e-05,0.00012707523459200613,0.00012819718783322023
804,8.148483011653585e-05,8.786799140787741e-05,7.604583682286058e-05
805,8.628352788446163e-05,7.42492565840347e-05,6.371220370030335e-05
806,0.00011020143260286898,0.00012215200837074785,0.00013376506209464986
807,5.8299563965188e-05,0.00010835722117649058,7.125876346419937e-05
808,6.503007436310972e-05,0.00011855304672868032,5.960173643460452e-05
809,0.00011110301311471976,0.00013238905625339795,0.00012155822351171626
810,4.839940841078059e-05,0.00015081009152540127,0.00013437377796871836
811,0.00010797440345128264,8.94055758419976e-05,0.0001255881984744721
812,0.00010693380943477561,0.00012309413559083007,9.460391387429375e-05
813,7.05477456134638e-05,8.868435148815695e-05,8.91918737485695e-05
814,0.00011135095254537858,0.0001236447595997948,6.159468769930479e-05
815,8.707443828463107e-05,9.779616331060734e-05,8.339014530295328e-05
816,0.00017604820972636967,8.275955902478474e-05,7.953463785382892e-05
817,0.00010203768818404465,9.690522910008372e-05,5.653854254391443e-05
818,7.569849432800654e-05,9.119535520737608e-05,9.605523824317989e-05
819,0.00018531428781222583,9.323726192442354e-05,6.198871799357999e-05
820,8.264070451669323e-05,8.132849234784838e-05,5.384833435505379e-05
821,0.00010722499635602271,7.800960503803896e-05,0.0001080111681471931
822,8.646549353413452e-05,8.593810123748833e-05,9.327190401347979e-05
823,5.971284521164914e-05,4.9937472374743765e-05,8.399210706428137e-05
824,9.554145241725397e-05,6.636108939447568e-05,5.80398393790218e-05
825,7.968293761990212e-05,0.00012472557187966795,7.939536850178557e-05
826,7.211058486988756e-05,0.00016443908869720833,6.598660358447201e-05
827,5.466252971953325e-05,0.00013813266603900147,9.18098556961194e-05
828,0.00010778011437778907,0.00010369397890239739,0.00010077001806273704
829,5.4175428938372196e-05,0.00010106089632763065,8.260518017141247e-05
830,6.006749143914153e-05,7.835533926261524e-05,7.396593841076801e-05
831,7.404067724828224e-05,0.00011554793131434816,5.9558135916573496e-05
832,6.348332870230417e-05,0.00012332033216720325,8.581429375084292e-05
833,3.613984169863609e-05,0.00015308879026001683,0.00010806438793895546
834,4.263860660414345e-05,0.0001467068189490076,6.360753931598318e-05
835,7.449260820780502e-05,7.94169761358808e-05,0.00011168353065500398
836,7.88274343462265e-05,9.765442177752438e-05,6.837035713119121e-05
837,0.00010191332319404212,0.00012014730328773977,8.738840880194345e-05
838,8.037769768152298e-05,9.115610616231271e-05,7.747511221919462e-05
839,8.338391283015852e-05,0.00010882602549388248,0.0001126325076631585
840,8.389991477020353e-05,9.681680353376346e-05,8.491537995398121e-05
841,0.00010649393946999065,7.621356625772083e-05,7.404912247647737e-05
842,0.00010202003581958286,0.0001149943843850966,6.926232343804028e-05
843,6.814585975232109e-05,0.0001934639854283871,0.00010807403388604119
844,6.28455074547203e-05,0.00013668434004380074,0.00011905577279401998
845,5.358499708304518e-05,9.1642255913214e-05,9.94524760456416e-05
846,4.584098296563666e-05,0.00019152234222338544,0.0001256579254705793
847,8.710687531234038e-05,0.0001312170588819512,7.617763564735693e-05
848,9.217803018548018e-05,5.9774446965613935e-05,5.078338605735397e-05
849,7.522727452870905e-05,0.00011884064132518688,9.090981725299159e-05
850,7.283440752633572e-05,0.00010883539596152694,0.00012331715264976567
851,7.597549120516418e-05,0.00013918308102705464,8.725601761021666e-05
852,8.056199803768107e-05,0.00010833505193083132,6.160965653610536e-05
853,8.661409745334682e-05,9.0664601265921e-05,7.00412639611427e-05
854,5.010160065917214e-05,0.00017551216718107466,0.00010043804731067319
855,5.982953991502026e-05,0.00012436559648777118,0.00011701802127639355
856,4.6507599344660206e-05,0.0001379074959479494,0.00010875573934405142
857,6.209622521362453e-05,9.928643463011322e-05,9.639945108548104e-05
858,0.00016490388617056772,0.00011893345718403188,9.02676072234626e-05
859,7.1276848834322e-05,0.00013983853062432273,4.974773672004497e-05
860,4.355189767325597e-05,6.800638016503887e-05,7.533977645909798e-05
861,0.00010545157679998305,9.575977925002605e-05,9.28858464751206e-05
862,4.888690368767299e-05,0.00012231562104344826,6.508848335768462e-05
863,9.939292657222293e-05,0.00010763341572307291,9.514770447122345e-05
864,7.152471024796208e-05,7.041174769151749e-05,5.025611056911154e-05
865,5.4204890747058664e-05,0.00011713727512894591,0.0001230173085636322
866,7.10496236019796e-05,0.00013795323803403303,6.952279252706778e-05
867,6.788301336621689e-05,9.651861284739368e-05,0.00010329074790889265
868,0.00017708046505328435,8.526412460401487e-05,9.516761273169484e-05
869,0.00011371835432355156,7.930831058621948e-05,0.00014425786951673624
870,8.85132387514338e-05,7.248933452876328e-05,0.00010474573920608255
871,6.527397784767278e-05,7.650823092177273e-05,0.00012769995291870138
872,4.341333370108705e-05,0.00015710637156675237,6.476375993904126e-05
873,6.876295523290614e-05,0.00010458785760286975,0.00012681956700618213
874,8.275742147657197e-05,8.275798829289245e-05,5.610133524580825e-05
875,0.00012700108330461422,8.080380123246521e-05,6.814323380984032e-05
876,0.00011663159001980545,0.00012542973242719413,5.038436580028154e-05
877,9.281784345349942e-05,0.0001056575043050396,7.348231999375366e-05
878,5.641888892095628e-05,5.9617439231205296e-05,6.642989257901294e-05
879,5.920251714665813e-05,6.629283701839793e-05,0.0001045409575948371
880,9.872157550446053e-05,6.923610440482476e-05,0.0001307270271340264
881,8.568350166629728e-05,7.422174535696984e-05,7.181396315284754e-05
882,6.661522745719877e-05,9.270863985111096e-05,8.748196652066355e-05
883,0.00010428450725294122,0.00010094044481416047,4.779113094059418e-05
884,7.558922827773815e-05,6.142689634408067e-05,9.914787793983545e-05
885,4.169082187103558e-05,7.007455909292614e-05,5.259868905325929e-05
886,6.572205567287264e-05,0.00012743934613776732,6.525598730095772e-05
887,8.845170433348492e-05,0.00010150312000236733,7.014680073563221e-05
888,8.6421934760343e-05,0.00012224246844418386,8.544691917013278e-05
889,8.073456290101003e-05,0.00010683147781656132,9.494315697671628e-05
890,0.00010035957473738237,9.904043143653435e-05,8.855206126461566e-05
891,5.838447530774678e-05,0.00014224635955575752,8.115681983810218e-05
892,0.00010753439651750731,0.0001532907381240724,7.239347463830408e-05
893,5.9058760912993376e-05,8.233633309851532e-05,4.63524264902737e-05
894,8.474680767701275e-05,0.0001341598183108417,5.606741551940795e-05
895,7.83844112322673e-05,0.0001050354574267129,6.025933956717192e-05
896,0.00011607883299484213,6.895744158283742e-05,0.00025175017579259914
897,9.31352245092285e-05,7.091621688806824e-05,9.078572894418913e-05
898,8.583993831427281e-05,7.855596640107807e-05,6.557105670479863e-05
899,9.378095892306259e-05,0.00011942422123613995,0.0001021470636338137
900,5.91566837859381e-05,0.00016747629537106084,7.479926741235172e-05
901,5.006436533964383e-05,0.00013633205578475105,0.000108308875571828
902,4.368887466643479e-05,0.0001160622313796215,6.275125882159978e-05
903,8.056704065979526e-05,8.96979548217571e-05,0.00012434816755184524
904,3.871037316445841e-05,7.620964259890198e-05,5.469108557866189e-05
905,4.9644173654130735e-05,0.0001276014302606441,9.030285453206612e-05
906,6.375919580248798e-05,9.03336890469709e-05,9.724014186723908e-05
907,7.689290942447294e-05,0.0001463530752467579,7.099531229257406e-05
908,6.214720504702875e-05,0.00011687015911679102,0.00010173361811959126
909,8.21116516611299e-05,0.00014664745571956969,9.469735627421527e-05
910,5.026443658130366e-05,5.707603302816299e-05,0.00012380604532424426
911,6.844640513018565e-05,0.00011556482649642042,9.036227642741175e-05
912,6.165979625049294e-05,0.00010746020837792806,0.0001359559462668188
913,0.00010891414089962614,0.00011639831178555682,6.255635499638483e-05
914,0.00010493034307804312,0.00010649420409208037,6.086492383691379e-05
915,7.701598796892582e-05,0.00011654091951204979,7.295031667371362e-05
916,5.2919264279186676e-05,8.493247459569307e-05,0.0001089817993777128
917,8.361009374938328e-05,0.00011587274231793584,7.502758899318856e-05
918,4.083121563560077e-05,8.541614457711479e-05,9.794810037814153e-05
919,5.198130513851959e-05,0.00010314302583591958,0.00011022557350294705
920,7.059073218473138e-05,6.299177845483147e-05,7.148863772272043e-05
921,7.870841484608955e-05,6.17076426303731e-05,0.00013015858777535008
922,7.240990030504837e-05,0.00010775234617271924,9.401992394582066e-05
923,6.688673579438626e-05,6.38930720827348e-05,7.667836275528955e-05
924,5.919089719643743e-05,0.00011869117434980558,0.00015713705958754018
925,7.273478516287043e-05,0.00018052171751078684,8.917063194589667e-05
926,5.427371437335063e-05,0.00015621583189598718,8.548141780738543e-05
927,7.764243493629492e-05,9.337909804805924e-05,0.00012696206248303854
928,9.715735691231446e-05,0.00010727194831886432,6.57234660486505e-05
929,9.452656584807664e-05,0.00013512458612456883,0.0001860739937390742
930,7.413081959591918e-05,0.00012987565497363284,9.101426506702534e-05
931,5.2678374230486694e-05,5.616278204070337e-05,8.444601841903915e-05
932,5.85890996679373e-05,0.00018557956204448886,0.000141888866224034
933,6.59877078317415e-05,0.0001067048491300269,8.663256431515283e-05
934,0.0001227331889214855,8.167674955308866e-05,4.1840314173648434e-05
935,6.0330172521394055e-05,0.00010347969858603841,5.141719534726995e-05
936,7.207666636349113e-05,9.922250705256032e-05,5.196415243141199e-05
937,6.285978362433484e-05,0.00010867174843344324,0.00011225647810234591
938,5.450747893428371e-05,0.00012318149610108001,8.635004896124917e-05
939,7.81399990974039e-05,0.00011905454699134495,0.00015689124588334763
940,5.778911666047572e-05,9.048696900699448e-05,6.688732231540188e-05
941,8.743415495157063e-05,8.600019428746229e-05,8.878968576659654e-05
942,7.694795475063269e-05,9.627998952089402e-05,7.464524243544208e-05
943,6.594577921193e-05,0.0001307457806051319,8.685805156757344e-05
944,8.336363015586986e-05,0.00012901809006219566,5.149116955338708e-05
945,5.771084049993151e-05,0.00017242978452592498,5.860861931445178e-05
946,4.7397052172402466e-05,0.00010220991531559102,6.0757190867752404e-05
947,8.937430877227354e-05,7.887245596565166e-05,0.00010236439390455235
948,4.740417519603559e-05,0.00015887766719966856,0.0001756854671235
949,6.712555029726069e-05,0.0001706264216091918,0.00012551688827098855
950,7.053320993110602e-05,0.00014671856541059242,0.0001228764585117658
951,6.555164661759352e-05,9.018292063336803e-05,0.0001195850938867519
952,7.286635494397077e-05,0.00012914677662955267,0.00011742158409503083
953,6.386312877450746e-05,0.0001167276766039249,0.00010791469458468363
954,5.625157687509924e-05,0.00010526535612394114,9.094117635216206e-05
955,6.33731795650422e-05,9.749053163802721e-05,0.00014501659913213288
956,5.3908160766879796e-05,8.539828320291832e-05,0.0001356980444830577
957,7.32414842277687e-05,0.00011720421401403448,8.958753090888747e-05
958,6.67395435708098e-05,7.750469053419578e-05,0.00011267916744950924
959,5.510904763156502e-05,5.406365469727266e-05,0.0001182457855159275
960,7.169815932867073e-05,0.00015454327612736163,0.00019255635161669608
961,8.336512031909964e-05,6.358637250041662e-05,0.0001470619203262632
962,6.77477488729418e-05,0.00010505707910621616,0.00010149986916435582
963,0.00012661093902950114,0.0001450957670033987,0.0001573346298169678
964,7.921625482690572e-05,0.00013502971316025456,8.878466743165135e-05
965,7.184263557446228e-05,0.00011435076724292647,0.00012482812049439084
966,6.904626142730912e-05,0.0001000098962232756,0.00012451244143436429
967,7.532059457683063e-05,6.879626274889723e-05,0.0001206146900070368
968,8.240656375863355e-05,7.838108070508085e-05,0.00013205138562871996
969,7.406973512481658e-05,7.5208387913095e-05,0.0001387467433541051
970,8.147663580860019e-05,7.903170130436371e-05,0.00016468911841416767
971,6.112719203246174e-05,0.0001441690025399965,9.624628391261977e-05
972,6.48694723556101e-05,0.00012594379909432703,0.0001313533214493526
973,8.407810095406591e-05,7.203416036957658e-05,0.00015242239680792437
974,5.3596819919758675e-05,0.0002368334507527081,0.0001827039115492368
975,7.79453182398941e-05,0.0001632106687960165,0.0001278899253707942
976,8.411580972266713e-05,0.00012324354053712424,0.00011660991150399576
977,5.203819231656313e-05,0.00014510377427288246,0.00015291965829813915
978,5.483662262498437e-05,8.031145204702233e-05,0.00014958000731413263
979,4.3331241684060916e-05,4.989793964939524e-05,8.784682917130983e-05
980,8.896731984665124e-05,0.00010031533796661597,0.0001334145414307948
981,0.00014612663820218267,5.5269651930058944e-05,8.452247910226468e-05
982,6.278489636384348e-05,5.005755784660691e-05,0.00016260512149721682
983,7.723556978011782e-05,0.0001737590941019529,0.00011736206413400124
984,4.4296104756047814e-05,9.874025274225682e-05,9.177595454758043e-05
985,4.4205638074903035e-05,7.779217121602934e-05,0.00010892850318260332
986,6.641030583079099e-05,8.368465004545307e-05,0.0001639307831636522
987,0.00012438220678530112,0.0002243637952482606,6.314052513251216e-05
988,6.834118324299753e-05,0.00024743910672517884,0.0001554321797801974
989,4.452185227520327e-05,9.257892906018181e-05,0.00016659609680718342
990,6.8264704254028e-05,5.8932486371455695e-05,9.547086616633538e-05
991,8.205298788307595e-05,0.0001311357373618395,9.269006830997502e-05
992,7.716315594396371e-05,0.0001419766505012631,9.884610292849726e-05
993,6.819784141997277e-05,8.162570762372419e-05,0.00013789204493517573
994,0.00011197336122089527,0.00013171186892234693,8.134181557887685e-05
995,6.073800305194886e-05,8.903090952098436e-05,0.00011038527383312551
996,5.411119373719038e-05,7.483491736533824e-05,0.00013142211007443765
997,0.00012119197435816925,0.00018061667353835387,0.0001929874482255753
998,6.919927859980098e-05,0.00010039411749816405,0.00012322318335590606
999,6.964429812663088e-05,9.55156210316618e-05,0.00013294356694631816
1000,4.720617261420053e-05,9.124089715939185e-05,8.592014158711695e-05
1001,0.000162069045461975,0.0001258071609478731,9.686437345168032e-05
1002,9.771753817120972e-05,8.012402498364129e-05,0.00013309762027469236
1003,0.00010800762103780114,0.00010106838706523574,8.519903033122772e-05
1004,7.121554522791505e-05,0.00010073363298889666,0.00012239922688097384
1005,9.216389211372247e-05,0.00015752805468548784,7.001541651369373e-05
1006,0.00010476215687664062,0.0001261940452591036,0.00010054050516908164
1007,8.291300725486534e-05,0.00014644302032076897,0.0001274193813257836
1008,7.610220913086617e-05,0.00011388524590027498,0.00019257224082638218
1009,9.964302372522984e-05,0.00014637229603652044,0.00015982489108682144
1010,5.949614399356465e-05,0.0001377129450717722,9.628497972951983e-05
1011,0.00010427849523844337,0.0001084690478374919,0.00011785727527058022
1012,7.125331287006524e-05,0.00010165489505028252,9.805626295803196e-05
1013,0.00012928831533182665,7.883909189320905e-05,8.241186268513826e-05
1014,0.00015919541818997434,6.327193153141759e-05,0.00012670197010224688
1015,0.00010578742262573663,6.813842987537333e-05,0.00010575912924850066
1016,5.496189992468157e-05,4.404316629905578e-05,0.00010898959239577456
1017,9.267053898121531e-05,6.631278379191584e-05,0.00016748597417487923
1018,6.2509082060238e-05,8.337990462995023e-05,0.0001389274657456184
1019,6.689825745983375e-05,0.00014259956312718763,0.00013891288682891866
1020,6.164275108024398e-05,0.000158346375037471,8.871795062759282e-05
1021,5.8356702867583514e-05,8.505919848141922e-05,0.00010048533338017767
1022,5.678151364490496e-05,6.937226642462314e-05,8.42332979237586e-05
1023,7.67935384448949e-05,7.110341589078024e-05,9.920650589986261e-05
1024,0.00013000234252191214,6.367967470584268e-05,0.00012674834898783121
1025,8.697180981837073e-05,0.00010070791565069167,8.679300711009801e-05
1026,7.241567226635066e-05,0.0001094995832194224,6.05507581561464e-05
1027,0.00011928791319523868,0.00010556391049592065,7.91731918436994e-05
1028,0.00013444648555404378,0.00011149931991038891,9.209710472921863e-05
1029,7.247290134515725e-05,6.421291880642192e-05,8.52935844778493e-05
1030,0.0001026062743089648,7.951958573614604e-05,9.723926482226292e-05
1031,0.00010663185071486229,0.00013286738067494691,0.0001139137911530852
1032,5.431945353393252e-05,9.103332874555844e-05,5.334960459048843e-05
1033,9.686282342344325e-05,0.00010844423854343642,0.00011393704630140954
1034,0.00010052940418744054,7.968214168259931e-05,0.0001192804015165484
1035,9.127985616765295e-05,7.075550933749312e-05,0.0001035823714374002
1036,8.05051955691546e-05,8.271641647636536e-05,9.634886200029065e-05
1037,0.00011625160545495642,6.138688409914518e-05,9.560698698904637e-05
1038,0.00010675565337468352,5.320135559425045e-05,9.37834301003182e-05
1039,6.294634677615758e-05,5.481170649520385e-05,9.131508655258711e-05
1040,7.488097599764201e-05,5.2661447332726806e-05,0.0001322117317586763
1041,7.452889957868432e-05,7.836237061255492e-05,7.640168946257841e-05
1042,0.00012248730247004416,0.00010473659186310006,8.933676685150573e-05
1043,9.384564202111586e-05,8.763315026891602e-05,0.00012362301118851114
1044,9.243301304491823e-05,8.781797849953912e-05,9.153194011445392e-05
1045,7.706611135323165e-05,0.00012025878301657526,8.718704052513578e-05
1046,5.8320135257282775e-05,0.0001348868057325369,0.00011960649544468187
1047,6.409120620922456e-05,0.0001651416237076891,0.00010697722263330094
1048,6.934752412889449e-05,8.007686976025233e-05,9.584198252661304e-05
1049,0.00011490934165725898,6.62234987535335e-05,5.414724329077755e-05
1050,0.00011292755774868618,7.302078420862993e-05,7.899342086811525e-05
1051,0.00012520476919763307,8.688847587638753e-05,7.865887123716087e-05
1052,0.00018926816318544975,8.347270047070485e-05,7.572471287312056e-05
1053,0.00011796774247729814,0.00011291687502863515,5.7567917547348965e-05
1054,9.124440159009749e-05,7.125753246625739e-05,5.548808405836737e-05
1055,6.067262353217668e-05,7.423986526673083e-05,7.28403019393143e-05
1056,7.488828676149086e-05,9.155772664229831e-05,0.00011300636816056874
1057,8.619101004908324e-05,8.282975018489839e-05,6.740849624111741e-05
1058,7.404384722526234e-05,0.00013526894572700587,9.94086774395944e-05
1059,8.543475770227552e-05,9.339370040321552e-05,0.00012853338286965155
1060,9.154385032652932e-05,0.00011883338498377234,8.554371893300406e-05
1061,6.428186802766634e-05,9.548924034735109e-05,7.54420456658546e-05
1062,8.94457846091376e-05,8.257579036240396e-05,5.7791875082379466e-05
1063,0.00013460415356873518,8.80402356179283e-05,6.203566888129266e-05
1064,7.226699764350851e-05,0.00012112742346482056,5.0445848913069596e-05
1065,8.009028869534309e-05,0.00010501031144823425,0.00010452264432333359
1066,7.545081543168123e-05,0.00012261851086156012,0.00012157161815790905
1067,9.334779401657016e-05,0.0001350183483484328,7.744054315225572e-05
1068,8.193015671875457e-05,9.687782660269938e-05,6.450606009498065e-05
1069,6.99271622679309e-05,9.821262402865022e-05,8.76524566740325e-05
1070,9.210412777596949e-05,0.00012045143060588507,0.00010326530813792319
1071,6.13795866986524e-05,0.00012233300797385099,7.314085569206451e-05
1072,7.520401541675595e-05,0.00010146294516954601,6.51903869312738e-05
1073,9.146761496532503e-05,7.456310412011932e-05,0.00017235104043958056
1074,6.444182227637041e-05,0.00013376801086306315,8.946118274314496e-05
1075,8.36960860986592e-05,7.733839152722663e-05,0.00011985256600158218
1076,5.187586857301183e-05,0.00011103769270560887,0.0001330888061812479
1077,0.00010005334137671719,8.551459987422336e-05,6.827266567046183e-05
1078,0.00012079750535576979,8.103731672458654e-05,8.337767365717771e-05
1079,7.334865559887222e-05,0.00013162932881318113,9.678252955544378e-05
1080,8.192660851530843e-05,8.617678248914508e-05,5.647045471589051e-05
1081,0.00017288007578689205,6.724342167204394e-05,0.00015500628554010706
1082,0.00011242890215122645,4.952597190117794e-05,0.00014190929966533612
1083,9.996885148062089e-05,7.395695229623293e-05,9.267895449721264e-05
1084,0.00014273608969777348,6.868008300906036e-05,0.00011374534438029387
1085,6.83002397988955e-05,6.63307887760539e-05,0.0001077793763822234
1086,6.595477004733697e-05,0.00010630762101452017,9.382202356296298e-05
1087,6.1913071649827e-05,0.0002600899790719275,0.00013027681745146752
1088,6.123924685710655e-05,0.0001023557596775703,7.352074761850869e-05
1089,0.00012085377547539946,6.827638113181283e-05,0.00011902114957156702
1090,0.00012217959227575826,7.64775005591012e-05,0.00010896556989226626
1091,0.00010626397188287562,0.0001298219716096214,8.057853896921264e-05
1092,6.432779061381679e-05,7.407248646105138e-05,9.461272021948904e-05
1093,8.194763039205535e-05,0.00010817180327017845,7.439458636420161e-05
1094,8.187092815566477e-05,7.920722309896694e-05,0.00011998195198013632
1095,0.00010213559720024138,0.00013674771372711137,9.246032639704925e-05
1096,9.981533115141658e-05,6.285082687486874e-05,0.00017854416614674902
1097,7.652761155308935e-05,9.372309758635201e-05,0.00013137178313091764
1098,8.573744799600551e-05,8.412651778357249e-05,7.380523166081903e-05
1099,7.199868699672779e-05,0.00014267145834827777,0.00011550751470305198
1100,7.302801301001688e-05,6.47476281351305e-05,5.812438456129421e-05
1101,6.388304631618254e-05,0.00011370264126720263,0.00011757590891617613
1102,6.088785969813714e-05,9.74683341297092e-05,9.784369930801857e-05
1103,0.00011063472558346264,8.568943400901907e-05,6.437102411470926e-05
1104,0.0001050495201546006,0.00011008580598836105,6.729924346662442e-05
1105,0.00012570138812341143,6.555231818520561e-05,6.82546300096656e-05
1106,9.787361396307824e-05,8.000376987908839e-05,0.00011740491602994069
1107,4.8320859035565715e-05,8.855325900194262e-05,8.182742257626765e-05
1108,5.8731178050759484e-05,8.53526342106885e-05,0.00010258551241263651
1109,7.160773305656149e-05,7.959064033626994e-05,0.0001148076174241055
1110,6.216586110069807e-05,6.598278937863825e-05,0.00012182419631767439
1111,0.0001372094167955815,0.00010126968285300096,0.00011364832742823614
1112,7.704697944159188e-05,0.00010556984362417194,0.00010349866155071311
1113,9.704613221990625e-05,5.416754820796398e-05,0.00014458986383813216
1114,3.36659127698567e-05,5.4940362088616075e-05,0.00011079603313327966
1115,9.329403649411543e-05,0.00011435803493794297,0.00011457433618711842
1116,7.192070750435346e-05,0.00011914767452603788,9.418486543519053e-05
1117,6.561834440658193e-05,8.703092019849483e-05,0.00010428203810412511
1118,7.597972386816086e-05,6.933206558929313e-05,8.915282165578858e-05
1119,6.109487286684966e-05,7.672663933646075e-05,0.00012771452141834683
1120,7.923531950250324e-05,0.0001170032385638202,0.00012964539423981002
1121,7.870562250813351e-05,0.00015161986958382256,0.0001104607866468895
1122,7.200204021458744e-05,0.00014394806691050676,0.0001262984272067096
1123,0.00010046667637332689,6.974678817290733e-05,0.0001516457556201327
1124,0.00011524556897357107,7.864971540040172e-05,0.0001425984339566928
1125,0.0001054435256205946,8.704344066263343e-05,0.00019885236775932846
1126,8.37564855667364e-05,9.45188556531085e-05,0.00015230941013152078
1127,0.00015429097396174306,5.0099581212222924e-05,9.012729407748612e-05
1128,6.497284244708091e-05,7.058039357750543e-05,0.00010010599190737522
1129,6.75110335410052e-05,0.00010038267670044087,0.00014831262558993904
1130,9.994397509995064e-05,0.00010084871071728667,0.00012560398771105637
1131,5.792503537901999e-05,8.776606599387315e-05,0.00018939254466528152
1132,6.517435933910571e-05,8.822286687347885e-05,0.00010352940013904302
1133,0.00011045252605209768,9.86723758434433e-05,0.00013275108880421102
1134,0.00010644886419934638,7.454428825989329e-05,5.294168921828518e-05
1135,8.943330533973339e-05,6.020868273312521e-05,0.00010389925511880052
1136,8.485692831918315e-05,6.724365348606327e-05,0.0001159945387322054
1137,8.150348297617989e-05,8.986822072941854e-05,0.00011403375674658336
1138,7.58255915022267e-05,6.300494950042472e-05,8.61131012135041e-05
1139,5.8520168160313245e-05,5.421636736648975e-05,0.00012442702963940086
1140,0.0001193990538876923,6.30622922870118e-05,0.00011390538801170439
1141,6.104741742587564e-05,7.646587853272952e-05,0.00011981692204740335
1142,7.250828525705365e-05,8.099820778463157e-05,8.686037619933047e-05
1143,6.88966539429482e-05,0.0001098907792773502,0.00012265512871809458
1144,0.00011010074077882799,9.006801575885129e-05,0.00011504042539239119
1145,5.2369195410601586e-05,0.00011473001308952844,9.297275246337514e-05
1146,9.537785413770774e-05,0.00012139222271005593,0.00010930862232643111
1147,7.9706842424016e-05,0.0001241986109596335,0.00021986064071702498
1148,7.76705205773055e-05,7.11202551782818e-05,0.00014267191645112585
1149,4.0965697409351885e-05,5.622897888197197e-05,0.00017979226516400977
1150,0.00013958102249729564,0.0001068428012581618,0.00013352295175829025
1151,7.342494975964103e-05,7.831974739726888e-05,0.00017248136675740395
1152,8.675283994869114e-05,9.113393642892427e-05,9.516157635188865e-05
1153,4.587313194449968e-05,9.887607629905032e-05,0.0002267972580212933
1154,6.536186563242844e-05,8.644288885292052e-05,0.00021025495495325116
1155,6.603805417490705e-05,5.798027928750522e-05,9.813055688790466e-05
1156,7.510482196296037e-05,8.489294452833697e-05,0.00010394683128510828
1157,7.672239594671551e-05,6.840696706028757e-05,0.00018163892120105906
1158,9.25529314953607e-05,0.00011417606993708218,0.0001317447055123402
1159,7.06591428906491e-05,8.638306996139389e-05,9.55292559824221e-05
1160,6.312578683651013e-05,0.00015623185675910686,0.00015060799309342282
1161,0.00010782560210877838,0.0001250952733402982,0.00015398814805051857
1162,6.317700551521042e-05,0.00011305771502579516,0.00020031978831712183
1163,6.459795828376178e-05,8.918305117506258e-05,0.00019424180828077732
1164,6.245414273434399e-05,7.733368065424431e-05,0.00010533203289327724
1165,4.157548221800552e-05,0.00014025038369452187,0.00021639129122519643
1166,4.632356281949149e-05,0.00010988387077171158,0.000180379270522478
1167,9.267855512339516e-05,0.0001147670959902146,0.00015598659348816185
1168,7.055208254603202e-05,0.00010205359031931968,0.00018641476697443072
1169,0.0001270547152186352,0.00010289605530688928,0.0001553517229986634
1170,6.566701452224897e-05,8.3990009758139e-05,0.0001255646603704033
1171,9.650275553156845e-05,0.00016010775695086965,0.00013059230837006674
1172,9.156065112213169e-05,0.00010338361930730731,0.00018205605102003812
1173,9.125744666188663e-05,9.0136122945817e-05,0.000134573327422575
1174,0.00010607257540647705,0.00010658370760883746,0.0001776300023889712
1175,8.564385070898693e-05,0.0001520236142542466,7.76926013837172e-05
1176,9.19921050005421e-05,0.00016035471012471918,0.0001015612548969742
1177,6.377114590671718e-05,0.00010753742395668102,0.00012037178852855153
1178,9.664280585626865e-05,0.00012033558703455231,0.00012540371036310458
1179,4.602539991323304e-05,9.400876375381155e-05,0.00015024193913214793
1180,8.403384011943748e-05,6.893571212809265e-05,0.00011333350686718565
1181,7.161052103072413e-05,0.00012587019673017456,0.00011955749131841672
1182,0.00011544379779822257,0.00012493185739873865,7.778136973128493e-05
1183,9.586495128288224e-05,0.00015826906335961142,7.920742002262486e-05
1184,0.00010614326681803458,0.00017709118078380624,0.00010409228119228962
1185,9.149508325874741e-05,8.225362380894203e-05,0.00016345691434429478
1186,0.00012517951443599397,0.00011742834258916689,0.00013718560713331555
1187,7.622322997918911e-05,0.00012901183531606773,9.211171370309216e-05
1188,6.434657853741301e-05,8.089937287392267e-05,9.994793594731813e-05
1189,8.049038429322079e-05,5.82280538220811e-05,0.00013900494384402748
1190,6.708922547196531e-05,0.00011102850792783072,8.733926638784958e-05
1191,,4.9107432016466305e-05,9.215821849722596e-05
1192,,6.442762777129603e-05,0.00011946337389097084
1193,,7.433723551976927e-05,0.0001619676355317792
1194,,8.996536898403817e-05,8.193944768640363e-05
1195,,0.00012171368063495624,0.0001228737325454635
1196,,9.626951278366028e-05,0.00010051060628994061
1197,,7.228212342650888e-05,7.945986633345053e-05
1198,,0.00011505490310683079,9.258373115365508e-05
1199,,6.784609095448407e-05,
1200,,6.604790343905858e-05,
1201,,6.05682933825385e-05,
1202,,8.579179605070594e-05,
1203,,6.786108675101285e-05,
1204,,6.648951597699946e-05,
1205,,0.00013020489536119141,
1206,,0.00011880655586419728,
1207,,7.578266351007874e-05,
1208,,0.00010410703850263123,
1209,,7.79312357813374e-05,
1210,,0.00020237934783441243,
1211,,9.689532661180313e-05,
1212,,0.00010982434784791517,
1213,,8.205244608969628e-05,
1214,,6.443675141625312e-05,
1215,,5.22022131412952e-05,
1216,,0.0001635142443035819,
1217,,6.285318587112848e-05,
1218,,0.0001205200893508597,
1219,,0.00010815550026207642,
1220,,0.0001640532329977438,
1221,,7.518111462212967e-05,
1222,,8.334536876826695e-05,
1223,,8.339848278307303e-05,
1224,,6.622898121545562e-05,
1225,,7.102504955967533e-05,
1226,,8.424294259197759e-05,
1227,,0.00010303472470219405,
1228,,0.00015178441810024097,
1229,,8.054501457739336e-05,
1230,,0.00012112444929809238,
1231,,7.680841176419941e-05,
1232,,0.0001598860545655557,
1233,,0.00010020339477803267,
1234,,8.632430461717111e-05,
1235,,0.00025874515902270527,
1236,,0.0001123752512091792,
1237,,0.00013100963249138952,
1238,,9.335308682255186e-05,
1239,,9.143507355114867e-05,
1240,,0.00014335724439644082,
1241,,8.483783159334842e-05,
1242,,0.00012001846782121727,
1243,,0.00011067103726801253,
1244,,9.050821850458676e-05,
1245,,0.0001125588555263128,
1246,,9.031990853638706e-05,
1247,,9.360887159407625e-05,
1248,,9.380074586443174e-05,
1249,,7.848002451028014e-05,
1250,,0.00014077699248484277,
1251,,0.00011234130865829223,
1252,,8.955420561572021e-05,
1253,,0.0001432927861536704,
1254,,9.400022818334721e-05,
1255,,5.973322012533045e-05,
1256,,5.275531370843738e-05,
1257,,0.0001389493782290637,
1258,,8.858430112964569e-05,
