,diffLr0,diffLr1,diffLr2
0,1.5305611622187626e-05,1.199155592159581e-05,1.0792305090703522e-05
1,1.5647128706275266e-05,1.8956444578071452e-05,3.132863417280783e-05
2,5.061118062244134e-06,2.576636627857809e-05,3.029862199257233e-05
3,9.359016807930764e-06,3.0843989136492625e-05,3.501460944137178e-06
4,1.889317128184193e-05,1.2759968824079803e-05,1.043549004620187e-05
5,2.4199765472382837e-05,1.3126851892356282e-05,1.2683100575975266e-05
6,6.755137460995444e-06,5.4685214203162554e-06,1.3079390433207277e-05
7,1.3864481156502915e-05,6.026672196609965e-06,1.075309854755639e-05
8,5.534196348563493e-06,1.0244509614953487e-05,1.735572947896127e-05
9,9.255866572902609e-06,1.348276183458373e-05,6.215568757171806e-06
10,9.97794547151677e-06,9.494147290059382e-06,1.163109958456407e-05
11,7.808269964426953e-07,6.84531275418146e-06,1.2739533098794768e-05
12,9.319397856222524e-06,1.974944862171158e-06,7.352507069149104e-06
13,1.0038051041301996e-05,9.526079737712001e-06,1.3596111493439864e-05
14,-2.0185254212660488e-07,8.467568596335423e-06,1.2878289369306255e-05
15,2.0336106016528777e-05,1.8943695740170938e-05,1.765417843448907e-05
16,5.505505671416992e-06,2.6030218568240648e-06,8.438967434770616e-06
17,6.16763040282649e-06,5.972144382096261e-06,1.3962560710263846e-05
18,3.1772661126697235e-06,5.070278469358155e-06,7.775571762622199e-06
19,8.802223344186735e-06,9.521711779126364e-06,2.2195207445645284e-05
20,1.5616887331866127e-05,3.372897155938733e-06,1.4785410080009123e-05
21,1.1027231121616938e-05,7.847365724856864e-06,1.319524490060636e-05
22,7.865325228212652e-06,9.072359350381893e-06,1.6885215906120563e-05
23,7.072035793722096e-06,1.193006363888228e-05,1.0568788262978895e-05
24,2.211236667847793e-06,7.007690066451048e-06,1.97713796832723e-05
25,-1.193683760274833e-06,6.529328361871942e-06,8.978021757494028e-06
26,5.696621807983621e-06,9.599329766531665e-06,-2.5195849608189674e-07
27,6.070064556594684e-06,1.0604086712684493e-05,1.1239405866178834e-05
28,1.273482774846771e-05,1.2374814895860928e-05,1.2727510635608223e-05
29,8.144366194203082e-06,1.0224696275416188e-05,1.3850035754046675e-05
30,2.980117322041411e-06,2.5319821718463387e-06,1.0212180491311656e-05
31,1.071280451731117e-06,1.6192295270260363e-05,7.579774791433063e-06
32,4.373522437133808e-06,5.919254054728151e-06,1.2702022555777385e-05
33,6.243240698506875e-06,5.879914374109453e-06,6.384005053269366e-06
34,5.598243379195963e-06,8.100536626426218e-06,1.2339486140043978e-05
35,8.304799507742804e-06,1.5612390154424927e-05,1.0511462227208968e-05
36,5.386598943235799e-06,8.875581721676897e-06,1.98492853295028e-05
37,6.6446075038081555e-06,5.280898817791679e-06,1.466350760263183e-05
38,1.532119972153187e-06,3.643130535176672e-06,8.428842582716814e-06
39,1.459350155599274e-05,3.2078132698849866e-06,7.416254977671502e-06
40,4.683401112016016e-06,3.7860750769164632e-06,6.512640676632878e-06
41,7.718936356339724e-06,1.6844452717353612e-05,7.822729479234396e-06
42,5.596835315961736e-06,5.071836841164207e-06,8.450915744237435e-06
43,4.248458988191626e-06,8.670865570245372e-06,1.2830942981528026e-05
44,8.901733678375426e-06,1.1240044377372346e-05,7.645601366512196e-06
45,-2.827034849225707e-06,1.2343833054174386e-05,6.696553156752816e-06
46,6.989425505176509e-06,1.1371929144791634e-05,5.38047398183526e-06
47,9.801872129972522e-06,5.767083577817927e-06,7.802565642427842e-06
48,9.771389201678564e-06,5.391465118902886e-06,8.158833847973707e-06
49,4.354629800273552e-06,4.331782559933693e-06,6.072447436907372e-06
50,-5.378527824683791e-07,3.968906391408103e-06,6.698489947563052e-06
51,5.94781575653354e-06,1.5455109615317725e-05,1.1385602948638426e-05
52,1.7417317669166006e-06,1.0680622163380415e-05,8.03948099299552e-06
53,2.0157168834488135e-06,1.7273761592133256e-05,6.750570080963949e-06
54,4.364456718601946e-06,1.3010373742626297e-05,1.3629714626591282e-05
55,6.053815822383583e-06,2.165471329698658e-05,5.705318033954372e-06
56,7.448506374903604e-06,9.38758963201825e-06,1.4631568532688141e-05
57,4.985062642990689e-07,3.836491253109871e-06,5.923661711535974e-07
58,3.237767576914765e-06,1.1517659751573457e-05,-1.378300689248236e-08
59,4.207794413757237e-06,9.316466435672269e-06,7.141303082103013e-06
60,1.0830456729692582e-06,1.2339611282552637e-05,1.3288546275290159e-05
61,1.99937686983539e-06,2.1921796999685313e-05,2.2355634941967507e-06
62,8.067403985370075e-07,5.1190146321699e-06,3.1225081588632302e-06
63,8.536622603013488e-06,9.640619970263132e-06,6.728210239359896e-06
64,2.3212251405728654e-07,3.8895892955155566e-06,1.1566548893311219e-05
65,1.226900901268416e-06,2.3294665593226567e-06,1.9207423522382945e-06
66,7.382231880811727e-06,4.158296829850693e-06,1.962629622213807e-06
67,-1.3040522767182933e-07,8.653427265067483e-06,2.070340886892388e-06
68,2.0936029042574863e-06,9.672942014912347e-07,1.0621989504609755e-05
69,4.850768064797594e-06,1.8037384495746164e-06,7.2003060797224615e-06
70,3.6684208229257636e-06,2.4200227354616928e-06,1.5141196226295252e-05
71,1.0446834791223552e-05,2.5464944899393417e-06,1.2224698657634357e-05
72,3.513120302576779e-06,5.187517683848445e-06,4.870939405037676e-06
73,6.213716889732725e-06,1.0570066319972011e-05,4.902307783271623e-06
74,4.461665345769961e-06,9.1109419611189e-06,1.7059103683183772e-06
75,6.0150652207433255e-06,1.0260695784757883e-05,7.078890568687193e-06
76,4.005271350027334e-06,9.422312776487135e-06,6.694509581044672e-06
77,9.290872337909333e-06,6.071311176427111e-06,-3.7720153277141875e-07
78,5.769552773021402e-06,6.9490935827661336e-06,1.8724269451256177e-05
79,6.184691705120784e-06,4.05203980386705e-06,2.637702815861565e-05
80,6.6990622616375805e-06,4.45002139151187e-06,9.095991909289755e-06
81,4.066057485016966e-06,7.973640796620183e-06,1.5353713009708387e-05
82,7.357001635335355e-06,3.244999188560786e-06,8.715969013216832e-06
83,7.090105725201919e-06,6.832460343445551e-06,8.216809547773253e-06
84,7.2608519485572215e-06,4.70404387582303e-06,1.0023912218883261e-05
85,7.838542016968602e-06,8.358182482774785e-06,1.3697792862131331e-05
86,4.360103465848267e-06,8.905267445796202e-06,4.421795244488443e-06
87,3.619600723938095e-06,9.460736071898912e-06,4.992979661049584e-06
88,2.8165063597539567e-07,6.0898815573553945e-06,3.6108977457080105e-06
89,7.410325485886933e-06,1.2108279340157745e-05,7.768107583457152e-06
90,5.055243944180676e-06,1.567690052614318e-05,6.792020718659025e-06
91,2.885319340729949e-06,7.930362260587535e-06,7.380003792667982e-06
92,1.5312439759737184e-06,8.85536164759753e-06,4.166302090583234e-06
93,1.7243174865073506e-06,7.936086211512938e-06,6.8519627073385795e-06
94,1.8557295687160084e-06,6.807090804297266e-06,1.7447430266594642e-05
95,9.609290966099114e-06,5.31969353414725e-06,1.1934920016195837e-05
96,8.654017048635367e-06,1.7780730710647225e-05,1.0443365721062021e-05
97,4.3046617015497315e-06,4.757698437019863e-06,3.326524306056748e-06
98,1.930644021956181e-06,4.388174474919577e-06,8.701938107179935e-06
99,1.1179404231203624e-05,5.518453514239058e-06,5.825451103159666e-06
100,4.021429866034993e-06,6.096745440578151e-06,4.967107091511979e-06
101,1.2113880106641461e-06,7.879041087309367e-06,6.346868799967757e-06
102,1.860568555468998e-06,7.551614447254773e-06,-1.303640930925135e-07
103,4.306345601132859e-06,4.094577446730275e-06,2.635959782342517e-06
104,4.2413751705566015e-06,5.386115419832493e-06,6.641618340999323e-06
105,3.4912657187302088e-06,9.507459917775856e-06,6.486960242826042e-06
106,1.0026746290348972e-05,9.81179654268955e-06,9.487798724202039e-06
107,3.430538538045475e-06,5.718965755840822e-06,7.992024908591287e-06
108,3.440221341118405e-06,1.621452591118423e-06,7.886839153477207e-06
109,4.905225609399731e-06,5.759539883737633e-06,6.758037237584469e-06
110,3.740364468746641e-06,1.0624289371803614e-05,9.435606183543608e-06
111,2.2809074928916344e-06,9.159219871124052e-06,7.2110010504726125e-06
112,2.1134056624308843e-06,7.778491392366348e-06,4.071850981654155e-06
113,5.883519405207227e-07,9.897339687235595e-06,1.4394464857167799e-05
114,6.695220806731931e-06,9.212599483108626e-06,1.4050335777388329e-05
115,3.003349307511252e-06,1.3029629029485709e-05,1.0367431919415358e-05
116,3.4338398528897287e-06,5.491278578730341e-06,7.254527797801513e-06
117,4.5692786215347385e-06,4.554610866309316e-06,3.0920711918119613e-06
118,4.524966106012569e-06,4.441560457572171e-06,1.9083146312848793e-05
119,-4.243141282609665e-07,8.717421099262822e-06,8.126421235221044e-06
120,5.431681373188453e-06,6.17756594581141e-06,9.47347919888854e-06
121,9.217038194397662e-06,3.5528564386625365e-06,6.338304170817884e-06
122,2.835642170160637e-06,1.4294438560624725e-05,3.5870936341441916e-06
123,7.697730278897297e-06,6.625167004735763e-06,5.352117433113427e-06
124,6.499746218029766e-06,4.3868556189285624e-06,1.1071226505729393e-05
125,7.70864050476975e-06,5.548016227309356e-06,4.9258221094450235e-06
126,4.644041402226836e-06,6.024923730666619e-06,7.980511243367041e-06
127,4.580923706863199e-06,8.489213919365633e-06,6.108434881728081e-06
128,4.585738392858329e-06,5.401876150110965e-06,6.281746912161148e-06
129,5.05845408115885e-06,5.852862002439152e-06,7.600959121531867e-06
130,5.339808180701567e-06,5.091989480772934e-06,9.758441574576468e-07
131,4.569072612495482e-06,2.766736937689083e-06,3.9104506798014766e-06
132,6.747358293179939e-06,7.393531793010341e-06,7.920091025437646e-06
133,7.80775914131974e-06,9.062430000231232e-06,3.7318670571002583e-06
134,1.913674884374064e-06,7.79149132216558e-06,6.840826174497813e-06
135,2.7863719229350326e-06,5.763656297085028e-06,2.933847677797739e-06
136,6.074447155763641e-06,5.376683125064791e-06,1.486466495474686e-06
137,9.032113395142788e-06,7.321686196735305e-06,9.613091850193114e-06
138,1.3568584160191446e-05,1.2123652349659533e-05,1.6089492645868566e-05
139,4.181575791194592e-06,1.4092472429144751e-05,4.328110284284319e-06
140,3.87338858321436e-06,4.734736976551896e-06,5.144807029948203e-07
141,2.1749006616757433e-06,6.337528801749704e-06,1.2476635884867096e-05
142,6.803517179422943e-06,5.615313098077303e-06,1.3257342870535827e-05
143,1.8190189712187329e-06,7.009620157450925e-06,8.50018639127316e-06
144,6.422211840780006e-06,7.3705152124957876e-06,6.82514939362531e-06
145,8.372397966446676e-06,3.7661707145400164e-06,6.0534469156710775e-06
146,3.1251745809844554e-06,1.2000604919875161e-05,2.8235652589710736e-06
147,6.737026302331616e-06,1.0515592691739644e-05,2.5119481702194913e-06
148,1.3231638574251175e-05,4.779367544423455e-06,6.596337948049217e-06
149,2.4854324229529443e-06,7.625146528290367e-06,5.67615773959226e-06
150,1.955452707288029e-06,9.493857076339545e-06,1.904559807341562e-05
151,2.9560026949533364e-06,1.3183910259916595e-05,9.114470197139072e-06
152,6.848414463082012e-06,6.094348731286233e-06,7.3710335913479914e-06
153,5.935487115777277e-06,1.1380070222364696e-05,3.7104002917283615e-06
154,6.648320208687284e-06,1.0663278675756698e-05,8.282546277641454e-06
155,5.418047771627315e-06,8.97754213634304e-06,4.311974676212864e-06
156,4.209315192731618e-06,6.126308968050915e-06,8.337200907369754e-06
157,3.1669409301445014e-06,4.687451348576801e-06,5.410476230487858e-06
158,2.9211565621925567e-06,7.51805948509903e-06,5.280727586120369e-06
159,5.755557060733657e-06,4.630807403911579e-06,9.897367550158981e-06
160,1.3600741121703458e-05,1.0143648170816737e-05,1.1483997379935516e-05
161,4.47947370232018e-06,1.2976450896511804e-05,6.4643827360965265e-06
162,2.679100741573562e-06,1.7768501687857025e-05,8.866816344329515e-06
163,1.522514223716379e-05,1.6446603298081e-05,1.0403619953166662e-05
164,1.0260852851833697e-05,1.2648400355678339e-05,8.095133111092101e-06
165,6.897124970119016e-06,2.9867625009830222e-06,3.2381262408822346e-06
166,8.133031110559566e-06,8.238314923625858e-06,2.446580050829053e-06
167,1.1520389858270036e-06,1.3386902169695727e-05,1.1464943112975293e-05
168,4.8426419955588046e-06,1.0191475625639376e-05,7.4284280559852845e-06
169,4.142116715204772e-06,8.655806959268105e-06,1.798543828755151e-06
170,8.715521733193859e-07,5.808779876645154e-06,2.540872667067266e-06
171,7.139847283507854e-06,9.739124784853953e-06,9.452740113438275e-06
172,7.718401010066402e-06,1.5003739275234823e-05,1.0897510379943184e-05
173,7.5288237757495015e-06,1.0103873249703173e-05,2.849947098754188e-06
174,2.3755658929409284e-06,6.572733569297428e-06,1.1921665520418028e-06
175,1.0803162054673915e-05,9.516151070108219e-06,4.504704634066833e-06
176,5.9120482538701145e-06,8.20689683734051e-06,6.602811670421689e-06
177,4.061064491904077e-06,5.674353569981912e-06,7.94861134324928e-06
178,1.5252253913343948e-06,2.141369088115675e-06,7.184303741585494e-06
179,2.9363807201884952e-06,9.967810231259387e-06,8.592058265913004e-06
180,6.8345664184155515e-06,1.1406588893940994e-05,3.7194551431928636e-06
181,1.3762469115723504e-06,1.7358551442621816e-05,6.818764372997917e-06
182,-3.5735366382352557e-07,2.728410186145834e-06,4.621898927202073e-06
183,3.061796733815587e-06,3.3530616708313664e-06,1.2281309598776625e-05
184,3.946334052717311e-06,5.469401676862747e-06,7.789129708059734e-06
185,4.330318067016467e-06,1.1832963588086614e-05,1.0116401588610879e-05
186,4.107313322483967e-06,1.2429065761766574e-05,5.3168545634080805e-06
187,6.661384478544755e-07,5.7708834800034825e-06,6.413800761262048e-06
188,1.0363377713102364e-06,1.3474676145109816e-05,4.282337040794744e-06
189,8.75991467048228e-06,1.1949038521323977e-05,8.367820323020473e-06
190,-4.4809920557685016e-07,9.205829435714595e-06,1.0307265720674434e-05
191,3.73741686723652e-06,1.7344203442454935e-05,5.638478640846463e-06
192,7.966417396999249e-06,1.9199563868986226e-06,1.1597052001796545e-05
193,6.651227991030078e-06,2.697357146746213e-06,8.377434284615466e-06
194,9.174109343904425e-06,1.4440762846827433e-05,7.347451852401784e-06
195,3.3457777650642584e-06,9.331570080010743e-06,8.755825367464977e-06
196,2.859148554666809e-06,9.41552870728049e-06,9.667789172321066e-06
197,6.299270207483935e-06,4.305838248606333e-06,5.193826239821543e-06
198,3.852989149810466e-06,1.242165182001459e-05,8.601195485684223e-06
199,2.4284815552291527e-06,1.8986802146975705e-05,6.9912520586068235e-06
200,1.9845703009143474e-07,8.943726531039764e-06,8.000104419394126e-06
201,1.1038484058512686e-05,9.962559590930982e-06,5.356355731768628e-06
202,5.20599518904797e-06,1.2076431234589649e-05,9.65074866376664e-06
203,5.660353938000518e-06,9.399199378120172e-06,4.855726276284954e-06
204,6.601851571932152e-06,1.1622169022451518e-05,4.509322798429871e-06
205,1.1087293902617366e-05,1.307440929333776e-05,1.0099814731620874e-05
206,5.892131837707168e-06,5.630152148261668e-06,5.90937611697715e-06
207,2.6742091386238953e-06,2.196797908307416e-05,7.916074805485172e-06
208,3.899181901624362e-06,1.2329797277778477e-05,7.219882832402944e-06
209,7.01089292657805e-06,1.368249917392794e-05,4.170979345740235e-06
210,5.391212631109022e-06,1.5494113884787686e-05,4.854363249970315e-06
211,6.5315273464765254e-06,1.3559041062178136e-05,8.547970552027011e-06
212,1.04752888001244e-05,1.628911434968564e-05,3.773593628025992e-06
213,6.400235727351502e-06,1.3007977874915234e-05,5.451020821025777e-06
214,4.727708767878078e-06,8.613859821670016e-06,6.565057061303713e-06
215,5.273245455941171e-06,1.5196464919448177e-05,2.6696483831269496e-06
216,6.429960279019158e-06,1.672651053526031e-05,7.884159597138185e-06
217,5.45934302378678e-06,1.0266598987613602e-05,6.163385254267696e-06
218,9.304930620100447e-06,1.8893320857722593e-05,5.439659697345842e-06
219,1.311902559949013e-06,9.935343258575991e-06,3.6527723368089847e-06
220,8.877278355539381e-06,2.1858337611021306e-05,6.874835232517692e-06
221,3.0423635821782997e-06,3.0626653795478945e-05,5.774975525374314e-06
222,5.8871465055211035e-06,1.1290556127337346e-05,6.8521371956457054e-06
223,6.357289994404419e-06,7.436710130238021e-06,7.502457297758467e-06
224,3.4405914455955776e-06,8.045518568245062e-06,1.0004217101692094e-05
225,8.230767236971711e-06,8.056377052552042e-06,6.4690081776312654e-06
226,5.598960987668334e-06,1.2686211069532613e-05,4.222125907235489e-06
227,6.085702597351101e-06,9.393073680200799e-06,6.998919376752387e-06
228,3.7604320736618574e-06,1.9280775684045118e-05,1.6542331846730093e-05
229,3.4544123515994367e-06,1.9920602134037556e-05,5.633091116518867e-06
230,1.3595774358629522e-06,1.2100452625676713e-05,8.044341098790932e-06
231,6.646565209281125e-06,1.304027338044416e-05,4.736966621599306e-06
232,8.213477520772237e-06,7.814349543004586e-06,5.4092114124228136e-06
233,5.314678022514635e-06,4.469351107366003e-06,9.731592523310929e-06
234,2.1241023368968517e-06,5.743274424037291e-06,5.968628956323233e-06
235,-1.3781113683204674e-07,1.8887826930129736e-05,1.2117948340884784e-05
236,6.654341418199674e-07,2.5698338236542056e-05,-2.7307203549772963e-06
237,1.8627031082490258e-06,2.8570069400436724e-05,7.003097040756379e-06
238,4.11605151692634e-06,1.0843337044284618e-05,1.3106281880091008e-05
239,4.202948525215807e-06,1.4029451122871405e-05,5.682337660530173e-07
240,2.572171742237608e-06,4.954724871631051e-06,1.5017447604415821e-06
241,2.294960329100339e-06,7.463088518059613e-06,3.4168278368666034e-06
242,4.798621466089156e-06,1.0868460296552816e-05,4.6918174112171296e-06
243,5.458591751437448e-07,9.38379288607481e-06,1.2385867245449375e-05
244,4.091194636354386e-06,1.8775425816666577e-05,6.706644459821205e-06
245,1.1512794000079207e-05,6.816852203170525e-06,3.567652675477798e-06
246,3.904948146920927e-06,3.0000024389018434e-06,1.2989260745797089e-05
247,7.020699618807904e-06,3.262164386060648e-05,8.882778570453538e-06
248,5.751639090805325e-06,2.867403183642771e-05,1.8560968852980077e-06
249,1.398754501952935e-06,1.7182625391150954e-05,3.131384598984656e-06
250,4.082398196001637e-06,2.0726874407743394e-05,6.0779105077271074e-06
251,-1.3594839198565554e-06,3.7243347131680926e-05,1.2399318300694038e-05
252,4.037228767632851e-06,2.685819622484559e-05,7.93366648476557e-06
253,3.232644356793833e-06,9.309823624878104e-06,1.8901999001429243e-05
254,1.2434848638254348e-05,1.1435991876328782e-05,3.159536364751609e-06
255,3.0026291638819026e-06,1.4982855839048788e-05,1.0019674412349412e-05
256,5.858046445858646e-07,1.4558258806625507e-05,2.370424107401717e-06
257,9.496489647229235e-06,5.269305127526569e-06,1.236435745710217e-05
258,1.3295231301664261e-05,6.709750879921759e-06,1.2935708284148524e-05
259,8.951887887155193e-06,1.927843470655496e-05,7.213050379561317e-06
260,1.2433265586130875e-05,2.284783461817807e-05,3.4243405506743673e-06
261,7.400889300572555e-06,1.2947446221305143e-05,4.203099531204915e-06
262,5.7439266356103265e-06,1.02790659905488e-05,7.968541711695448e-06
263,2.8382390954189275e-06,1.253936397910835e-05,6.619512041206812e-06
264,4.145760237601778e-06,1.1085853820372e-05,1.2946422213590454e-05
265,3.295611002135987e-06,1.8579434798332835e-05,4.274688258644691e-06
266,-3.7126304975367917e-07,8.931251171110738e-06,2.403989826348556e-06
267,7.934444822732944e-06,1.5029872090847255e-05,3.761851978452199e-06
268,3.0073025188949784e-06,1.6172642684528595e-05,5.038785788313961e-06
269,8.025591705352428e-06,1.0387837850049374e-05,1.4186713427110988e-05
270,5.41121258468247e-06,1.2232150017932925e-05,1.2073403214192788e-05
271,3.406705480324818e-06,2.1703554433813796e-05,3.6038302773570605e-06
272,6.19901539969858e-06,2.7749099864559125e-05,5.5950253812518266e-06
273,-2.8308420386995648e-08,1.1123934721128655e-05,6.1327518777336404e-06
274,1.3592939487658232e-06,1.665695129511071e-05,8.512346444071799e-06
275,5.504988069792323e-06,1.4859954106329558e-05,9.268524146409157e-06
276,3.919589792612755e-06,1.4530186981211433e-05,1.1433114178528096e-05
277,2.858375050743868e-06,1.8287065010879197e-05,9.644194250910846e-06
278,4.0871972635180084e-06,2.1908914006778274e-05,5.941378274940557e-06
279,3.8912698821175344e-06,1.8932736239222627e-05,1.0515464663572329e-05
280,1.4251445896298816e-06,1.7892133816765775e-05,6.354119710100584e-06
281,8.54088891449518e-06,2.0189720962063727e-05,8.523592810863716e-06
282,1.5926290420668698e-06,1.7095519869415062e-05,1.0046064842660465e-05
283,2.7383504583681023e-06,7.486616830369682e-06,1.1665180220316668e-05
284,6.351171066738199e-07,1.1246575670594473e-05,9.960034913997284e-06
285,2.5008424551537918e-06,1.0460280008896711e-05,1.1985711579666587e-05
286,3.6192240327268e-06,1.0325159293966268e-05,1.3415862806453893e-05
287,6.855211442371971e-06,1.0810572289652924e-05,6.899036981306732e-06
288,1.0775877963296378e-05,2.2103703532849926e-05,2.380802861187913e-06
289,3.452414220673634e-06,1.2446156045433161e-05,2.522932090789989e-06
290,5.690753186351505e-06,6.351825162779667e-06,4.850742168925076e-06
291,5.481411428550653e-06,9.205753884273475e-06,6.054888129773592e-06
292,7.070609937058857e-06,1.568522969897418e-05,4.817987461692934e-06
293,5.2138404021391105e-06,1.0113354313666627e-05,9.080232624758457e-06
294,1.203703959118298e-05,3.2617550661679625e-06,4.58931436430689e-06
295,4.042609839852292e-06,5.90940993416573e-06,4.572056775803579e-06
296,3.5661405092575183e-06,9.214622354209673e-06,7.719323875775949e-06
297,3.988988103305898e-06,1.795408659628581e-05,3.827022275924439e-06
298,8.591930015935736e-06,6.4947289933312164e-06,7.5410128087344235e-06
299,2.1371858870446393e-06,9.173152351045123e-06,6.9541628690527195e-06
300,9.561453780905344e-06,2.352316256941717e-05,3.5342587000004657e-06
301,3.980351501718305e-06,1.3549852862677992e-05,4.15855792012119e-06
302,2.251970006763505e-06,2.472914933524585e-05,7.176963778016087e-06
303,2.997676054781701e-06,1.5382059056867824e-05,2.431195858998999e-06
304,6.52608945984428e-06,8.861418545419855e-06,2.6141850632804653e-06
305,4.8041775973345725e-06,3.3313562725751216e-06,6.022098308734293e-06
306,5.241561521197361e-06,6.123416519699724e-06,5.645513744289133e-06
307,5.008936818219211e-06,9.985310948683645e-06,5.071580166476574e-06
308,2.4047334533607303e-06,1.9613483022826916e-05,4.363269187605274e-06
309,4.920768535875224e-06,9.113802931366539e-06,8.098240363234575e-06
310,2.8895517210966e-06,7.755814714846029e-06,7.830880171904054e-06
311,1.4652489279869104e-06,9.848911376773587e-06,1.4992082147808058e-05
312,2.2392700290781434e-06,5.459449779662812e-06,5.123482701339703e-06
313,1.6310792998184514e-06,1.6895986111689277e-05,8.94958501259646e-06
314,2.398043043574312e-06,2.5135838218773795e-05,1.0647748819275323e-05
315,4.813456312188836e-06,1.868020970226225e-05,1.2584303360135176e-05
316,3.8001146231748272e-06,1.4220438015904278e-05,9.473793321611788e-06
317,1.4589875170158593e-06,1.056254688328294e-05,3.828943130888618e-06
318,6.2637227265017335e-06,2.166112119776669e-05,5.379605845155974e-06
319,4.721373626085556e-06,2.6832659396564044e-05,3.4227924491727834e-06
320,2.914244466288321e-06,2.6849875781377902e-05,7.759039306826889e-06
321,7.724854707222967e-06,2.5610749712019466e-05,6.988451498973204e-06
322,8.131986643914695e-06,2.5482866516566258e-05,1.0674060179205213e-05
323,7.542118420200346e-06,1.2191460344413412e-05,1.045484963350016e-05
324,3.366146376217543e-06,2.052382657664122e-05,4.338881070536481e-06
325,4.521826061557512e-06,6.062480088046375e-06,6.353436585310665e-06
326,5.740231094367725e-06,1.4397903496045484e-05,5.550783348144943e-06
327,1.0239478502652e-05,2.0332836524949938e-05,7.583026525509678e-06
328,1.0906461746907452e-05,1.4283025832433705e-05,9.40606569621796e-06
329,2.3187328680398907e-06,1.7366335054514104e-05,8.45061422354895e-06
330,4.709292264408765e-06,2.5186409025383034e-05,9.103166407952804e-06
331,2.644480562829842e-06,2.134761090394402e-05,1.4626002594236917e-05
332,4.392851238265598e-06,1.063880201548864e-05,5.436271072857136e-06
333,1.7243593329719079e-06,1.6828932248244047e-05,2.481201788305281e-06
334,8.507541590652423e-06,1.4105878126745158e-05,6.028852892943846e-06
335,8.479375757757925e-06,2.600748291657501e-05,6.933248134627266e-06
336,1.91840386155499e-06,7.438795705383763e-06,3.8563835476374175e-06
337,3.969112982035678e-06,1.3201416489770424e-05,2.2961025698722367e-06
338,4.1352220133904914e-06,1.4745038211848808e-05,2.276127098012227e-06
339,1.023726755132863e-05,2.3798884505389963e-05,7.776923894451942e-07
340,6.4956497013754294e-06,1.4554239382553073e-05,-8.12682534026343e-07
341,3.6818219057144115e-06,1.1051967573526048e-05,8.274860443282304e-06
342,3.0086430634471795e-06,6.738578279955472e-06,1.0978303920342532e-05
343,4.785509743923375e-06,4.47510573873302e-06,1.1063840149108272e-05
344,3.6022564567871187e-06,1.5104834274168008e-05,5.485266660986741e-06
345,1.0532248117724566e-06,1.1809522759069473e-05,4.083045478113501e-06
346,7.3118411024777844e-06,6.3490187790444575e-06,5.829797417867404e-06
347,5.978393883464448e-06,4.294124878061915e-06,4.139012249984195e-06
348,2.8194773779578277e-06,5.962342410078557e-06,4.020695078775433e-06
349,6.397860163826257e-06,4.387351596555226e-06,2.3428502521217225e-06
350,4.837993523339063e-06,8.743101506374833e-06,-1.263534040841455e-06
351,8.792969075597708e-06,3.988665269726653e-07,5.5888424743292505e-06
352,2.4311173055254144e-06,7.166488565367381e-06,7.608929314524414e-06
353,2.4975308852543347e-06,1.5529257912307132e-05,5.087988641352308e-06
354,5.609117772346162e-06,1.4026128353427392e-06,6.08949779632373e-06
355,1.1940051691837697e-05,-3.7634518015995143e-06,5.890283121413638e-06
356,5.222913230328108e-06,1.5671438217420474e-05,8.82121341855647e-06
357,3.351519456368031e-06,1.490391602733676e-05,1.067009819839624e-05
358,1.2574389972671558e-06,2.1566449712412125e-05,7.670224533248435e-06
359,2.3773269294443508e-06,1.015282224275172e-05,7.487528773835036e-06
360,5.103594803104179e-07,1.8671245319002686e-05,6.814924981536141e-06
361,8.78014413356084e-06,1.1757816767923145e-05,4.744516428450794e-06
362,7.815550809483411e-06,1.0370686269003079e-05,3.2673411638659044e-06
363,1.7386667055390278e-06,1.0845500104773401e-05,3.4059255454344996e-06
364,2.360353407365013e-06,1.2394919110380611e-05,3.2080611581445e-06
365,4.7316222294720174e-08,1.2021037321288762e-05,4.879593586007901e-06
366,1.7337396631172594e-06,1.0344691095244028e-05,1.0163341960022487e-05
367,6.6157148561199565e-06,8.34979227995883e-06,2.481467876141455e-06
368,5.905304259031387e-06,1.383223485311265e-05,6.598522721109196e-06
369,5.887351085010216e-06,1.3167791033947005e-05,5.356186348720521e-06
370,4.36259773838765e-06,1.4751745980486637e-05,-1.1647467474563419e-06
371,1.350190097903422e-05,6.449908335265374e-06,4.080196280118194e-06
372,4.7605520129898e-06,4.834077184971659e-06,6.035795678067343e-06
373,4.782818013608683e-06,7.841776759114466e-06,2.5400550926132194e-06
374,2.860592777213628e-06,7.71551002765205e-06,3.0760050361554677e-06
375,1.5108388505374468e-06,4.22999690876331e-06,5.538484171774973e-06
376,1.0872623292309574e-05,7.720705289664518e-06,4.582765135505483e-06
377,9.109838386111396e-06,8.067323050596066e-06,2.942645305254579e-06
378,1.5181586202775326e-05,8.474312576119512e-06,7.870913750820225e-06
379,1.0401031638318585e-06,1.3202031837360449e-05,4.520320048683414e-06
380,4.31465262932195e-06,5.4191098165740575e-06,6.203315977797481e-06
381,7.512690757239395e-06,4.110007120238828e-06,1.8574077119607284e-06
382,4.4703965770204704e-06,2.2067876466695208e-05,8.49541336954789e-06
383,6.787290729410309e-06,7.022777230276475e-06,4.306367343399521e-06
384,4.231648113497305e-06,6.138727064647421e-06,8.558768340646354e-06
385,3.5330146907104222e-06,1.2721339341878272e-05,9.296581945885875e-07
386,7.688483972911804e-06,6.007529976346942e-06,1.836003277938951e-06
387,7.181485635320325e-06,2.6870290986619107e-06,5.027442542943948e-06
388,8.398269923903036e-06,1.7189445446591276e-06,7.001105507084591e-06
389,2.2739415862509405e-06,1.0695112710429048e-05,4.684286432830766e-06
390,4.7129384858589625e-06,6.159904169843671e-06,7.100771612155457e-06
391,2.4807925777934663e-06,7.905027638605024e-06,4.136877510866975e-06
392,8.418716431053354e-07,7.680868175132815e-06,3.9286246057799075e-06
393,2.158993730190533e-06,8.49759959856365e-06,7.339425729098574e-06
394,6.338311958000247e-07,1.0376901822220416e-05,4.859972685111301e-06
395,6.304915114856412e-06,5.7779172218081345e-06,7.985144383482277e-06
396,1.621685531551024e-06,1.506253771297076e-05,5.4785353667225935e-06
397,3.561947870041003e-06,1.1207611166522145e-05,3.1187587539512674e-06
398,4.880784719142198e-06,1.4433762601250335e-05,2.7705725589288893e-06
399,1.043379991927502e-06,2.057982793382284e-06,3.6209407352302147e-06
400,2.0082530770122386e-06,5.52720171458373e-06,5.599964469869546e-06
401,2.481345949770495e-06,7.5363090379785744e-06,3.0501636590749984e-06
402,4.730704076601222e-06,1.5114730935624453e-05,1.4647771964593073e-05
403,-1.4533404435923043e-07,1.2087840097396035e-05,1.3687029938916244e-05
404,5.037144447450117e-06,1.8935755522742375e-05,2.2937322553507474e-06
405,2.9244203846162213e-06,5.550366964656693e-06,1.09176600593719e-05
406,1.0437353656276233e-05,4.443816707181062e-06,9.0217059581043e-06
407,6.092403419855875e-06,5.418686772558532e-06,7.1872380570060206e-06
408,2.455408527155459e-06,1.8626249496146674e-05,4.214303762118407e-06
409,2.695973609820728e-06,9.670585102581867e-06,4.785986065118688e-06
410,2.174324044708012e-06,1.812496877975396e-05,5.490145396959988e-06
411,1.5384244531601748e-06,1.2347519210112979e-05,3.984063274829305e-06
412,1.0523604353089824e-06,1.1642870649742275e-05,4.804349611124132e-06
413,3.6067424246403555e-06,7.096662007718123e-06,1.086062804318805e-05
414,2.9628211422574706e-06,1.1633577538477981e-05,9.244899650402688e-06
415,1.2451586305029652e-06,1.0276283239877402e-05,4.0414253645140966e-06
416,3.1658847074107383e-06,5.320305854808391e-06,6.057262642475568e-06
417,8.285181632020448e-06,2.0013577143867365e-05,4.503569647694462e-06
418,3.7256992688929574e-06,1.2559219597872756e-05,4.828289555925515e-06
419,3.716851663216979e-06,5.7671344095080495e-06,5.792572073227504e-06
420,1.3093277054108884e-06,1.2413065901129918e-05,3.525201603028116e-06
421,5.1707676774107086e-06,1.3817930653468416e-05,6.302751580127898e-06
422,7.674767681974343e-06,1.3145107983067224e-05,6.177947499895568e-06
423,4.348355815011785e-06,1.0199728832089514e-05,4.1364292764072244e-06
424,7.758905890521399e-06,6.7056577080675775e-06,3.6870233035993562e-06
425,1.5007053619081015e-05,5.035591535876847e-06,9.94116360326008e-06
426,8.265095179812311e-07,1.348206183133861e-05,4.277258850661051e-06
427,1.0102619587911541e-05,8.037289697834451e-06,1.0971179270606674e-05
428,4.623803949097031e-06,8.216489173079722e-06,3.821397367206181e-06
429,4.697750367210892e-06,8.219218641165066e-06,8.47869746044863e-06
430,3.52268416447299e-06,1.6488440512863873e-05,1.1257552700447795e-05
431,6.50718326475297e-06,1.3457417288816789e-05,7.779048501926353e-06
432,2.7785934176193023e-06,1.1618031879649295e-05,8.553143423622043e-06
433,3.761763391646149e-06,2.210939616663116e-05,1.4301528047954826e-05
434,6.085747882041899e-06,1.0379270727605134e-05,6.407375988156846e-06
435,6.677847862476709e-06,8.147796536786006e-06,5.441684106469914e-06
436,1.5898993925269808e-06,1.4801224088811405e-05,6.818583260793116e-06
437,6.231208782705015e-06,1.0087144709892454e-05,9.612344897605346e-06
438,1.3787766034532255e-06,1.731104961930033e-05,1.2812734088632176e-05
439,3.862142554590755e-06,8.442215203626685e-06,1.014583394897956e-05
440,3.936949601410614e-06,5.32432897233443e-06,5.065236405239897e-06
441,2.929979108848693e-06,4.134319694092625e-06,4.878174532838299e-06
442,2.6554349043773955e-06,5.207028378190007e-06,7.391349489557292e-06
443,9.027462248373573e-06,3.9502753385073425e-06,7.441365072125134e-06
444,1.7688684223868668e-06,6.0030382114153415e-06,7.46767520991997e-06
445,4.43714068203873e-06,1.6332286168427285e-05,6.586883145888086e-06
446,2.6422998545845317e-06,7.1644581107069986e-06,5.386008024661284e-06
447,3.4994464232050784e-06,8.56627923279741e-06,1.2817820325935831e-06
448,2.9965261644409993e-06,4.901397417817579e-06,5.2484302948666e-07
449,3.2208996369726084e-06,8.045772257116733e-06,9.318941141871844e-06
450,7.085217765383648e-06,8.57142967439375e-06,1.3057951448412217e-05
451,2.3142056518009523e-06,9.610473346221034e-06,4.270333263235503e-06
452,4.401857714366424e-06,1.855499763475421e-05,3.098127955093779e-06
453,1.3819852832692303e-05,1.0285328022361724e-05,5.00833037302633e-06
454,1.0065535426281065e-05,2.6349555650218587e-05,3.784347833944183e-06
455,3.3324487211318645e-06,1.6713594164813346e-05,-2.3409228920118944e-06
456,4.851625575472446e-06,1.1680279504405753e-05,1.5445717772866952e-06
457,7.1353150817350764e-06,1.2716839171984488e-05,3.493768717190022e-06
458,2.359869946044053e-06,1.4529215759592017e-05,6.0634186895263935e-06
459,6.851049636028107e-06,1.4728750375149956e-05,2.131490810887346e-06
460,3.1727862185289786e-06,2.0470637815561284e-05,6.8502126957807925e-06
461,-9.864723181993623e-07,1.285097928098023e-05,5.752037186061152e-06
462,5.8425205223194755e-06,1.7595630116467667e-05,1.8386497852575752e-06
463,2.5497352561268317e-06,1.7694075747511552e-05,9.373320224696433e-06
464,2.399707431934785e-06,1.2805974429858185e-05,6.452627870838916e-06
465,4.386638540712881e-06,3.7358901726295755e-06,1.3688230399227346e-06
466,2.52188018657958e-06,5.370886750652058e-06,-2.1890163507548317e-07
467,9.704054806386033e-06,1.0728150509454754e-05,3.6850021110697244e-06
468,3.2073856358651447e-06,2.4321456295735645e-05,6.015467242118412e-06
469,1.5805532810697362e-06,2.8301831062637062e-05,3.96901178940033e-06
470,1.4652047685087868e-06,1.652991104647411e-05,3.993800551357146e-06
471,6.89760940461537e-06,5.62737572094242e-06,1.1489097322209175e-05
472,2.225287729283775e-06,9.892426369429176e-06,9.0802710043942e-06
473,5.852899784001785e-06,1.3717836365586736e-05,5.022926871100636e-06
474,3.972154896119082e-06,1.0484197059512686e-05,2.8695090033479145e-06
475,5.003318598756731e-06,1.6552780354503963e-05,5.3489834108275195e-06
476,3.7454076540378715e-06,8.359968835682398e-06,6.1757026736322515e-06
477,1.2447098829671238e-05,1.1903710059272445e-05,5.6022421277661315e-06
478,4.43372493986589e-06,8.595572683746533e-06,6.570444182764624e-06
479,1.1774745340917338e-05,1.8013737331815787e-05,2.1182147624968054e-06
480,3.998472151432321e-06,9.138170232637038e-06,5.784387173048263e-06
481,5.719994367160033e-06,1.1154012914188458e-05,7.607316344057747e-06
482,4.269722561340921e-06,1.4007132219516297e-05,5.595725923103009e-06
483,9.794067578725891e-06,1.85766034275783e-05,4.243803804459758e-06
484,2.1446772046326115e-06,1.6941204780677932e-05,1.3887559760009458e-06
485,6.950426759698454e-06,1.128300350229611e-05,3.984074563324898e-06
486,4.443508154987673e-06,1.6614673055917766e-05,1.2480041618915255e-05
487,5.063502134853933e-06,2.013142767074572e-05,2.737706193833278e-06
488,3.5706016233839124e-06,1.2969556615109924e-05,5.497226171848257e-06
489,7.069173079797377e-06,1.5006707584805864e-05,3.4482384530639246e-06
490,3.1021483457235184e-06,2.9992190287926e-06,5.799535060256965e-06
491,9.586390505873968e-06,6.928590894089127e-06,1.929888218182501e-06
492,6.4261581518566806e-06,4.44872753199327e-06,8.15004168784287e-06
493,6.0584026332534975e-06,-2.1932072360355805e-07,8.662553361907653e-06
494,8.736669268800152e-06,1.5558497955310662e-05,6.3211941450304025e-06
495,3.0288886946628014e-06,8.44436072521407e-06,6.492847412432307e-06
496,3.4280503519509506e-06,1.4670040398037253e-05,1.6796828015472247e-06
497,7.900632756896263e-06,6.964121998531809e-06,8.603998592055023e-06
498,1.583657347558427e-06,5.5511112361776344e-06,4.243475941186071e-06
499,3.5749998670699405e-06,8.406163533862503e-06,6.549597331520167e-06
500,5.254502752764058e-06,1.3497119525970147e-05,9.482395179138966e-07
501,9.623965737169119e-06,6.048432488367641e-06,1.901255762887922e-06
502,2.1294806784921284e-06,9.406346471198e-06,4.9316619792262476e-06
503,1.0867144643509714e-05,2.176340165886616e-06,1.0024300609830139e-05
504,9.372222524449369e-06,2.1428595895110937e-05,5.938100219548787e-06
505,4.255244957924932e-06,1.2328873017897448e-05,7.06460169316699e-06
506,2.720974675186787e-06,1.343147074725633e-05,4.432493397381333e-06
507,2.007829443612925e-06,6.214344991965815e-06,3.907804177344659e-06
508,7.042197555182484e-06,3.4190396552068244e-06,1.0006300578994304e-05
509,7.4786517315779666e-06,4.932980066671219e-06,3.270368816765244e-06
510,9.2413461262835e-06,3.5023419655720344e-06,5.329252960183182e-06
511,6.733373734621643e-06,1.9167095715554814e-05,2.3830833006685014e-06
512,7.3648380688009745e-06,1.420024638986583e-05,3.1920412194154424e-06
513,4.858680275573176e-06,8.552526513675109e-06,2.118275582034401e-06
514,5.2373861431515345e-06,1.0742776392370377e-05,1.7939467881038164e-06
515,7.770716260256772e-06,6.427716685067998e-06,2.4585022559640485e-06
516,6.039166854138817e-06,9.90088661520767e-06,1.9825655862131175e-06
517,1.1696906395660883e-05,1.2627631719606289e-05,7.240496524896317e-06
518,5.633569987429519e-06,1.2561259127595338e-05,3.7675170349144844e-06
519,1.2802934321521857e-05,7.854504516215778e-06,4.981252789678055e-06
520,1.3438222266121306e-05,7.804391391076773e-06,5.589295710911091e-06
521,1.3627932559135545e-05,5.650680021734491e-06,5.714317901919389e-06
522,6.8352632277390465e-06,9.051559977750444e-06,2.194382387765817e-06
523,4.3112459037921025e-06,6.6849637189090496e-06,1.662497852713006e-06
524,1.9069049483847597e-06,1.279574328012677e-05,-3.034414404589953e-06
525,2.551853417423153e-06,5.377429146413094e-06,6.839145990928251e-06
526,5.791681156337738e-06,4.377859714936306e-06,6.625180395062175e-06
527,1.0142255598913798e-05,9.765432134199235e-06,2.8930757988373124e-06
528,5.610040274151054e-06,4.782591003571083e-06,3.3151715148752983e-06
529,7.981004437353578e-06,6.720744422498799e-06,1.1734922242560416e-06
530,5.32840453644532e-06,5.169622019988193e-06,4.347965649074308e-06
531,1.0559565438794922e-06,5.373583504287451e-06,2.5244932119203354e-06
532,7.829341858920718e-06,1.3629029914382624e-05,6.398167801620899e-06
533,3.6636438809552125e-06,9.858074361392115e-06,2.1912274493456896e-06
534,4.27211445768945e-06,3.6388836813201433e-06,3.223926720774693e-06
535,5.804823690352592e-06,9.271366300706154e-06,1.6949685505321454e-06
536,1.9629499254548466e-06,1.2006085923586324e-05,1.1105551627535515e-05
537,4.298050517935535e-06,1.2488501731339207e-05,7.165494062074577e-06
538,-9.594997918364218e-08,4.865602120257271e-06,7.034515623784705e-06
539,4.088856651747482e-06,1.4573071107557648e-05,5.761010852477906e-06
540,7.325637390737042e-06,1.4341343324618027e-05,6.751806846465796e-06
541,3.393857590965222e-06,1.4390327780717278e-05,5.2392640072845535e-06
542,3.781705308675987e-06,9.409019232140617e-06,5.697918414041981e-06
543,2.695352823731947e-06,1.2297035685376242e-05,6.605184856878223e-06
544,3.5631231292835703e-06,9.247218151121894e-06,7.535696622870816e-06
545,3.2166246202099805e-06,6.652330915376735e-06,7.766550709589084e-06
546,5.289600095480538e-06,5.528361823549702e-06,5.281740505725141e-06
547,1.6522585011204286e-06,2.160273261517294e-05,4.116988595579921e-06
548,4.922449337193394e-06,3.1017309968816624e-05,7.683443025573953e-06
549,5.420901455652684e-06,1.5960363568674423e-05,9.12805534747372e-06
550,3.6232246754932236e-06,1.0849032588180148e-05,4.209854724442615e-06
551,2.468800436602149e-06,1.6869794653655484e-05,5.938920082441156e-06
552,7.731253115587913e-06,8.166107103375223e-06,4.804089294442915e-06
553,2.225881928707642e-06,1.44238637291984e-05,3.8996392494947065e-07
554,2.1714704230980117e-06,8.241131564125525e-06,1.2882948946733598e-06
555,9.401891706105026e-06,-6.89358170214956e-07,1.0986358597248994e-06
556,5.576754556921872e-06,1.4289858123564154e-05,1.3617064777308633e-06
557,3.870374962494214e-06,1.0187202346958763e-05,2.9817661947449447e-06
558,4.780970608402541e-06,1.0439808522198961e-05,6.635657001105937e-07
559,3.5091818990496606e-06,1.1934619315915398e-05,2.748822449790921e-06
560,7.51582725892883e-06,4.043339590772845e-06,3.0287366496464007e-06
561,4.067154406191346e-06,1.2279034167892552e-05,1.57260524784666e-06
562,2.832881751086266e-06,8.389697019184892e-06,1.206270248353127e-06
563,3.747620908718375e-06,1.7024755987247715e-05,6.539212464439567e-06
564,2.5338464822558955e-06,1.6746810731159248e-05,6.188915907297661e-06
565,3.488227901787315e-06,8.847673755543165e-06,5.33318998704685e-06
566,5.866987388686675e-06,1.0391091648560473e-05,3.998010572630256e-06
567,5.287612183399277e-06,1.8644929834619877e-05,5.303414422087169e-06
568,4.886099246061017e-06,1.486284400383637e-05,4.056460325169362e-06
569,4.2558505907049295e-06,6.830100868149031e-06,3.975044765768952e-06
570,5.202093437229112e-06,5.522642907930861e-06,7.009603828853497e-06
571,3.999933299019348e-06,7.042910822721386e-06,7.083239895960901e-06
572,3.0707413631351173e-06,1.2633052399659296e-05,1.4321390632944966e-05
573,3.887287740906887e-06,7.537460585490763e-06,1.1912234280363249e-05
574,5.999988892500304e-06,1.3557512575861453e-05,4.04420825377352e-06
575,4.8876002016844354e-06,5.458976556313852e-06,1.0324253097129551e-06
576,1.0642879112582917e-05,1.2616244115240584e-05,6.19009108105854e-06
577,3.2809705611377147e-06,1.4582131781123256e-05,4.326027102967747e-06
578,6.674807939323346e-06,1.0612032655313572e-05,4.444183002883514e-06
579,8.236674035513483e-06,1.2986948202634646e-05,8.777904603816917e-06
580,3.4629341583633627e-06,2.3746315386443547e-05,7.272074628610867e-06
581,3.5200765681830456e-06,3.6396807262979767e-06,7.142992439056749e-06
582,6.022393286502264e-06,9.15892850760723e-06,4.227740937911091e-06
583,7.292919509211824e-06,4.96607012633624e-06,7.309490313810459e-06
584,2.658625009731745e-06,7.72654667741538e-06,1.0277177773262084e-05
585,-1.040070147535616e-07,1.0554659084621672e-05,8.71672597360735e-06
586,7.6253603296066275e-06,1.6294591571133154e-05,4.6291007761670626e-06
587,5.371412046050481e-06,6.568985203384289e-06,8.072116532543303e-06
588,-4.21772159291736e-06,9.383522401977818e-06,6.136699777817257e-06
589,1.1285242556152082e-05,1.4941343369329909e-05,-5.459844892727034e-07
590,1.2164520947217853e-05,1.3979358182424173e-05,2.1644254786363346e-06
591,5.847641524049418e-06,1.4507748628582826e-05,-1.3463183136250578e-06
592,6.505736976437683e-06,8.59162351480936e-06,-3.880139540199467e-08
593,5.603398724719367e-06,6.36236707709881e-06,-7.487506803682469e-07
594,3.507500047807793e-06,1.2577524477822592e-05,2.762120673880356e-06
595,1.9905769147994347e-06,1.0052960915060094e-05,7.217990580234696e-06
596,9.126365689299436e-06,9.554767081472267e-06,8.23659747178545e-06
597,8.23331465851909e-06,2.0425711721912513e-05,7.64456191656559e-07
598,5.418795097486738e-06,8.088769860904833e-06,9.07504677407384e-07
599,5.596496460988362e-06,1.1249477860554537e-05,5.143517427639726e-06
600,7.772019697719597e-06,1.0054759969261543e-05,5.683990235791973e-06
601,3.660155969794825e-06,2.170982131038395e-06,7.925762525443445e-08
602,5.381995939562661e-06,1.2478922752360178e-05,1.9946581470682417e-06
603,5.36492268399883e-06,6.450685195819978e-06,1.858204659264987e-06
604,1.1891604120036777e-05,5.108873096358321e-06,5.453812628893249e-06
605,3.6240417550440757e-06,8.406587163164456e-06,7.800902167670284e-06
606,4.099564919218997e-06,1.1408066716926832e-05,3.041361429681421e-06
607,7.824560300226681e-06,5.38415649678174e-06,6.574745604639439e-06
608,4.285570106740554e-06,3.622599450215288e-06,2.426153712902609e-06
609,7.409050248175812e-06,6.214123917959514e-06,3.141189765870477e-06
610,8.869911972312776e-07,8.695227106027783e-06,1.60822193847928e-06
611,5.9460527593572895e-06,6.247055520566505e-06,3.8509886147933536e-06
612,3.232990568265123e-06,7.944240420040307e-06,6.14991013926359e-06
613,2.3508675070339497e-06,4.943737121973611e-06,-1.699386518651984e-06
614,6.551927759188276e-06,5.882787666293714e-06,5.693960595480142e-06
615,8.238662543679887e-06,2.0105258342583652e-05,4.711162274441846e-06
616,6.8649304058635e-06,4.468314977341396e-06,2.7165525958337774e-06
617,1.7801719152639577e-06,1.3333720772923902e-05,1.1832764834433222e-05
618,6.099844585417566e-06,1.1913763511708344e-05,7.549061966697413e-06
619,8.203813093678593e-06,1.1542180243708328e-05,4.620987867490105e-06
620,2.7055541846080365e-06,9.006298219562219e-06,1.6754536166056419e-06
621,8.975048444195727e-06,6.7127568683253625e-06,7.2434276017636074e-06
622,1.0198675447980055e-05,7.216009359042678e-06,6.2272827561260955e-06
623,7.042333634670565e-06,2.0202006312244978e-05,3.328161879221839e-06
624,1.0911469814298192e-05,4.77989974897224e-06,5.878265075179686e-06
625,7.286908336862857e-06,3.765190959280068e-08,8.62086832419856e-06
626,4.162580592504141e-06,-1.8836194109051563e-06,4.412350967177174e-06
627,6.537397248231604e-06,1.4685455519826688e-05,3.59459824852632e-06
628,1.8675399238889615e-06,7.695061916661217e-06,5.316668597303051e-06
629,3.441413822054516e-06,1.7591960964119986e-05,3.4039395037718905e-06
630,9.03216908427003e-06,1.5496233530084385e-05,2.6810162409358137e-06
631,2.392810833193402e-06,1.1107740068209813e-05,5.708913931787096e-06
632,2.406189176496974e-06,6.890568115196403e-06,8.189710120097205e-06
633,4.125333411340512e-06,2.239087508649126e-05,5.374227381610451e-06
634,1.4753574903198717e-05,5.9883531506079035e-06,3.910342695519248e-06
635,2.065372055166657e-05,2.8855138560152873e-06,-1.069864442184112e-06
636,4.624260130327293e-06,4.776822826926595e-06,3.243172287217744e-06
637,1.4967901394836677e-05,2.496783319389747e-05,2.8718873711985534e-06
638,3.940552189091706e-07,1.416006429821807e-05,7.214429096649904e-06
639,6.8332877538887224e-06,1.1558536054846477e-05,1.1201007664328406e-05
640,9.57122267037416e-07,9.716760720273578e-06,3.705290574397708e-06
641,6.289214255181922e-06,1.0443572403525923e-05,4.79991229241366e-06
642,3.179192451713348e-06,1.5331469537392378e-05,8.151695468345169e-07
643,1.4590988896720476e-06,7.76805479411375e-06,1.762948790864474e-06
644,2.2800991566769457e-06,8.449077716115244e-06,7.846878861291225e-06
645,7.636998747855506e-06,9.5374379174323e-06,5.5780574736973235e-06
646,4.228872156504521e-06,1.4638955587681044e-05,1.3126461490994344e-07
647,1.7467279662441494e-06,1.5094829248022806e-05,6.310996123827272e-07
648,5.0220801173580615e-06,1.43399359132781e-05,3.7412747320829274e-06
649,5.038901869645617e-06,1.0184330473629635e-05,-3.695478798552849e-07
650,5.085306878064979e-06,1.340200587867916e-05,7.665603326875813e-06
651,8.08206224049584e-06,1.67647241801907e-05,9.473415654461617e-06
652,4.201352468501641e-06,1.4447717019470137e-05,3.362040458083852e-06
653,1.0752255623145623e-06,2.155487893925717e-05,3.688393724577628e-06
654,-3.6523593501746236e-07,1.3360274576936885e-05,4.888607547235008e-06
655,1.0442658914068218e-06,6.856417617094151e-06,3.6473408198317107e-06
656,1.9608846796418233e-06,9.53181569413004e-06,4.592033289044166e-06
657,7.004380475146722e-07,7.243381319379625e-06,2.341881238920149e-06
658,3.76014839751802e-06,9.437141071731097e-06,1.4349005074337298e-06
659,2.566149065599493e-06,1.149039535172272e-05,1.295411597473715e-05
660,7.531058090461081e-07,1.2580017462922057e-05,7.971713915428336e-06
661,3.848847058346907e-06,1.605500921380201e-05,1.1355816701036855e-05
662,3.646656367262808e-06,5.875140808749175e-06,5.759455378983624e-06
663,3.616254272617038e-06,5.758512473628418e-06,9.57289122218567e-06
664,1.4930925443735053e-08,8.320456766667063e-06,4.777816079354725e-06
665,2.273803282658303e-06,3.165953086366938e-06,3.1645654212165575e-06
666,4.382883983395736e-06,7.695962689255581e-06,8.096278148109436e-06
667,6.740656815404267e-06,8.927872351118638e-06,-9.548855469011582e-08
668,-1.1205017332768645e-06,3.261184596372435e-06,2.2043009935038736e-06
669,1.2668894182970596e-06,7.454061155132858e-06,-9.72520709559511e-07
670,3.2162490543122944e-06,3.146170606505765e-06,8.194237952511343e-06
671,2.6873611219282174e-06,2.1442704480006957e-06,2.8837091088651904e-06
672,2.6206045967209725e-06,3.1270932974747067e-06,9.473234138110103e-06
673,2.8852586624128264e-06,9.783540540471547e-06,8.44324698351523e-06
674,1.3152591141242153e-06,4.9624227216859695e-06,2.342299614089649e-06
675,3.274577122882909e-06,7.83006568133342e-06,4.000813622698875e-06
676,6.461042772995133e-06,5.236082483565661e-06,6.2748927526149305e-06
677,3.945827086575548e-06,1.116062578868781e-05,5.3435593538746015e-06
678,4.169458963597848e-06,1.3406712074867585e-05,1.9832574109292362e-06
679,3.2150109086260953e-06,7.2603195700371215e-06,5.534952098164063e-06
680,2.9956365052701115e-06,1.0288734052778643e-05,1.0431336023251937e-05
681,9.62685354991589e-06,1.6498039674354368e-05,8.183839674667297e-06
682,8.862387785832638e-06,7.642499051486866e-06,3.2586399825160557e-06
683,8.571367031792982e-06,1.0958295504347785e-05,8.527975244064157e-06
684,2.634944008261814e-06,8.662034439939833e-06,5.6892763981325175e-06
685,4.220508425621202e-06,2.2498466472048384e-06,6.544831038257962e-06
686,3.0344100695754396e-06,6.195453658947545e-06,2.5994804870101368e-06
687,1.1891222694607247e-05,5.199454299961637e-06,2.29571622870805e-06
688,3.271508349492313e-06,7.306914580049781e-06,3.707733783787098e-07
689,8.697513413597096e-07,6.737794467898598e-06,1.708754333842414e-06
690,6.369879941990361e-07,8.396013671553714e-06,3.46525555210098e-06
691,1.6503725116657385e-06,1.2129345892958874e-05,3.3882051874673016e-06
692,5.339793548694156e-06,6.309502324485235e-06,1.738992383594594e-06
693,5.34263204200492e-06,1.012247771771934e-05,4.4323141038590175e-06
694,2.4241789898760433e-06,2.747577885185318e-06,5.152948386499266e-06
695,9.546316914692885e-07,9.953717368135756e-06,4.7309476852629995e-06
696,3.498045157738221e-06,9.526602132196625e-07,2.4248027096687974e-06
697,-5.847477613737427e-07,3.560590981984002e-06,7.511168812886052e-06
698,4.464590345643465e-06,5.200035311834438e-06,1.6819865857938173e-06
699,3.5187618090342302e-06,5.683718772782211e-06,1.108103596694205e-05
700,7.938465275118908e-06,7.161776501967839e-06,4.283488963449678e-06
701,3.42268246237802e-06,4.7905445531749795e-06,6.226709792857325e-06
702,6.271316187216842e-06,1.9094930580486266e-06,5.320270461872245e-06
703,3.879767330356684e-06,2.3665893660828196e-06,4.928406593020763e-06
704,4.3591362231367985e-06,5.251347589334719e-06,3.306025518970038e-06
705,3.6919348334557806e-06,3.0289565136399082e-06,3.397599802349686e-06
706,2.1208822947537804e-06,4.866789129127582e-06,6.178658207294435e-06
707,1.7599020879038667e-06,6.032217415554359e-06,3.382957392399616e-06
708,8.782014080166302e-07,3.0832934857648095e-06,3.622373553623015e-06
709,2.4361095708546563e-06,2.537981793752375e-06,5.015388472294994e-06
710,2.0266814932426124e-06,7.471538580623419e-06,5.913122592854553e-06
711,3.948406559777133e-06,5.470408520088435e-06,1.911650485401828e-06
712,8.513480195266018e-06,3.196391815312436e-06,3.6042679906389437e-06
713,2.783086168235196e-06,2.9325246539136036e-06,3.5218633649373823e-06
714,4.2816028488101345e-06,7.704956052195212e-06,1.1455064114701956e-06
715,5.327479620152672e-06,7.839319718506573e-06,7.85380116522237e-06
716,3.925706805246349e-06,6.110888121062251e-06,9.771875544606312e-06
717,8.421852293481436e-06,5.493186063980723e-06,3.1706059611394967e-06
718,3.5257825070776835e-06,1.0282459499528014e-05,3.1961323296111017e-06
719,3.466480397603657e-06,5.898528790673417e-06,3.82569529702053e-06
720,1.2252707623004355e-05,8.91375241118027e-06,6.889308518947631e-06
721,1.0323732164926854e-05,4.1206539815215724e-06,9.810090466718436e-06
722,3.747390207831477e-06,5.342565089445267e-06,3.918054045223326e-06
723,1.810143125505967e-06,6.769524114090801e-06,9.976412127226142e-06
724,1.6324921398558196e-06,5.015773595252697e-06,3.6312127113563376e-06
725,5.1591820973078264e-06,7.332990189287118e-06,4.289400937742744e-06
726,5.520581290530902e-06,9.193484441529367e-06,5.066424661697471e-06
727,6.473906693697297e-07,7.583663817670368e-06,4.7405943765585216e-06
728,1.9588522250272887e-06,6.04424883819264e-06,6.09051205865299e-06
729,4.436989822516951e-06,5.524012906208651e-06,5.587181607160178e-06
730,7.524243560488026e-06,6.468660090810766e-06,8.03027878836013e-06
731,4.330975860777886e-06,9.011963743285872e-06,3.605605335864106e-06
732,8.384103669890296e-06,1.8263223911020968e-05,4.229588184584674e-06
733,9.929174025257642e-06,1.033012253661884e-05,7.394652236312965e-06
734,4.970973395144634e-06,3.8005197946477963e-06,5.442731764826901e-06
735,6.3424855347138185e-06,5.717587113056452e-06,4.642065089666558e-06
736,3.1354072371933323e-06,8.074981168619555e-06,1.5961723522816524e-05
737,6.998004668309469e-06,7.514394439899863e-06,3.927517705220033e-06
738,9.160376545740274e-06,1.0406100543662837e-05,1.0983613789407365e-05
739,1.1485489478624336e-05,3.294857757656507e-06,5.3465865403756494e-06
740,2.884240406228446e-06,5.293877642406111e-06,4.7987708441538155e-06
741,6.325495691793496e-06,1.2036212329128507e-05,6.999676976587242e-06
742,4.489949424171179e-06,1.0017871794339416e-05,4.367249171415034e-06
743,7.833098746903579e-06,1.385268794428957e-05,1.4442581857468536e-06
744,4.865423715210755e-06,3.488506989458434e-06,4.657138637353834e-06
745,6.481857981372004e-06,7.823821873982282e-06,3.6582779505657884e-06
746,5.318595964269625e-06,6.729352921853769e-06,3.4052606525469756e-06
747,9.9099906538996e-06,2.2253649686340017e-05,3.336322007214705e-06
748,1.204936069232447e-05,8.50840289399123e-06,9.540475929069531e-06
749,8.436050342378996e-06,6.6803917844867164e-06,3.982156364294741e-06
750,8.722140211477635e-06,6.6089835699350504e-06,6.873267271267452e-06
751,1.2172101859896638e-05,1.0167764031804565e-05,1.0632789026318561e-05
752,5.909449435234643e-06,7.453287105131818e-06,2.9970607098603167e-06
753,6.079446043414088e-06,8.54074692688036e-06,5.616012292868809e-06
754,8.370325935924901e-06,1.0184165140115815e-05,7.349727484498179e-06
755,1.5441146015609443e-06,6.570616482264131e-06,2.3754526179633597e-06
756,1.4027682190913283e-05,5.60389869462349e-06,6.521556681604294e-06
757,1.621933465235263e-05,4.279832047255585e-06,5.212579073234107e-06
758,1.1896334052240215e-05,4.284395270930006e-06,3.968921842155109e-06
759,1.0585903640817299e-05,4.356673911234082e-06,4.341263791671867e-06
760,3.1057237843499344e-06,8.512151225472062e-06,5.285167759102829e-06
761,9.2378008937118e-06,3.897690756608713e-06,5.963397260946466e-06
762,1.8240047370111494e-05,1.0819962309888736e-05,1.5167499233187819e-05
763,5.427633082766913e-06,2.706900117235119e-07,8.788004511615329e-06
764,2.9497045905663294e-06,3.985815200483403e-06,6.082320687557586e-06
765,9.199362322338681e-06,7.320538207529289e-06,4.190956707064523e-06
766,6.562288190840061e-06,8.670201096431628e-06,1.946899234268808e-06
767,6.086839920163749e-06,3.4655812719612755e-06,2.2051442757291133e-06
768,1.8907555115853106e-05,5.018845962804584e-06,4.2759906184319214e-06
769,4.281640121348959e-06,9.745576854813373e-06,3.3080396897901587e-06
770,1.118652577762797e-05,4.57057826772223e-06,1.7006809887229898e-06
771,9.89458222548309e-06,6.490200855877776e-06,7.577808359880597e-06
772,3.314200086852843e-06,2.4865564250470085e-06,4.8305884137867566e-06
773,3.0048392376692335e-06,7.049910846724189e-06,2.274869493706014e-06
774,4.945087857415748e-06,1.3281178164217473e-06,5.439208649863737e-06
775,7.877421201715842e-06,1.8310857934096283e-07,8.199169486250029e-06
776,7.555186862879766e-06,6.502894897414728e-06,8.584090375196699e-06
777,8.72401804437736e-06,3.5922445546703636e-06,9.856665110503955e-06
778,6.057047159454324e-06,1.8687830544094866e-06,1.5421183706512578e-06
779,2.563611323901818e-06,8.563215461316451e-06,4.044561648463891e-06
780,5.80038506110208e-06,7.382698560073719e-06,2.4136324952869272e-06
781,7.334876330345297e-06,7.220366447424433e-06,1.0361861332061787e-07
782,4.071557430952172e-06,1.084456545890951e-05,1.956234394798382e-06
783,3.0636007616424553e-06,9.518704932124866e-06,2.1215215961088996e-06
784,4.901459845117363e-06,3.0522901848554613e-06,5.313274917347176e-06
785,3.102702347238689e-06,7.42365679133519e-06,5.5532435516512054e-06
786,2.719444926546949e-06,3.11684716473715e-06,4.663200488856808e-06
787,3.3089308671635875e-06,3.753772513250582e-06,2.657949424336669e-06
788,2.3005165194110402e-06,6.535553204066227e-06,4.93029524312751e-06
789,2.841731544343274e-06,9.814160340436906e-06,2.476908313921728e-06
790,2.4415519670321334e-06,8.697808276822892e-06,7.534551566331153e-06
791,2.9058625482694747e-06,8.6493744862522e-06,3.951907484569646e-06
792,1.7766700291739034e-06,4.317376529004589e-06,5.011946916226021e-06
793,2.169273900914662e-06,4.906715212820733e-06,7.617667195828161e-06
794,2.440885580051457e-06,8.368942104122344e-06,4.6240348462803684e-06
795,7.681734485013003e-07,7.973236638276523e-06,5.968569824812157e-06
796,1.0834059815509958e-06,3.5942855510040482e-06,9.00502272489412e-06
797,4.628733046734266e-06,4.58825327745146e-06,2.1361817558857546e-06
798,7.260039745770977e-07,7.393895190183049e-06,6.281422439709278e-06
799,1.2230468038156356e-06,5.088916456354208e-06,2.0019496652838457e-06
800,8.177927385508092e-07,6.222857081331321e-06,8.924244846291213e-06
801,3.133644942790178e-06,9.413289673990764e-06,3.2703615326832857e-06
802,2.177128957578524e-06,5.42955923032335e-06,2.441330335248693e-06
803,-1.065793177003179e-06,6.791698174678254e-06,9.027338618875002e-06
804,3.3145496906609303e-06,2.8709738562653824e-06,3.812203517839037e-06
805,3.79441946745351e-06,1.5091003738811117e-06,2.5788402055833137e-06
806,6.186209939294244e-06,6.299375552552427e-06,9.584126045017965e-06
807,9.960230755261458e-07,4.9198968331267e-06,3.333496181972916e-06
808,1.6690741153183184e-06,5.939479388345674e-06,2.1677934790134314e-06
809,6.2763679904793214e-06,7.323080340817436e-06,8.363442186724605e-06
810,6.0075200854052625e-09,9.165183868017768e-06,9.644997632424814e-06
811,5.96350702413561e-06,3.0247322996774015e-06,8.766439683000187e-06
812,5.859447622484906e-06,6.393588274560647e-06,5.6680112229823524e-06
813,2.220841240353725e-06,2.9526098642933365e-06,5.126807210409929e-06
814,6.301161933545203e-06,6.448650675457121e-06,2.367088605483458e-06
815,3.873510507470453e-06,3.863791046538376e-06,4.546634365848307e-06
816,1.2770887651644314e-05,2.3601306179561156e-06,4.161083620935871e-06
817,5.369835497411811e-06,5.644244829131421e-06,1.861474089944422e-06
818,2.735916111808e-06,5.073257439860658e-06,5.813143659870968e-06
819,1.369749546022993e-05,5.277448111565405e-06,2.4064916349109773e-06
820,3.4301371306766694e-06,4.086571153907888e-06,1.5924532710583585e-06
821,5.8885663146096175e-06,3.754682422926947e-06,7.008736650272289e-06
822,3.8126160324207978e-06,4.547532042871883e-06,4.871314940402749e-06
823,2.2678968515583718e-06,9.474691565974269e-07,3.943335245482908e-06
824,5.8507575721188554e-06,2.5898308585706182e-06,1.3481084769569504e-06
825,4.26490609238367e-06,8.426279107089844e-06,3.4836613892333277e-06
826,3.5076708173822137e-06,1.2397630788843881e-05,2.142784897501971e-06
827,1.7628653023467827e-06,9.766988523023197e-06,4.72511010866671e-06
828,7.074623768172365e-06,6.323119809362788e-06,5.621126345328475e-06
829,1.7141552242306778e-06,6.059811551886114e-06,3.8046425561960176e-06
830,2.303361474307611e-06,3.7892558453845742e-06,2.940718380131571e-06
831,3.700680055221682e-06,7.5085150505578664e-06,1.49993813071212e-06
832,2.6449452006238753e-06,8.285755135843375e-06,4.125553914139062e-06
833,-8.940349974293305e-08,1.1262600945124732e-05,6.350563332950316e-06
834,6.934281787334267e-07,1.062440381402381e-05,1.904878470653088e-06
835,3.8788283390995836e-06,3.895419532711129e-06,6.7124776045551684e-06
836,4.312310952941732e-06,4.2315822491769805e-06,2.381160252173891e-06
837,6.620899837723295e-06,6.480870400198521e-06,4.282965419249116e-06
838,4.467337286471379e-06,3.581750687655814e-06,3.291635760974231e-06
839,4.7679588013349345e-06,5.348742620812792e-06,6.80737530537062e-06
840,4.819558995339435e-06,4.14782042480089e-06,4.035662534452892e-06
841,7.078961465318147e-06,2.087496697196627e-06,3.34969077062749e-06
842,6.631571100277368e-06,5.9655785099342045e-06,2.871010866783781e-06
843,3.2441534935511906e-06,1.3812538614263256e-05,6.752181911583872e-06
844,2.7141182637911125e-06,8.134574075804618e-06,7.850355802381752e-06
845,1.7880672266235994e-06,3.630365662745943e-06,5.890026127543913e-06
846,1.013665814882748e-06,1.3618374293763088e-05,8.510571070037682e-06
847,5.140255049553121e-06,7.587845959619664e-06,3.5625420877154465e-06
848,5.647370536867101e-06,4.435847679859368e-07,1.0231171287151498e-06
849,3.952294971189988e-06,6.350204203943231e-06,5.035760248278912e-06
850,3.7130082709526533e-06,5.349679667577237e-06,8.27649378795632e-06
851,4.0271166388355e-06,8.384448174130008e-06,4.67038028400142e-06
852,4.485767322087189e-06,5.299645264507677e-06,2.105744176590289e-06
853,5.037459082771367e-06,3.532600198016644e-06,2.9489049190940228e-06
854,1.3862094033538991e-06,1.2017356789532008e-05,5.988583254047072e-06
855,2.359003328938711e-06,4.153382847168771e-06,7.646580650619108e-06
856,1.0268092719027058e-06,5.5075727931865915e-06,6.820352457384895e-06
857,2.5856718587991386e-06,1.645466661402975e-06,5.584723631527857e-06
858,1.2866437954493456e-05,3.6101689167948405e-06,4.971539245326013e-06
859,3.503734220868885e-06,5.700676260823925e-06,9.195521949842502e-07
860,7.312391047622821e-07,-1.4825387851044605e-06,4.07690909346624e-06
861,6.921207017434991e-06,6.256057983813923e-06,5.831516095068503e-06
862,1.2647397062039844e-06,8.911642163156143e-06,3.0517797833249047e-06
863,6.315341994658978e-06,7.443421631118609e-06,6.057701894678788e-06
864,3.5285203622328923e-06,3.7212548279630667e-06,1.5685425044675968e-06
865,1.7965384121425515e-06,8.393807571705908e-06,8.844662303919663e-06
866,3.4810116976346456e-06,1.047540386221462e-05,3.4952107002632204e-06
867,3.1643506740583747e-06,6.331941343550685e-06,6.872006238445708e-06
868,1.408409584276512e-05,5.206492519212804e-06,6.059692720725927e-06
869,7.747884769791842e-06,4.610911117433265e-06,1.0968718399230067e-05
870,5.227373212580065e-06,3.929013511687646e-06,7.017505368164697e-06
871,2.903447122203964e-06,4.330903150988591e-06,9.312926739426581e-06
872,-1.747294340230766e-08,1.2390717215486554e-05,3.019307441460569e-06
873,3.107117936161453e-06,7.1388658190982916e-06,9.224888148174656e-06
874,4.506564560528036e-06,4.955878888100561e-06,2.1530649721372674e-06
875,8.930930743332262e-06,4.760460182057838e-06,3.3572548285404744e-06
876,7.893981414851383e-06,9.22305330153073e-06,1.5813680275845971e-06
877,5.5126067582207805e-06,7.245830489315277e-06,3.891163446931808e-06
878,1.8727113049664674e-06,2.641823981931847e-06,3.1859207054577365e-06
879,2.1510741275366524e-06,3.309363760651111e-06,5.8036999346322245e-06
880,6.102979963316891e-06,1.642618297443138e-06,8.422306888551154e-06
881,4.799172579500567e-06,2.1411823926576453e-06,2.531000490433269e-06
882,2.8923451585907165e-06,3.989871842071758e-06,4.09780082721487e-06
883,6.659273138164962e-06,4.813052338376708e-06,1.2871726920793219e-07
884,3.789745240644654e-06,8.616974913687279e-07,5.264391969132059e-06
885,3.9990459997439667e-07,1.726463766253275e-06,6.094730804744431e-07
886,2.8030279801581025e-06,7.462942470737392e-06,1.8752029052442861e-06
887,5.075992846219331e-06,4.869319857197395e-06,2.3642842487117355e-06
888,4.873015888905138e-06,6.943254701379048e-06,3.8942960921617925e-06
889,4.304278702971842e-06,5.402155638616793e-06,4.8439198728201435e-06
890,6.266779886609076e-06,4.623051000614096e-06,4.2048103016100805e-06
891,2.0692699436455176e-06,8.943643812536414e-06,3.4652861589587334e-06
892,5.363567846684594e-06,1.0048081669367903e-05,2.588951638978922e-06
893,5.160042862332012e-07,2.9526411668121936e-06,-1.515317582411515e-08
894,3.084808962635139e-06,8.134989688044832e-06,2.32751896679363e-06
895,2.4485693181605945e-06,5.2225535996319515e-06,2.7467113715700275e-06
896,6.218011494418076e-06,1.6147520152444032e-06,2.189579499411275e-05
897,3.9236506458567135e-06,1.8106295457674855e-06,5.7993503092717485e-06
898,3.1941220263611457e-06,2.5746044970684678e-06,3.277883085332698e-06
899,3.988224087240123e-06,8.549215737974654e-06,6.935483778234206e-06
900,5.257965735276739e-07,1.3354423151466742e-05,4.200704156088007e-06
901,-3.834352711017534e-07,1.0239999192835764e-05,7.551664972035636e-06
902,1.2695366485580035e-06,8.213016752322808e-06,2.9959032970128135e-06
903,4.9573532478940506e-06,5.576589096536369e-06,9.155594170037359e-06
904,7.716864983603656e-07,4.2277578742508554e-06,2.189885972719024e-06
905,1.8650665473275985e-06,9.366936640425067e-06,5.7510628680594484e-06
906,3.2765687621633224e-06,5.640162519057748e-06,6.444791601576743e-06
907,4.589940124361819e-06,1.1242101139036448e-05,3.8203086441102414e-06
908,3.1153696866174e-06,8.293809526039759e-06,6.894139226811961e-06
909,5.111814348027514e-06,1.1271539186317626e-05,6.190513042274362e-06
910,1.9270928400448902e-06,2.314396917176957e-06,9.101381947277262e-06
911,3.7452896949330903e-06,8.1632762640027e-06,5.75700505759401e-06
912,3.0666288069638186e-06,7.352814452153465e-06,1.0316372041534716e-05
913,7.792063271877139e-06,8.24662479291634e-06,2.676920113490786e-06
914,7.393683489718836e-06,7.256214023568695e-06,2.5077769975436815e-06
915,4.602247978807106e-06,8.260885565565637e-06,3.716316281223664e-06
916,2.1925756098331923e-06,5.100041073929965e-06,7.319464551623583e-06
917,5.261658556852852e-06,8.194067846154242e-06,3.924043513171158e-06
918,9.837707454746017e-07,1.5989443674772147e-06,6.216094651666456e-06
919,2.0987796957664834e-06,3.3716324933576928e-06,7.443841964147008e-06
920,3.959722400387663e-06,-6.434922447511176e-07,3.5701483861243456e-06
921,3.719915659874015e-06,1.7131702430973975e-06,9.43714339138731e-06
922,3.090064205769897e-06,6.317640597332012e-06,5.823277008434369e-06
923,2.537747754703686e-06,1.931713188333568e-06,4.089120889381258e-06
924,1.7681638949088028e-06,7.411523415040646e-06,1.213499057260632e-05
925,3.122552691552103e-06,1.3594577731138773e-05,5.33834780844197e-06
926,1.2764456126001229e-06,1.1163989169658805e-05,4.969426394590845e-06
927,3.6133176688945523e-06,4.880315784866013e-06,9.117490862156158e-06
928,5.564809866496507e-06,6.269600811946521e-06,2.9936312187173526e-06
929,5.301730760072724e-06,9.05486459251697e-06,1.5028683987759722e-05
930,3.262156134856978e-06,8.529971477423374e-06,5.522711120554837e-06
931,1.1169115983137293e-06,1.1586841841304251e-06,4.865886455756218e-06
932,1.7079841420587899e-06,1.4100362184508974e-05,9.327072883697786e-06
933,2.4478449584392106e-06,6.212890893062779e-06,3.801442692809667e-06
934,8.12239306741361e-06,3.7100809353689543e-06,-6.777823213407718e-07
935,1.8820914274044655e-06,5.890375838663929e-06,-9.221254247549824e-07
936,3.0567408116141724e-06,5.46465668531612e-06,-5.630239321771751e-07
937,2.135052537698544e-06,6.4095808234044125e-06,6.668653079905135e-06
938,1.299822068693431e-06,7.86055559016809e-06,4.078010165795461e-06
939,3.6630740850054494e-06,7.4478606791945834e-06,1.1132129858005308e-05
940,-4.543480143947791e-07,4.282877903246108e-06,2.1317375012107315e-06
941,5.606894036351207e-06,3.834200431292889e-06,4.321973846330198e-06
942,4.558274016257414e-06,4.862179954636061e-06,2.907529513214752e-06
943,3.4580564623871443e-06,8.30875906305985e-06,4.128810426427888e-06
944,5.1998415567811305e-06,8.135990008766226e-06,5.921222250092516e-07
945,2.634562591187295e-06,1.2477159455139155e-05,1.303867201115721e-06
946,1.603183758434391e-06,5.455172534105762e-06,1.5187243564457835e-06
947,5.800909418421498e-06,3.121426599111825e-06,5.6794446601257785e-06
948,1.6038960607977036e-06,1.1121947722513515e-05,1.3011551982020545e-05
949,3.5760335709202125e-06,1.229682316346584e-05,7.994694096769398e-06
950,3.916799534304746e-06,9.906037543605902e-06,7.730651120847124e-06
951,3.4186432029534957e-06,4.252473065883463e-06,7.401514658345733e-06
952,4.150114035591221e-06,8.148858665501926e-06,7.185163679173627e-06
953,3.2497914186448904e-06,6.906948662939151e-06,6.234474728138907e-06
954,2.4886362287040677e-06,5.760716614940775e-06,4.537122904886749e-06
955,3.200796497698364e-06,4.98323416634938e-06,9.944665182883831e-06
956,2.2542946178821234e-06,3.774009322838492e-06,9.071524096191096e-06
957,4.187626963971014e-06,6.954602403950108e-06,4.460472738774076e-06
958,3.5374328982751234e-06,2.9846500559662378e-06,6.769636392836252e-06
959,2.374383304350646e-06,3.706250305768767e-07,7.3262981994780785e-06
960,1.4816546497295595e-06,1.0418587173585772e-05,1.4757354809554937e-05
961,2.6483507487724504e-06,1.3228968108912724e-06,1.0207911680511648e-05
962,1.086613604156666e-06,5.469967471471226e-06,5.651706564320911e-06
963,6.972932619812601e-06,9.47383626118948e-06,1.1235182629582108e-05
964,2.2334641995530584e-06,8.467230876875068e-06,4.380186391050465e-06
965,1.4961022743087142e-06,6.3993362851422584e-06,7.984531697324413e-06
966,1.216464859593399e-06,4.965249183177171e-06,7.952963791321756e-06
967,1.84389817454555e-06,1.8438858357393342e-06,7.563188648589008e-06
968,2.552495092725842e-06,2.8023676313576957e-06,8.706858210757323e-06
969,1.718812229344145e-06,2.48509835215911e-06,9.37639398329584e-06
970,2.459502297722505e-06,2.8674296912859813e-06,1.1970631489302096e-05
971,4.245579201086599e-07,9.381159814849258e-06,5.126348039147306e-06
972,7.987859524234967e-07,7.558639470282313e-06,8.63705179282059e-06
973,2.7196488122690776e-06,2.167675597807269e-06,1.0743959328677764e-05
974,-3.284792911616459e-07,1.864760463612042e-05,1.3772110802809009e-05
975,4.87567827895172e-06,1.128532644045126e-05,7.021135741488344e-06
976,5.492727427229024e-06,7.288613614562034e-06,5.893134354808502e-06
977,2.2849656866186237e-06,9.474636988137856e-06,9.524109034222842e-06
978,2.564808717460747e-06,3.783219255504378e-06,9.19014393582219e-06
979,1.4142706233684022e-06,7.418680157416681e-07,3.016826121539909e-06
980,5.977878439627434e-06,5.783607847463742e-06,7.573597347488406e-06
981,1.1693810275180578e-05,1.279039243808039e-06,2.684391114635395e-06
982,3.3596360913466577e-06,7.578298354628354e-07,1.049265535413061e-05
983,4.804703432974093e-06,1.3127983460997435e-05,5.96834961780905e-06
984,1.5107569305670918e-06,5.626099325027827e-06,3.409738659166969e-06
985,1.5017102624526139e-06,3.5312911724050792e-06,5.124993522669257e-06
986,3.722177038041409e-06,4.120539055347453e-06,1.0625221520774147e-05
987,9.519367133492422e-06,1.8188453575628204e-05,5.461957176601423e-07
988,3.915264779262064e-06,2.049598472332003e-05,9.775361182428665e-06
989,1.533331682482637e-06,5.009966956820325e-06,1.089175288512727e-05
990,3.90761688036511e-06,1.6453226879477138e-06,3.779229821042464e-06
991,5.286445243269906e-06,8.865647786986094e-06,3.501150035406428e-06
992,4.7974620493586804e-06,9.949739100928455e-06,4.116753497258652e-06
993,3.900930596959587e-06,3.914644813174564e-06,8.021347697926498e-06
994,7.90770104065521e-06,8.923260943036838e-06,3.144832394010818e-06
995,2.7841652237605684e-06,4.65516500290058e-06,6.049178219435684e-06
996,2.1214842922847197e-06,3.2355657873359685e-06,8.152861843566896e-06
997,8.829562354382607e-06,1.0989663623942033e-05,1.4309395658680662e-05
998,3.6302927785457807e-06,2.967408019923051e-06,7.332969171713739e-06
999,3.674794731228771e-06,2.4795583732728255e-06,8.305007530754948e-06
1000,1.4309821799857352e-06,2.0520859860458313e-06,3.602664994834828e-06
1001,1.2917269464763183e-05,5.508712364893956e-06,4.697088181291165e-06
1002,6.482118735686654e-06,9.403987684707742e-07,8.320412863592369e-06
1003,7.511127022345797e-06,3.0348349766302204e-06,3.5305538692459046e-06
1004,3.831919441357188e-06,3.001359568996312e-06,7.250573524220516e-06
1005,5.92675412993793e-06,8.68080173865543e-06,2.012192487492506e-06
1006,7.186580606229744e-06,5.547400796017006e-06,5.064701353031296e-06
1007,5.001665644052217e-06,7.572298302183543e-06,7.752588968701491e-06
1008,4.320585831652299e-06,4.316520860134144e-06,1.4267874918761349e-05
1009,6.674667291088666e-06,7.565225873758689e-06,1.0993139944805277e-05
1010,2.6599793179221476e-06,6.699290777283867e-06,4.639148809075116e-06
1011,7.13821444241002e-06,3.7749010538558357e-06,6.796378363181154e-06
1012,3.835696205572206e-06,3.0934857751348983e-06,4.816277131926329e-06
1013,6.1451600693666195e-06,8.119054594275511e-07,1.1577003982568906e-06
1014,9.135870355181389e-06,-7.448105767515947e-07,5.586711139967754e-06
1015,3.795070798757618e-06,2.892503734560773e-06,3.4924270545931305e-06
1016,-1.2874814713478885e-06,4.829773769290193e-07,3.815473369320522e-06
1017,3.8473906967001345e-06,2.7099391262150243e-06,9.665111547230989e-06
1018,8.312450046024047e-07,4.416651210018463e-06,6.809260704304906e-06
1019,1.270162544561979e-06,1.0338617059742202e-05,6.8078028126349316e-06
1020,7.446119066030021e-07,1.191329825077054e-05,1.788309192502347e-06
1021,4.160070853369549e-07,4.584580595165362e-06,2.965047467760832e-06
1022,2.5848816306909977e-07,3.015887389485755e-06,1.3398439221189253e-06
1023,2.2596906430680936e-06,3.1890023361014647e-06,2.837164719729326e-06
1024,7.580571050769817e-06,2.4466282176077086e-06,5.591349028526188e-06
1025,3.2775177804156764e-06,6.149452312092609e-06,1.595814840752867e-06
1026,1.82190402521367e-06,7.02861906896568e-06,-1.0284100546422945e-06
1027,6.509128118102471e-06,6.635051796615505e-06,5.005925448377027e-06
1028,8.024985353982983e-06,7.228592738062331e-06,6.298316736928951e-06
1029,1.8276269330943292e-06,2.499952627665633e-06,5.617964711792017e-06
1030,4.840964229475084e-06,4.030619320638045e-06,6.812532746233379e-06
1031,5.2435218700648325e-06,9.365398814518132e-06,8.479985379315607e-06
1032,1.228215197185598e-08,5.181993621579284e-06,2.4235667230559305e-06
1033,4.266619140922929e-06,6.923084601367082e-06,8.482310894148041e-06
1034,4.633277217322658e-06,3.080139721886736e-06,9.016646415661927e-06
1035,3.708322415343898e-06,2.1874764873761163e-06,7.446843407747108e-06
1036,4.310805685992502e-06,3.38356720126334e-06,6.723492464036152e-06
1037,7.885446674572684e-06,1.250613963541323e-06,6.649304962911723e-06
1038,6.935851466545395e-06,4.320611130518498e-07,6.466949274038907e-06
1039,2.5549208066928007e-06,5.9309620314719e-07,6.220114919265798e-06
1040,3.7483837288412437e-06,3.780702868994853e-07,1.0309779439874718e-05
1041,3.713176086945474e-06,2.9481626148822967e-06,4.728775210264927e-06
1042,8.50901637608146e-06,5.585584739936809e-06,6.022282949157661e-06
1043,5.644850331188628e-06,3.875240580518407e-06,9.450907382858201e-06
1044,5.503587433568866e-06,3.893723403580716e-06,6.24180027545248e-06
1045,3.966897264400207e-06,7.13780385528433e-06,5.807310316520666e-06
1046,2.0922996548053196e-06,8.600606126880494e-06,8.765108143297036e-06
1047,2.6694067499994985e-06,1.1626087924395712e-05,7.502180862158944e-06
1048,3.195038541966491e-06,3.1196125296520373e-06,6.388656851490153e-06
1049,7.75122029480294e-06,1.7342754289801542e-06,2.2191829279066046e-06
1050,7.553041903945661e-06,2.414003974489798e-06,4.703800685640374e-06
1051,8.78076304884035e-06,3.8007731412655567e-06,4.6703457225449366e-06
1052,1.5187102447622018e-05,3.4591956006972894e-06,4.376929886140905e-06
1053,8.057060376806857e-06,7.049090837716544e-06,2.5612503535637467e-06
1054,5.384726288086792e-06,2.883156581478768e-06,2.353267004665587e-06
1055,1.3265802783964097e-06,3.1813898615261118e-06,4.088488792760281e-06
1056,2.748146601327827e-06,4.913175999082861e-06,8.105095414885724e-06
1057,3.878418930087066e-06,4.040378353342867e-06,3.5453082229405917e-06
1058,2.663702647704975e-06,9.284297907553614e-06,6.74532634278829e-06
1059,3.8027936954062937e-06,5.096773375174581e-06,9.657796885794005e-06
1060,4.413702957831674e-06,7.640741833230263e-06,5.358830492129255e-06
1061,1.6875047279453746e-06,5.306327369588137e-06,4.34866316541431e-06
1062,4.203896386092501e-06,4.0149823710934246e-06,2.5836461070667964e-06
1063,8.719733282052258e-06,4.5614268966458595e-06,3.008025486958116e-06
1064,2.4860176895295926e-06,7.870145681335086e-06,1.8490434901358099e-06
1065,3.26834679471305e-06,6.2584344796764535e-06,4.762098329875453e-06
1066,2.804399468346865e-06,8.01925442100904e-06,6.466995713332999e-06
1067,4.594097326835758e-06,9.259238169696307e-06,2.053888212767665e-06
1068,3.452333597054198e-06,5.445185995122966e-06,7.604399070401591e-07
1069,2.252034151971831e-06,5.578665737718051e-06,3.0750795649453434e-06
1070,4.46973070277569e-06,7.802546395441537e-06,4.636364711334413e-06
1071,1.3972765950439814e-06,7.990704132238129e-06,1.623919466748545e-06
1072,2.779719466854336e-06,4.5393555019875705e-06,8.288725906694734e-07
1073,4.406079421711244e-06,1.8493713970449011e-06,1.154493794150015e-05
1074,3.5541090408409997e-07,7.769862071339284e-06,3.25595217185659e-06
1075,2.280837286312979e-06,2.126900137755633e-06,6.295090497700312e-06
1076,-9.011844662517578e-07,5.496830255593857e-06,7.618714515666885e-06
1077,2.996183527955948e-06,2.9445209724553045e-06,1.1371004645882767e-06
1078,5.070599925861209e-06,2.4967926574916233e-06,2.6476012632598645e-06
1079,3.2571495017145083e-07,7.555993866351083e-06,3.988086853086471e-06
1080,1.183510241815071e-06,3.0107392339474777e-06,-4.31206308688552e-08
1081,1.0278856968973432e-05,1.1174031522373641e-06,1.0682412363895352e-05
1082,4.233739605406873e-06,-6.54341824849236e-07,9.372713776418256e-06
1083,2.987734538346318e-06,2.6071516077433397e-06,4.449679259605908e-06
1084,7.264458360061578e-06,2.079464679026083e-06,6.5563182479140324e-06
1085,-1.7912662982622181e-07,1.8445352557254367e-06,5.959721448106984e-06
1086,2.9581744679346353e-06,5.842218479572064e-06,4.563986166180943e-06
1087,2.5540046281836375e-06,2.1220454285312798e-05,8.209465555031396e-06
1088,2.4866221489115933e-06,5.447032345877078e-06,2.5338585717355136e-06
1089,8.448075010740884e-06,2.0390944913013304e-06,7.083898767041346e-06
1090,8.580656690776765e-06,2.859206434030168e-06,6.078340799111271e-06
1091,6.989094651488501e-06,8.193653539082187e-06,3.239637706805909e-06
1092,2.795476524582617e-06,2.618705024225185e-06,4.643055831833549e-06
1093,4.557460502406473e-06,6.028636705137892e-06,2.621242446304806e-06
1094,4.549790278767414e-06,3.1321786880167416e-06,7.179979007898277e-06
1095,6.5762571832250755e-06,8.886227750831184e-06,4.42781644958957e-06
1096,6.344230578342597e-06,1.4965390656069217e-06,1.3036200424559548e-05
1097,4.015458618509873e-06,4.5837661367552485e-06,8.31896212297641e-06
1098,4.93644226280149e-06,3.6241081564772955e-06,2.562306975966548e-06
1099,3.5625661628737165e-06,9.478602212947823e-06,6.732535280189843e-06
1100,3.6654987642026264e-06,1.6862191916330977e-06,2.6625246069264584e-06
1101,2.7510020948191916e-06,6.58172050484031e-06,8.607677042414649e-06
1102,2.4514834330146516e-06,2.506806207881943e-06,6.634456081598895e-06
1103,7.426170021547202e-06,1.3289161958129294e-06,3.2871885622679642e-06
1104,6.867649478660998e-06,3.7685533937471284e-06,3.5800104974594797e-06
1105,7.173738576454468e-06,-6.847953865684156e-07,3.6755491517635976e-06
1106,4.390961160421149e-06,3.1283813679833716e-06,8.590577753791106e-06
1107,-5.643143323301037e-07,3.983330280268793e-06,5.032828408423803e-06
1108,2.314100272007858e-06,3.663267801143382e-06,7.108637392060689e-06
1109,3.601755772588059e-06,3.0870684137015264e-06,8.330847893207587e-06
1110,2.657568577001717e-06,1.7262833179383577e-06,9.032505782564476e-06
1111,1.016192414649006e-05,5.254972665374628e-06,8.214918893620651e-06
1112,4.1456804110910986e-06,5.684988742491726e-06,7.199952305868349e-06
1113,6.1455956889225355e-06,5.447592008709299e-07,1.1309072534610255e-05
1114,-1.9242625608242055e-07,6.220405889361395e-07,7.929689464125005e-06
1115,4.007433669893054e-06,6.5638078738688295e-06,8.30751976950888e-06
1116,1.8701007709168566e-06,7.04277183267832e-06,6.2685726943160905e-06
1117,1.2398644611397032e-06,3.831096399924015e-06,7.278289961209548e-06
1118,2.2760024072975964e-06,2.0612109390038454e-06,5.765368316375895e-06
1119,7.875173071664766e-07,2.800668313720607e-06,7.42930427638496e-06
1120,2.6015619707318336e-06,6.828328236456553e-06,7.62239155853128e-06
1121,2.5485922712948624e-06,1.0289991338456788e-05,5.703930799239228e-06
1122,1.878234041940255e-06,9.522811071125207e-06,7.287694855221238e-06
1123,4.724697657814199e-06,2.1026831973652653e-06,9.822427696563548e-06
1124,6.202586917838617e-06,2.9929759201147034e-06,8.91769553021956e-06
1125,5.22238258254097e-06,5.869612224231087e-06,1.4543088910483122e-05
1126,3.053678577155151e-06,6.617153723278594e-06,9.888793147702356e-06
1127,1.0107127416655817e-05,2.1752262791900366e-06,3.6705815422988894e-06
1128,1.1753142651896015e-06,4.223307515718287e-06,4.6684513252878e-06
1129,1.4291333745820308e-06,7.20353582801183e-06,9.489114693544182e-06
1130,4.672427530476574e-06,7.250139229696411e-06,7.218250905655915e-06
1131,4.7053355838350937e-07,5.941874757355059e-06,1.359710660107843e-05
1132,1.1954659543920812e-06,5.9875548453156295e-06,5.010792148454581e-06
1133,5.723282625691279e-06,7.032505742312075e-06,7.932961014971379e-06
1134,6.778640961211885e-06,4.619696983957073e-06,-4.7978943621204395e-08
1135,5.0770850752505865e-06,3.1861364312802654e-06,2.931910998464314e-06
1136,4.619447373195563e-06,3.889633506574071e-06,4.1414393598048024e-06
1137,4.2841028388952364e-06,6.152090230909597e-06,3.9453611612425974e-06
1138,3.7163136914999173e-06,3.465763108010216e-06,1.1532956079346715e-06
1139,1.9857713573085714e-06,2.586904894616719e-06,4.984688450524348e-06
1140,8.073659930046477e-06,3.4714973866689245e-06,3.932524287754701e-06
1141,2.2384962838648113e-06,4.8118560112406965e-06,4.523677691324596e-06
1142,3.3845830669826115e-06,5.2650889364309e-06,1.228023106517309e-06
1143,3.023419935572067e-06,8.154346085702765e-06,4.80749835839372e-06
1144,7.143828619160047e-06,4.577455589531144e-06,4.0460280258233815e-06
1145,1.3706740823374055e-06,7.04365532259886e-06,1.8392607329217766e-06
1146,5.671539955048022e-06,7.709876284651608e-06,3.4728477192273733e-06
1147,4.104438783678847e-06,7.990515109609365e-06,1.452804955828676e-05
1148,3.900806599007797e-06,2.6826795314741954e-06,6.8091771316968465e-06
1149,2.303242822124358e-07,1.1935519018432126e-06,1.052121200298524e-05
1150,1.0091856791006812e-05,6.254934139462195e-06,5.894280662413286e-06
1151,3.47624951724135e-06,3.4026287533729036e-06,9.790122162324657e-06
1152,4.8090385361463614e-06,4.684047656538443e-06,2.0581431217731266e-06
1153,1.772197557939496e-06,5.458261643551048e-06,1.5221711288713595e-05
1154,3.7210709267323714e-06,4.2149428989380674e-06,1.4066268792865113e-05
1155,3.7886897809802336e-06,1.3686819423965377e-06,2.8538289863304636e-06
1156,4.695366559785566e-06,4.059948466479713e-06,3.4354564260508267e-06
1157,4.857123958161078e-06,2.4113507196747727e-06,1.1204665417645904e-05
1158,6.440177513025597e-06,6.9882610073542344e-06,6.215243848774018e-06
1159,4.250798652554439e-06,4.208961009785405e-06,2.593698895782208e-06
1160,3.4974630471405417e-06,1.11938396895567e-05,8.101572606882282e-06
1161,7.967444574367368e-06,8.080181347675836e-06,8.439588102591855e-06
1162,3.50258491501057e-06,6.876425516225532e-06,1.307275212925218e-05
1163,3.6446801918657065e-06,4.11566425013313e-06,1.2464954125617731e-05
1164,3.430298636923927e-06,2.9307271980513026e-06,3.573976586867723e-06
1165,1.34243258529008e-06,9.222397502079057e-06,1.4679902420059641e-05
1166,1.8172406454386768e-06,6.1857462097980305e-06,1.1078700349787798e-05
1167,6.4527398758290445e-06,6.674068731648333e-06,8.639432646356183e-06
1168,4.24009261809273e-06,5.40271816455884e-06,1.168224999498307e-05
1169,9.890355885353046e-06,5.4869646633158e-06,8.575945597406337e-06
1170,3.7515858157144254e-06,3.5963601084407728e-06,5.597239334580327e-06
1171,6.835159916646373e-06,1.1208134827713835e-05,6.100004134546673e-06
1172,5.5849972009413966e-06,5.535721063357604e-06,1.124637839954381e-05
1173,5.554676754916891e-06,4.210971427208572e-06,8.321818011810832e-06
1174,7.036189629375932e-06,5.855729893510618e-06,1.2627485508450452e-05
1175,4.993317159626921e-06,1.0399720558051533e-05,2.6337454079250514e-06
1176,5.628142588782438e-06,1.1232830145098788e-05,5.020610759250752e-06
1177,2.8060466793999447e-06,5.951101528294974e-06,6.901664122408484e-06
1178,6.093212674355093e-06,7.230917836082103e-06,7.404856305863789e-06
1179,1.0314720800515315e-06,4.598235508008026e-06,9.888679182768124e-06
1180,4.832316100671976e-06,2.0909303454361373e-06,6.197835956271897e-06
1181,3.5899841918006395e-06,7.784378805644328e-06,6.820234401395003e-06
1182,7.973311868550485e-06,6.3025005263208466e-06,2.642622242681825e-06
1183,6.015427217016451e-06,9.636221122408125e-06,2.7852272718158176e-06
1184,7.043258770531684e-06,1.1518432864827604e-05,5.273713388782294e-06
1185,5.578440414602967e-06,2.034677167341184e-06,1.1210176703982809e-05
1186,8.946883532327625e-06,5.552149045363671e-06,8.583045982884888e-06
1187,4.051255086647139e-06,6.710498318053754e-06,4.075656639862548e-06
1188,2.8635899424695283e-06,1.8992520738392477e-06,4.859278864285144e-06
1189,4.477970518050306e-06,-3.6787983134490896e-07,8.76497965395608e-06
1190,3.1378546359247583e-06,4.109037875497606e-06,3.5984119083382894e-06
1191,,-2.0830697156388356e-06,4.080307119275928e-06
1192,,1.075871790848227e-06,6.240646604617347e-06
1193,,2.066832565695551e-06,1.0491072768698182e-05
1194,,3.6296459121224416e-06,2.4882539841606266e-06
1195,,6.804477077214247e-06,6.581682470066615e-06
1196,,4.260060292084652e-06,4.3453698445143246e-06
1197,,1.8613213563695116e-06,2.2402958488653176e-06
1198,,6.1385993244017025e-06,3.552682330885772e-06
1199,,1.417718109167031e-06,
1200,,1.2378993576244815e-06,
1201,,6.899383519724733e-07,
1202,,3.2122886187892167e-06,
1203,,1.419217688819908e-06,
1204,,1.2820606114185693e-06,
1205,,7.653598549837765e-06,
1206,,6.513764600138352e-06,
1207,,2.2113753647264973e-06,
1208,,5.043812863981746e-06,
1209,,2.426232591852364e-06,
1210,,1.4871043797159866e-05,
1211,,5.058208800266238e-06,
1212,,6.351110923877444e-06,
1213,,3.5739207480555536e-06,
1214,,1.8123512807112384e-06,
1215,,5.888974532154466e-07,
1216,,1.1720100569444116e-05,
1217,,1.6539947261987744e-06,
1218,,7.420685074171897e-06,
1219,,6.184226165293568e-06,
1220,,1.1773999438860306e-05,
1221,,2.8867876012988936e-06,
1222,,3.703213015912622e-06,
1223,,3.70852441739323e-06,
1224,,1.9915742606314884e-06,
1225,,2.4711810950534587e-06,
1226,,3.7929703982836852e-06,
1227,,5.672148609305331e-06,
1228,,1.0547117949110025e-05,
1229,,3.4231775968252635e-06,
1230,,5.762583253590213e-06,
1231,,1.3309795002009156e-06,
1232,,9.638743780336544e-06,
1233,,3.670477801584242e-06,
1234,,2.2825687854980864e-06,
1235,,1.95246542260515e-05,
1236,,4.887663444698894e-06,
1237,,6.751101572919927e-06,
1238,,2.9854470060361614e-06,
1239,,2.793645678895842e-06,
1240,,7.985862763425056e-06,
1241,,2.1339214831158175e-06,
1242,,5.651985105902702e-06,
1243,,4.717242050582228e-06,
1244,,2.700960174239651e-06,
1245,,4.906023876412255e-06,
1246,,2.6821291774196815e-06,
1247,,3.0110254831885994e-06,
1248,,3.0302129102241485e-06,
1249,,2.279761572822988e-06,
1250,,8.50945837027925e-06,
1251,,5.665889987624197e-06,
1252,,3.3871796833669944e-06,
1253,,8.761037737162012e-06,
1254,,3.831781940129694e-06,
1255,,4.050811343280187e-07,
1256,,-2.927095073612888e-07,
1257,,1.0694327525171561e-05,
1258,,5.657819815229758e-06,
